patient_id,doctor_id,admit_date,discharge_date,ward_type,status
1754,168,2024-07-26,2026-07-02,Private,Admitted
729,30,2026-02-06,2026-07-03,Private,Admitted
2822,46,2026-02-28,2026-06-14,General,Admitted
820,165,2026-04-10,2026-07-03,ICU,Discharged
1555,118,2024-12-15,2026-06-13,Emergency,Discharged
1346,85,2026-03-23,2026-06-12,Private,Admitted
2736,164,2025-12-24,2026-06-21,Emergency,Admitted
2860,84,2026-04-07,2026-06-21,ICU,Discharged
522,178,2025-12-09,2026-06-24,General,Under Observation
2622,167,2025-01-06,2026-06-18,ICU,Discharged
2965,29,2025-04-30,2026-06-18,Emergency,Under Observation
2555,41,2025-08-22,2026-06-13,Emergency,Under Observation
1628,39,2025-03-15,2026-06-14,ICU,Discharged
704,184,2025-02-12,2026-06-30,ICU,Admitted
2460,21,2024-07-26,2026-07-03,Private,Under Observation
500,137,2024-11-30,2026-06-29,Private,Under Observation
219,43,2026-02-02,2026-06-09,ICU,Under Observation
132,22,2026-02-15,2026-07-03,Private,Admitted
2816,109,2025-04-19,2026-07-05,ICU,Discharged
1123,8,2025-05-19,2026-06-18,Emergency,Admitted
484,193,2026-02-26,2026-07-04,Emergency,Under Observation
1416,198,2025-07-24,2026-07-04,Emergency,Under Observation
784,87,2025-12-16,2026-06-25,Private,Discharged
2007,118,2025-10-25,2026-06-09,General,Admitted
2927,22,2025-11-08,2026-07-03,ICU,Under Observation
964,2,2025-12-02,2026-06-21,General,Under Observation
2659,67,2024-11-11,2026-06-17,General,Under Observation
1158,40,2025-09-15,2026-07-03,Private,Admitted
64,180,2025-12-02,2026-06-16,Private,Admitted
792,30,2026-02-21,2026-06-16,ICU,Discharged
1440,105,2024-07-22,2026-06-17,General,Discharged
621,55,2025-08-05,2026-07-08,ICU,Admitted
2149,170,2024-08-04,2026-06-30,General,Admitted
1878,17,2025-11-11,2026-06-13,Emergency,Under Observation
532,15,2025-09-14,2026-06-15,Private,Under Observation
2338,87,2025-07-15,2026-06-16,ICU,Discharged
235,11,2026-04-21,2026-06-09,ICU,Under Observation
755,66,2026-05-02,2026-06-30,General,Discharged
994,90,2025-06-04,2026-06-13,General,Discharged
2693,4,2024-11-04,2026-06-25,Private,Under Observation
1934,71,2024-10-18,2026-06-30,Emergency,Under Observation
2774,50,2025-09-13,2026-06-24,Private,Under Observation
1048,130,2024-07-16,2026-06-25,Emergency,Discharged
2863,71,2025-01-09,2026-06-14,ICU,Under Observation
413,13,2025-06-23,2026-06-28,General,Discharged
940,60,2026-05-26,2026-06-27,Emergency,Under Observation
614,14,2024-10-16,2026-06-20,General,Admitted
294,19,2024-11-13,2026-06-30,General,Admitted
133,44,2025-01-10,2026-06-24,General,Discharged
1009,49,2025-02-27,2026-07-05,Private,Admitted
880,189,2025-03-12,2026-06-18,General,Discharged
2085,137,2025-11-04,2026-06-18,Emergency,Admitted
2761,80,2025-07-27,2026-06-17,General,Under Observation
187,199,2024-07-02,2026-07-01,Private,Discharged
2238,167,2025-07-13,2026-06-26,General,Under Observation
751,105,2024-10-29,2026-06-26,ICU,Admitted
2595,102,2025-09-08,2026-07-02,ICU,Admitted
598,90,2025-03-07,2026-06-17,ICU,Under Observation
445,183,2026-03-17,2026-06-13,Emergency,Under Observation
1612,7,2025-07-17,2026-06-12,ICU,Admitted
746,92,2026-05-11,2026-06-23,ICU,Admitted
2815,34,2025-11-20,2026-07-05,Emergency,Discharged
1914,162,2024-07-19,2026-06-18,Emergency,Admitted
1670,2,2024-12-07,2026-06-18,Private,Under Observation
953,130,2025-07-29,2026-06-18,General,Discharged
2886,57,2025-07-12,2026-06-21,General,Under Observation
1287,11,2025-08-07,2026-06-15,General,Under Observation
1976,84,2025-05-17,2026-06-24,ICU,Under Observation
2823,114,2024-08-09,2026-06-24,Emergency,Admitted
34,178,2025-06-05,2026-07-02,Emergency,Under Observation
1696,142,2025-07-25,2026-07-04,ICU,Under Observation
2949,134,2024-10-13,2026-07-04,General,Discharged
2366,39,2025-01-09,2026-06-20,Private,Admitted
1009,104,2024-10-30,2026-06-26,General,Discharged
1326,199,2025-01-03,2026-06-15,General,Under Observation
627,26,2025-02-22,2026-07-02,Private,Admitted
1208,181,2026-03-04,2026-06-10,ICU,Admitted
2758,127,2024-10-15,2026-06-25,Emergency,Under Observation
801,188,2025-06-17,2026-06-12,ICU,Discharged
1143,196,2026-04-25,2026-07-07,General,Discharged
2032,31,2026-02-04,2026-07-08,ICU,Admitted
1282,112,2026-01-09,2026-06-23,Private,Under Observation
2552,10,2025-07-08,2026-06-19,ICU,Under Observation
2475,96,2024-11-25,2026-06-21,Emergency,Discharged
2343,183,2025-03-03,2026-07-02,Emergency,Under Observation
2946,115,2025-01-06,2026-06-24,Emergency,Under Observation
2176,20,2024-12-23,2026-06-27,Private,Admitted
2801,115,2026-04-01,2026-06-27,ICU,Admitted
2328,35,2025-12-22,2026-07-01,Private,Under Observation
1254,92,2025-01-23,2026-06-18,Emergency,Under Observation
2578,179,2026-03-10,2026-06-23,ICU,Admitted
2393,181,2024-12-06,2026-06-18,Emergency,Discharged
2655,90,2025-11-30,2026-07-04,ICU,Discharged
1394,36,2026-04-03,2026-06-12,Private,Admitted
2968,139,2025-02-23,2026-07-03,ICU,Discharged
477,148,2026-02-09,2026-07-07,General,Discharged
2704,80,2025-08-05,2026-06-25,Emergency,Under Observation
678,19,2024-10-06,2026-06-14,ICU,Discharged
2486,154,2024-12-27,2026-06-15,ICU,Admitted
2937,36,2026-04-16,2026-06-19,Emergency,Admitted
211,177,2025-08-22,2026-07-07,Private,Admitted
1392,131,2024-11-19,2026-06-26,General,Discharged
1350,184,2025-04-01,2026-06-23,Private,Under Observation
2173,145,2024-09-09,2026-07-08,General,Under Observation
177,47,2025-10-05,2026-06-29,ICU,Admitted
938,106,2026-03-21,2026-06-11,Emergency,Discharged
2866,141,2024-10-11,2026-06-14,Emergency,Discharged
669,119,2025-04-11,2026-06-21,General,Admitted
278,61,2024-07-10,2026-06-09,Private,Under Observation
83,47,2026-03-08,2026-06-10,Emergency,Admitted
1451,50,2025-07-21,2026-06-29,Emergency,Under Observation
2323,89,2025-01-29,2026-07-06,Private,Discharged
2589,136,2025-09-19,2026-07-04,General,Discharged
1224,106,2026-03-06,2026-06-22,Private,Admitted
2492,140,2024-10-01,2026-06-30,General,Under Observation
1696,179,2025-03-27,2026-06-20,Emergency,Discharged
1281,194,2026-03-11,2026-06-11,ICU,Discharged
1482,15,2024-12-22,2026-06-23,ICU,Under Observation
143,78,2024-07-09,2026-07-01,ICU,Under Observation
2865,30,2024-09-26,2026-07-04,Emergency,Admitted
1058,185,2025-02-26,2026-06-18,General,Discharged
1721,54,2025-06-14,2026-07-04,General,Discharged
190,51,2025-12-31,2026-06-21,Private,Under Observation
2196,127,2025-06-20,2026-07-01,Private,Under Observation
403,165,2025-10-16,2026-06-29,Emergency,Admitted
2674,116,2024-09-01,2026-07-02,General,Admitted
333,29,2024-11-24,2026-06-13,General,Admitted
2136,31,2026-02-07,2026-06-22,Emergency,Admitted
1043,174,2025-04-10,2026-07-05,Emergency,Admitted
2755,6,2024-12-27,2026-06-17,ICU,Under Observation
1466,34,2024-08-18,2026-07-03,Private,Admitted
2801,161,2025-08-08,2026-06-26,Private,Discharged
2690,126,2025-01-27,2026-06-09,General,Under Observation
209,152,2024-07-20,2026-06-30,General,Under Observation
193,77,2025-06-21,2026-06-25,General,Discharged
1846,135,2024-08-01,2026-06-09,Private,Admitted
1192,13,2025-09-16,2026-06-17,ICU,Admitted
1850,118,2025-06-22,2026-06-14,General,Discharged
1217,36,2025-07-03,2026-06-20,ICU,Under Observation
2524,120,2026-05-27,2026-07-07,Emergency,Admitted
293,64,2024-10-28,2026-06-11,Emergency,Admitted
1928,129,2025-01-03,2026-06-16,General,Admitted
2282,147,2025-10-07,2026-06-27,General,Under Observation
404,7,2024-11-10,2026-06-25,General,Under Observation
1842,20,2025-05-20,2026-06-14,General,Under Observation
975,110,2026-05-20,2026-06-13,Private,Admitted
1941,103,2025-09-11,2026-06-14,Private,Admitted
1417,73,2025-10-07,2026-06-12,Emergency,Admitted
1021,179,2024-08-22,2026-06-26,General,Under Observation
1868,144,2026-02-09,2026-06-22,Private,Admitted
557,63,2026-02-13,2026-06-12,General,Discharged
160,91,2024-10-17,2026-07-01,Private,Under Observation
1494,174,2026-01-19,2026-06-09,Private,Under Observation
1458,70,2026-04-27,2026-06-25,General,Discharged
2214,10,2025-12-10,2026-07-03,Private,Admitted
2828,53,2024-09-09,2026-07-07,General,Admitted
2879,189,2025-09-21,2026-06-14,General,Admitted
1345,50,2025-12-21,2026-06-26,ICU,Under Observation
1911,123,2026-02-06,2026-07-06,ICU,Discharged
160,13,2025-12-20,2026-06-27,ICU,Admitted
2603,165,2025-03-29,2026-06-14,General,Admitted
2043,162,2025-05-13,2026-06-30,Private,Discharged
1950,105,2025-09-21,2026-07-08,General,Discharged
1348,6,2025-01-24,2026-07-08,Emergency,Discharged
353,115,2024-09-29,2026-07-07,General,Under Observation
2125,175,2024-07-17,2026-06-24,ICU,Under Observation
2103,126,2025-05-21,2026-06-17,Emergency,Under Observation
1288,185,2024-07-03,2026-06-09,Emergency,Discharged
177,174,2024-12-12,2026-07-03,ICU,Admitted
101,182,2026-02-13,2026-07-07,Emergency,Under Observation
2663,10,2025-03-12,2026-07-01,Emergency,Under Observation
884,171,2024-07-21,2026-07-03,Emergency,Discharged
530,188,2025-10-15,2026-06-11,Emergency,Under Observation
1227,106,2025-06-29,2026-06-16,General,Under Observation
1875,40,2025-04-16,2026-07-03,Emergency,Discharged
2350,156,2025-05-06,2026-06-19,ICU,Discharged
1177,42,2026-06-05,2026-06-22,Private,Admitted
1320,63,2026-06-08,2026-06-10,General,Discharged
1659,115,2025-03-19,2026-07-02,Private,Under Observation
139,69,2025-01-15,2026-06-26,ICU,Under Observation
2583,96,2024-08-01,2026-07-07,Private,Discharged
2345,152,2025-04-13,2026-06-18,ICU,Under Observation
1100,59,2025-09-07,2026-06-28,Emergency,Discharged
2192,190,2025-09-29,2026-06-27,Emergency,Under Observation
2780,168,2026-01-07,2026-07-06,Emergency,Admitted
418,128,2026-01-14,2026-07-03,ICU,Under Observation
1279,199,2024-09-29,2026-06-23,ICU,Under Observation
2472,61,2024-12-19,2026-06-28,Private,Admitted
2614,38,2025-09-28,2026-07-08,Private,Discharged
1860,200,2026-05-09,2026-06-15,ICU,Under Observation
2528,121,2025-03-10,2026-06-13,ICU,Discharged
1928,119,2025-08-19,2026-06-14,Private,Under Observation
2392,97,2024-07-21,2026-07-07,Private,Admitted
1037,63,2026-04-19,2026-06-30,Private,Discharged
2238,42,2025-02-05,2026-06-13,Emergency,Under Observation
1065,116,2024-11-01,2026-07-07,Private,Admitted
816,126,2025-08-17,2026-07-05,Emergency,Discharged
159,37,2025-10-08,2026-07-07,General,Discharged
261,84,2025-08-13,2026-07-03,Emergency,Admitted
820,86,2024-07-23,2026-06-14,Emergency,Under Observation
2619,82,2024-10-27,2026-06-26,Emergency,Admitted
937,128,2025-05-15,2026-07-07,General,Under Observation
2867,142,2024-06-08,2026-07-02,General,Under Observation
586,134,2024-12-19,2026-07-06,ICU,Under Observation
2648,189,2024-07-08,2026-06-22,Emergency,Discharged
1512,27,2025-01-05,2026-06-23,ICU,Under Observation
725,127,2025-01-21,2026-07-03,General,Admitted
2566,60,2024-10-03,2026-06-10,ICU,Under Observation
1450,51,2024-06-15,2026-06-24,Private,Under Observation
457,106,2026-05-23,2026-06-19,ICU,Admitted
1856,154,2025-08-20,2026-07-07,Private,Admitted
2267,43,2024-07-16,2026-06-22,General,Discharged
1389,40,2025-02-09,2026-06-22,ICU,Under Observation
1111,153,2025-05-29,2026-06-13,Emergency,Discharged
601,37,2025-07-16,2026-06-21,ICU,Admitted
1308,55,2025-01-15,2026-06-10,Emergency,Discharged
1890,73,2024-07-28,2026-06-19,Private,Discharged
1159,120,2025-04-26,2026-06-20,General,Discharged
1546,124,2024-07-24,2026-06-30,Private,Under Observation
2973,157,2025-08-16,2026-07-07,Emergency,Admitted
947,156,2025-09-17,2026-06-17,Private,Admitted
1298,131,2025-10-20,2026-07-03,Emergency,Under Observation
1323,36,2025-01-16,2026-06-09,ICU,Under Observation
419,22,2025-01-14,2026-06-27,Private,Admitted
2791,159,2024-12-09,2026-06-20,General,Admitted
392,177,2025-03-09,2026-07-05,Emergency,Admitted
323,200,2024-12-03,2026-06-13,Private,Discharged
1177,44,2025-09-13,2026-07-02,Private,Discharged
2798,104,2025-12-18,2026-06-12,ICU,Admitted
372,32,2026-01-07,2026-06-23,General,Discharged
1196,169,2024-09-09,2026-06-26,General,Discharged
1073,186,2026-04-18,2026-06-14,General,Admitted
1433,99,2025-02-26,2026-06-10,General,Under Observation
133,41,2024-10-06,2026-06-09,General,Admitted
1495,73,2024-12-01,2026-06-12,Private,Under Observation
1275,124,2025-08-02,2026-06-22,Emergency,Under Observation
2828,166,2025-07-18,2026-06-10,ICU,Under Observation
2365,70,2025-01-16,2026-07-04,ICU,Under Observation
1702,83,2026-04-11,2026-07-01,Private,Admitted
2429,107,2024-11-25,2026-06-17,ICU,Discharged
2892,189,2025-01-26,2026-06-19,Private,Admitted
2033,172,2025-03-18,2026-07-02,Private,Under Observation
888,13,2024-11-14,2026-06-25,ICU,Discharged
2865,30,2024-11-05,2026-06-27,ICU,Discharged
2164,183,2024-07-02,2026-06-17,Private,Discharged
213,178,2026-04-10,2026-06-27,General,Admitted
2816,173,2026-06-02,2026-06-30,Emergency,Admitted
779,110,2025-11-17,2026-06-14,General,Under Observation
762,159,2024-06-15,2026-06-19,Private,Under Observation
1715,163,2024-06-22,2026-06-25,Emergency,Under Observation
1529,83,2026-04-21,2026-06-14,Emergency,Admitted
2106,33,2025-04-22,2026-06-11,General,Discharged
1052,165,2025-08-28,2026-06-15,Emergency,Admitted
2053,116,2025-08-18,2026-06-27,Emergency,Under Observation
2201,77,2026-02-11,2026-06-30,General,Admitted
1246,20,2024-11-25,2026-06-09,ICU,Discharged
2681,127,2025-07-29,2026-06-22,ICU,Under Observation
1270,168,2024-12-28,2026-06-09,Emergency,Under Observation
1920,96,2026-05-25,2026-06-25,Private,Under Observation
2911,42,2025-07-28,2026-07-05,Private,Admitted
2422,132,2025-07-10,2026-07-01,Emergency,Admitted
1542,43,2025-01-04,2026-06-17,General,Admitted
68,81,2025-05-03,2026-07-05,General,Admitted
1325,197,2024-08-22,2026-06-13,Emergency,Admitted
1709,99,2025-10-27,2026-06-15,ICU,Under Observation
504,125,2025-08-08,2026-06-16,General,Admitted
2291,166,2024-09-20,2026-06-10,General,Under Observation
352,6,2025-06-06,2026-06-19,General,Discharged
2771,178,2025-05-29,2026-06-12,ICU,Under Observation
477,37,2025-06-08,2026-06-24,General,Discharged
2242,72,2024-12-07,2026-07-03,General,Admitted
2191,56,2024-10-13,2026-06-19,General,Discharged
1038,44,2024-08-02,2026-06-15,General,Discharged
1022,42,2024-08-07,2026-06-10,Emergency,Discharged
2074,81,2025-10-18,2026-07-08,ICU,Under Observation
1569,187,2024-12-15,2026-07-03,ICU,Under Observation
2777,90,2025-12-21,2026-07-07,ICU,Discharged
653,171,2025-03-13,2026-06-15,Emergency,Under Observation
1985,64,2026-02-01,2026-06-22,Private,Admitted
1383,139,2025-06-04,2026-06-29,General,Admitted
2668,48,2024-07-11,2026-06-27,General,Discharged
2943,84,2025-05-06,2026-06-18,Emergency,Under Observation
2836,104,2024-07-11,2026-06-20,Private,Under Observation
2198,36,2025-07-18,2026-06-26,General,Under Observation
2666,37,2025-02-01,2026-06-16,ICU,Discharged
568,37,2024-06-19,2026-07-03,ICU,Discharged
637,102,2025-07-15,2026-07-05,ICU,Admitted
1453,28,2026-05-06,2026-06-29,Private,Admitted
2014,66,2025-05-16,2026-06-14,Emergency,Admitted
2114,116,2024-06-21,2026-06-22,ICU,Under Observation
487,15,2024-08-21,2026-07-03,Emergency,Discharged
2988,27,2026-05-01,2026-07-07,Private,Under Observation
465,22,2026-01-15,2026-06-29,ICU,Discharged
368,8,2024-11-23,2026-06-18,Emergency,Admitted
1138,96,2024-10-12,2026-06-13,General,Admitted
1601,11,2025-06-08,2026-06-16,Emergency,Under Observation
985,53,2025-09-23,2026-07-03,Private,Under Observation
1751,85,2025-01-24,2026-06-14,Emergency,Under Observation
1840,181,2026-04-29,2026-06-19,ICU,Under Observation
1652,172,2025-10-13,2026-07-06,ICU,Discharged
572,28,2026-04-04,2026-06-20,Private,Admitted
1286,26,2025-08-26,2026-06-26,Private,Under Observation
1616,30,2025-08-09,2026-06-28,Private,Under Observation
1716,182,2026-05-03,2026-06-23,General,Discharged
126,8,2026-01-28,2026-07-08,ICU,Under Observation
235,150,2025-09-05,2026-06-20,General,Admitted
1898,70,2026-04-21,2026-06-15,Private,Admitted
2770,102,2024-12-18,2026-06-17,Private,Admitted
1947,20,2026-04-13,2026-06-11,Emergency,Discharged
1095,87,2025-02-03,2026-06-29,ICU,Discharged
2306,37,2026-03-26,2026-06-26,General,Admitted
100,153,2025-04-15,2026-06-24,ICU,Under Observation
2845,166,2026-02-06,2026-06-23,Private,Admitted
1137,196,2025-03-22,2026-06-15,Private,Admitted
2726,188,2024-11-10,2026-06-10,ICU,Under Observation
2906,162,2025-09-21,2026-06-25,ICU,Discharged
218,188,2026-05-16,2026-06-22,ICU,Discharged
18,116,2025-12-21,2026-06-27,General,Admitted
560,30,2024-09-05,2026-06-11,General,Under Observation
2458,159,2025-06-22,2026-06-12,ICU,Discharged
2850,88,2025-05-04,2026-06-24,General,Under Observation
1635,12,2025-12-02,2026-06-25,Private,Discharged
2705,49,2025-10-04,2026-06-14,Private,Admitted
2908,175,2024-09-03,2026-06-20,ICU,Discharged
2572,155,2025-01-22,2026-06-24,ICU,Under Observation
894,146,2024-12-24,2026-06-24,ICU,Admitted
857,47,2025-07-22,2026-06-24,Private,Discharged
1337,37,2025-07-11,2026-06-11,ICU,Admitted
281,43,2026-05-14,2026-07-06,Emergency,Under Observation
707,72,2026-03-08,2026-06-30,General,Discharged
635,61,2026-03-24,2026-06-21,ICU,Discharged
636,114,2025-07-26,2026-07-02,General,Discharged
2669,47,2025-09-24,2026-06-21,General,Under Observation
2655,121,2025-11-27,2026-06-20,ICU,Admitted
2331,3,2025-05-03,2026-06-30,General,Admitted
2830,117,2026-03-01,2026-06-26,Emergency,Discharged
448,162,2025-12-04,2026-06-10,ICU,Under Observation
811,170,2025-03-13,2026-06-27,Private,Discharged
340,2,2025-05-21,2026-06-21,Emergency,Discharged
589,24,2025-11-25,2026-07-01,Emergency,Under Observation
2132,20,2025-04-27,2026-06-20,General,Admitted
1119,136,2026-06-04,2026-06-17,ICU,Under Observation
1482,26,2025-11-11,2026-06-30,Emergency,Admitted
672,192,2026-04-12,2026-06-14,Emergency,Admitted
2561,60,2025-01-28,2026-07-03,Private,Admitted
2875,176,2026-01-19,2026-07-01,General,Under Observation
891,92,2024-11-26,2026-06-28,ICU,Admitted
2307,15,2025-11-02,2026-06-17,Emergency,Under Observation
2874,98,2025-06-03,2026-06-10,General,Under Observation
2384,1,2026-01-25,2026-06-14,Emergency,Admitted
1706,103,2024-11-21,2026-06-11,Private,Discharged
2985,145,2026-02-27,2026-06-22,ICU,Under Observation
27,158,2024-11-25,2026-06-21,Private,Discharged
2495,72,2024-12-28,2026-06-26,Private,Admitted
2997,163,2025-01-07,2026-06-25,Emergency,Admitted
2270,29,2026-05-27,2026-06-19,General,Admitted
909,198,2025-05-15,2026-06-27,ICU,Admitted
2545,115,2024-06-26,2026-07-02,ICU,Under Observation
1756,30,2025-10-06,2026-06-11,Emergency,Admitted
2340,111,2024-07-22,2026-06-09,Emergency,Admitted
982,52,2024-07-18,2026-06-12,General,Under Observation
1124,33,2025-10-15,2026-07-08,Private,Admitted
2966,148,2026-05-28,2026-06-27,General,Discharged
980,151,2025-02-02,2026-07-04,General,Admitted
2413,18,2026-03-30,2026-07-03,ICU,Admitted
346,47,2026-04-20,2026-07-05,General,Under Observation
1816,75,2024-11-21,2026-06-14,General,Under Observation
2420,20,2024-06-12,2026-07-02,ICU,Under Observation
285,178,2025-10-23,2026-06-20,ICU,Discharged
2967,72,2025-08-30,2026-06-22,General,Under Observation
833,126,2025-07-18,2026-06-26,Emergency,Under Observation
977,53,2024-08-13,2026-06-18,Emergency,Discharged
1439,195,2024-12-16,2026-06-12,General,Admitted
2563,14,2025-12-01,2026-06-20,Emergency,Under Observation
1175,51,2024-08-04,2026-06-18,General,Under Observation
1370,175,2025-08-10,2026-06-17,ICU,Under Observation
2412,5,2026-06-02,2026-07-03,General,Under Observation
401,133,2025-10-13,2026-06-22,General,Under Observation
2258,81,2024-12-30,2026-06-23,ICU,Under Observation
465,47,2026-01-13,2026-07-02,Private,Under Observation
2751,54,2025-11-27,2026-07-03,Emergency,Discharged
1846,105,2025-08-11,2026-06-25,General,Discharged
2554,193,2025-06-29,2026-06-18,General,Admitted
181,50,2025-11-06,2026-07-06,Private,Discharged
800,163,2024-07-25,2026-07-06,Emergency,Discharged
584,92,2024-06-19,2026-07-02,Emergency,Under Observation
2013,107,2025-07-16,2026-06-18,General,Discharged
2340,61,2025-11-26,2026-06-25,Private,Under Observation
380,61,2024-07-18,2026-06-21,General,Under Observation
2558,15,2026-03-27,2026-06-09,Emergency,Admitted
2883,200,2025-02-27,2026-06-18,ICU,Discharged
1484,2,2026-05-14,2026-07-04,Emergency,Under Observation
1330,146,2026-05-30,2026-07-06,Emergency,Discharged
2761,29,2026-03-26,2026-07-06,Emergency,Discharged
1703,15,2024-11-14,2026-06-18,Emergency,Under Observation
1540,52,2024-08-22,2026-06-24,Emergency,Discharged
57,191,2024-06-13,2026-06-28,Private,Discharged
2822,77,2025-05-05,2026-06-11,Private,Under Observation
2040,20,2025-03-27,2026-07-08,General,Admitted
544,183,2024-11-03,2026-06-09,Emergency,Discharged
1728,107,2025-10-12,2026-06-09,Private,Under Observation
50,133,2025-02-15,2026-06-20,Emergency,Discharged
382,66,2026-04-15,2026-06-26,General,Under Observation
2800,31,2024-07-26,2026-07-03,General,Under Observation
1949,124,2025-10-12,2026-07-03,Private,Discharged
1106,158,2024-08-16,2026-06-20,ICU,Under Observation
272,77,2026-03-23,2026-06-26,Emergency,Admitted
887,32,2024-06-10,2026-06-25,General,Under Observation
1076,148,2025-03-29,2026-07-02,Emergency,Under Observation
1068,131,2025-05-24,2026-07-03,ICU,Under Observation
2937,127,2025-10-01,2026-06-18,Private,Discharged
2922,97,2024-08-05,2026-06-26,Private,Under Observation
1129,29,2026-02-15,2026-06-20,ICU,Under Observation
344,57,2026-01-02,2026-06-10,General,Under Observation
1770,96,2024-10-11,2026-06-10,Emergency,Discharged
2023,67,2025-08-03,2026-06-20,Emergency,Admitted
1615,182,2026-04-20,2026-07-02,Private,Admitted
430,170,2026-05-18,2026-06-14,General,Discharged
2368,4,2024-08-23,2026-07-08,ICU,Discharged
1856,36,2025-06-27,2026-06-23,Private,Discharged
651,190,2025-03-13,2026-06-26,General,Discharged
2304,148,2024-09-10,2026-07-04,Private,Admitted
644,143,2024-12-22,2026-06-25,General,Admitted
911,150,2024-12-16,2026-06-28,General,Under Observation
980,19,2026-02-25,2026-06-09,Private,Under Observation
1578,76,2024-10-28,2026-07-07,Emergency,Discharged
1284,48,2026-02-20,2026-06-11,General,Under Observation
447,180,2026-03-07,2026-06-09,Private,Admitted
566,136,2024-08-19,2026-06-19,Emergency,Under Observation
1736,41,2025-01-27,2026-06-30,Private,Admitted
1177,30,2026-03-15,2026-07-05,ICU,Admitted
1842,135,2025-11-05,2026-07-07,Emergency,Admitted
2975,130,2026-03-07,2026-06-10,Emergency,Admitted
249,44,2025-03-27,2026-06-24,ICU,Under Observation
2020,80,2025-07-09,2026-07-07,ICU,Under Observation
2950,33,2026-04-23,2026-06-10,Private,Admitted
1278,14,2024-11-29,2026-06-30,Private,Discharged
2471,16,2026-05-14,2026-06-17,Private,Discharged
598,161,2024-09-03,2026-06-25,ICU,Discharged
196,162,2025-12-02,2026-07-07,Private,Under Observation
2926,104,2025-01-11,2026-06-23,Emergency,Admitted
922,179,2025-03-07,2026-07-04,ICU,Discharged
171,155,2025-09-12,2026-06-15,Emergency,Discharged
1723,180,2025-07-31,2026-06-13,Private,Admitted
1099,134,2025-07-28,2026-07-02,ICU,Under Observation
1901,60,2026-01-28,2026-06-09,General,Under Observation
394,180,2026-03-05,2026-06-17,Private,Admitted
1684,188,2025-02-25,2026-06-10,Private,Admitted
875,131,2025-11-18,2026-06-21,ICU,Admitted
2696,135,2025-02-24,2026-06-27,Emergency,Under Observation
2260,144,2026-04-03,2026-06-30,ICU,Discharged
495,113,2025-03-13,2026-07-03,General,Discharged
620,52,2025-05-07,2026-07-07,ICU,Admitted
541,40,2025-12-01,2026-06-22,Emergency,Admitted
1123,118,2026-05-18,2026-07-01,ICU,Admitted
1397,176,2024-07-12,2026-06-18,ICU,Under Observation
1033,69,2025-07-03,2026-06-28,Emergency,Discharged
2666,104,2024-08-21,2026-06-15,Private,Discharged
868,23,2026-05-23,2026-06-30,ICU,Under Observation
1560,177,2026-04-05,2026-06-23,ICU,Discharged
637,73,2026-02-03,2026-06-09,General,Discharged
1178,120,2025-08-09,2026-07-02,Private,Discharged
1770,172,2026-02-10,2026-06-23,ICU,Admitted
1193,166,2024-07-16,2026-06-21,Emergency,Under Observation
2726,88,2025-09-26,2026-06-14,Emergency,Under Observation
1656,172,2024-08-30,2026-06-12,ICU,Under Observation
2673,112,2026-05-28,2026-06-25,Private,Admitted
2562,111,2025-01-03,2026-06-28,General,Admitted
854,191,2024-09-28,2026-06-29,Emergency,Under Observation
2842,130,2025-03-24,2026-07-08,Private,Under Observation
921,132,2026-02-21,2026-06-21,ICU,Under Observation
1342,133,2025-01-01,2026-06-18,ICU,Under Observation
494,161,2025-08-14,2026-07-04,ICU,Admitted
1054,60,2025-05-26,2026-07-02,Emergency,Under Observation
2044,30,2025-10-09,2026-06-17,General,Admitted
313,29,2024-08-12,2026-07-05,Emergency,Admitted
61,150,2024-08-13,2026-07-04,Private,Discharged
121,173,2025-10-23,2026-06-30,General,Admitted
357,67,2025-06-10,2026-06-17,Emergency,Under Observation
318,131,2026-04-01,2026-07-05,Emergency,Discharged
2046,77,2025-01-01,2026-06-25,Emergency,Discharged
611,141,2025-10-24,2026-06-29,Emergency,Admitted
99,127,2026-05-01,2026-06-10,Private,Under Observation
2189,115,2026-06-06,2026-06-15,General,Discharged
816,13,2025-08-10,2026-06-25,Private,Discharged
2836,92,2025-08-02,2026-06-11,ICU,Admitted
660,185,2025-11-27,2026-06-13,Private,Discharged
1384,40,2025-10-08,2026-06-22,General,Admitted
2556,99,2024-12-27,2026-07-08,General,Discharged
635,186,2025-10-18,2026-06-25,Private,Admitted
183,26,2024-06-18,2026-06-24,Emergency,Discharged
1456,11,2026-02-26,2026-06-23,Private,Admitted
367,176,2026-05-21,2026-06-14,Emergency,Under Observation
1260,57,2026-02-05,2026-07-04,General,Discharged
959,137,2025-04-01,2026-07-02,General,Under Observation
2062,113,2025-07-20,2026-06-14,Private,Under Observation
61,155,2025-04-27,2026-06-16,General,Under Observation
2409,1,2026-02-26,2026-06-26,General,Admitted
317,136,2026-03-13,2026-07-08,Private,Discharged
1592,63,2024-10-09,2026-07-02,Emergency,Under Observation
2421,15,2026-03-17,2026-07-01,ICU,Admitted
2664,177,2024-11-21,2026-06-28,Private,Admitted
1870,177,2026-03-29,2026-06-12,Emergency,Admitted
2469,176,2025-11-08,2026-06-27,ICU,Discharged
542,166,2025-09-21,2026-06-14,Emergency,Discharged
1739,181,2025-04-11,2026-06-18,Emergency,Under Observation
648,121,2025-01-09,2026-06-25,ICU,Under Observation
1331,8,2024-07-21,2026-06-26,General,Discharged
635,138,2025-12-26,2026-07-02,General,Discharged
2029,60,2025-01-18,2026-06-22,Emergency,Discharged
860,97,2025-12-11,2026-06-27,General,Under Observation
2802,154,2024-06-13,2026-06-27,General,Under Observation
50,153,2025-12-10,2026-06-10,Private,Under Observation
675,179,2025-11-08,2026-06-28,ICU,Under Observation
1407,44,2025-09-25,2026-06-25,Private,Discharged
371,83,2024-08-06,2026-06-23,General,Discharged
188,46,2026-01-14,2026-06-19,Private,Under Observation
2591,192,2024-10-03,2026-06-26,General,Under Observation
981,68,2024-09-21,2026-06-26,General,Discharged
1317,134,2025-03-12,2026-06-14,Emergency,Under Observation
2022,40,2025-10-24,2026-06-27,ICU,Discharged
581,21,2025-09-20,2026-06-20,Private,Admitted
2518,25,2025-01-15,2026-06-24,Private,Discharged
2785,116,2024-10-26,2026-07-03,Emergency,Discharged
2451,92,2025-05-08,2026-07-07,General,Discharged
2084,22,2025-02-22,2026-06-13,Private,Under Observation
229,101,2025-12-27,2026-06-17,General,Discharged
1405,89,2025-04-11,2026-06-12,General,Discharged
496,121,2024-07-13,2026-06-09,ICU,Discharged
938,101,2024-07-10,2026-06-14,Private,Under Observation
609,41,2024-09-30,2026-06-23,Private,Admitted
2299,163,2025-08-18,2026-07-03,Private,Admitted
2002,148,2025-06-21,2026-06-18,Emergency,Discharged
1844,152,2026-03-29,2026-07-01,Emergency,Under Observation
2729,28,2024-09-30,2026-06-14,ICU,Discharged
2351,126,2025-12-13,2026-06-10,Private,Under Observation
2383,166,2026-03-26,2026-07-01,Private,Admitted
2025,28,2025-07-13,2026-06-24,General,Admitted
439,59,2025-05-11,2026-07-01,Emergency,Admitted
439,164,2025-04-14,2026-06-17,Private,Under Observation
1511,97,2025-10-06,2026-07-02,Emergency,Discharged
1983,96,2025-07-30,2026-06-18,ICU,Discharged
2739,103,2024-06-26,2026-07-07,General,Admitted
1476,109,2025-06-22,2026-06-29,Emergency,Under Observation
2466,72,2026-02-12,2026-06-29,Private,Under Observation
1080,137,2024-11-14,2026-07-02,Private,Discharged
2963,159,2025-10-18,2026-07-04,Private,Admitted
2552,180,2024-11-21,2026-06-22,Private,Admitted
1015,36,2025-10-18,2026-07-01,ICU,Under Observation
155,26,2026-03-18,2026-07-01,General,Discharged
981,46,2026-02-15,2026-07-06,Private,Discharged
80,136,2025-04-05,2026-07-06,ICU,Under Observation
2485,144,2026-03-09,2026-06-12,General,Discharged
2137,104,2024-11-30,2026-06-14,General,Admitted
1201,10,2025-09-24,2026-07-05,Emergency,Under Observation
1337,116,2026-05-02,2026-06-26,Private,Admitted
1308,133,2026-03-18,2026-06-30,ICU,Under Observation
24,80,2025-02-08,2026-06-27,Private,Discharged
2440,108,2026-01-01,2026-06-27,ICU,Admitted
1128,45,2024-12-03,2026-06-22,General,Under Observation
1044,191,2025-02-09,2026-07-08,ICU,Under Observation
1285,8,2025-11-07,2026-06-26,Emergency,Admitted
740,97,2024-08-25,2026-07-03,ICU,Discharged
1325,80,2026-04-28,2026-07-08,General,Discharged
1445,18,2025-06-24,2026-06-12,Emergency,Admitted
130,11,2026-03-25,2026-06-16,Emergency,Discharged
943,152,2024-09-24,2026-06-20,General,Admitted
2568,175,2024-10-27,2026-06-20,ICU,Under Observation
426,177,2025-04-26,2026-06-24,General,Discharged
2664,23,2025-08-01,2026-06-27,Emergency,Under Observation
549,124,2025-10-14,2026-06-12,Private,Discharged
912,32,2026-04-22,2026-06-28,Private,Discharged
444,173,2025-08-07,2026-06-19,General,Admitted
1336,56,2025-02-11,2026-06-14,Emergency,Discharged
844,81,2025-12-14,2026-07-08,Emergency,Admitted
292,174,2026-04-03,2026-07-05,Private,Admitted
2843,54,2024-09-12,2026-06-11,ICU,Admitted
2386,117,2024-10-09,2026-07-03,General,Admitted
2859,105,2025-03-14,2026-06-20,General,Discharged
154,48,2025-01-06,2026-06-21,ICU,Discharged
2747,126,2025-05-19,2026-06-25,Private,Discharged
688,66,2026-04-15,2026-06-21,ICU,Discharged
1138,31,2024-11-11,2026-06-20,Emergency,Admitted
27,53,2025-12-12,2026-06-09,ICU,Under Observation
1555,66,2026-01-09,2026-06-30,General,Discharged
2863,68,2025-12-11,2026-06-14,Emergency,Admitted
2525,151,2025-09-10,2026-06-29,Private,Discharged
1947,9,2026-01-28,2026-06-17,Private,Under Observation
1502,123,2025-03-21,2026-06-23,Private,Under Observation
327,184,2026-04-29,2026-07-04,Private,Admitted
2647,106,2025-09-12,2026-06-24,General,Under Observation
1336,120,2025-04-07,2026-06-17,Emergency,Discharged
1828,114,2025-03-26,2026-06-19,ICU,Under Observation
431,168,2026-03-25,2026-06-21,Emergency,Discharged
428,50,2024-09-03,2026-06-23,Emergency,Under Observation
1459,37,2024-07-14,2026-06-09,Private,Admitted
367,175,2025-04-29,2026-06-14,General,Discharged
1006,166,2025-11-05,2026-06-16,Emergency,Under Observation
2707,124,2024-11-23,2026-06-28,General,Discharged
210,30,2025-08-07,2026-07-03,Emergency,Discharged
1028,158,2025-03-01,2026-06-28,Private,Discharged
2588,42,2024-09-02,2026-07-05,ICU,Discharged
730,149,2025-08-22,2026-06-10,ICU,Discharged
1629,119,2025-02-05,2026-07-06,Private,Discharged
2556,182,2025-11-26,2026-06-17,ICU,Admitted
1733,9,2025-04-13,2026-06-18,ICU,Admitted
2073,46,2025-06-30,2026-06-19,Private,Admitted
475,73,2025-03-31,2026-06-24,General,Discharged
1664,50,2025-07-10,2026-06-11,Private,Discharged
1171,6,2026-04-01,2026-06-14,ICU,Under Observation
1362,84,2025-04-25,2026-06-23,Emergency,Discharged
2070,31,2025-02-20,2026-06-23,Emergency,Under Observation
2808,140,2024-08-18,2026-07-01,Private,Under Observation
190,145,2024-07-29,2026-07-04,Emergency,Under Observation
2386,136,2025-03-11,2026-06-28,ICU,Under Observation
380,42,2025-12-22,2026-06-30,ICU,Admitted
2934,12,2025-10-15,2026-06-30,General,Discharged
388,110,2024-12-28,2026-06-13,ICU,Under Observation
2303,27,2024-12-16,2026-06-15,General,Under Observation
1172,15,2026-05-11,2026-06-23,Private,Under Observation
2240,169,2026-02-20,2026-07-02,ICU,Admitted
2651,16,2024-10-21,2026-06-15,ICU,Discharged
2856,139,2025-04-21,2026-06-25,Emergency,Discharged
920,195,2024-08-08,2026-06-21,Emergency,Discharged
2060,6,2024-09-13,2026-06-09,ICU,Under Observation
621,72,2026-01-01,2026-06-19,Private,Under Observation
1088,94,2026-05-20,2026-07-04,Emergency,Admitted
2257,30,2026-05-27,2026-06-20,Private,Discharged
2155,166,2025-11-26,2026-06-29,ICU,Discharged
1739,179,2025-05-29,2026-06-14,ICU,Discharged
212,82,2025-03-25,2026-06-17,General,Under Observation
1719,39,2025-10-18,2026-06-22,Private,Discharged
2175,119,2024-11-21,2026-06-30,ICU,Discharged
2311,144,2025-06-15,2026-06-25,Private,Admitted
1513,162,2025-11-26,2026-06-23,Private,Discharged
2620,56,2026-05-24,2026-06-30,ICU,Admitted
2426,2,2026-02-27,2026-06-26,General,Under Observation
1937,11,2025-02-02,2026-06-16,General,Under Observation
1783,88,2026-03-05,2026-06-19,Private,Discharged
59,160,2024-07-04,2026-07-06,Private,Under Observation
2151,21,2026-04-19,2026-06-13,ICU,Under Observation
191,68,2024-09-01,2026-06-21,Emergency,Admitted
2424,132,2024-10-09,2026-06-21,Private,Under Observation
1681,50,2025-11-21,2026-06-27,ICU,Under Observation
2390,6,2026-04-24,2026-06-19,ICU,Admitted
2851,34,2026-04-16,2026-06-21,ICU,Admitted
1265,90,2026-04-29,2026-06-12,Private,Discharged
1730,137,2024-07-19,2026-06-29,Emergency,Under Observation
195,163,2024-10-19,2026-06-10,Private,Discharged
484,83,2024-06-20,2026-07-08,Private,Admitted
2105,113,2025-06-22,2026-06-27,Private,Admitted
2165,109,2025-09-12,2026-06-29,Private,Discharged
2964,141,2025-08-04,2026-06-19,Emergency,Discharged
575,156,2026-03-23,2026-06-11,ICU,Discharged
473,3,2025-10-25,2026-06-29,ICU,Admitted
2265,14,2026-03-07,2026-06-17,General,Discharged
1907,199,2026-03-26,2026-07-07,ICU,Under Observation
134,173,2025-08-10,2026-06-29,General,Discharged
233,184,2024-09-17,2026-06-22,ICU,Admitted
2831,57,2024-12-14,2026-06-22,General,Under Observation
750,178,2025-06-21,2026-06-30,Private,Discharged
2245,95,2024-11-07,2026-06-09,Emergency,Admitted
2343,84,2025-11-03,2026-06-13,General,Admitted
1349,117,2026-03-08,2026-06-16,Private,Under Observation
447,86,2024-07-03,2026-07-07,Emergency,Admitted
1925,181,2024-11-24,2026-06-18,General,Admitted
631,157,2024-12-06,2026-06-19,ICU,Admitted
1630,30,2026-02-10,2026-06-29,Emergency,Admitted
881,7,2025-11-03,2026-06-30,General,Discharged
2160,196,2024-08-03,2026-06-22,Emergency,Admitted
2668,138,2025-09-12,2026-06-29,Private,Discharged
2520,186,2025-01-25,2026-06-24,Private,Under Observation
2008,141,2025-11-18,2026-07-05,ICU,Under Observation
2978,154,2024-12-09,2026-06-22,Private,Admitted
627,126,2025-10-26,2026-07-04,Private,Discharged
2539,68,2025-08-21,2026-06-09,ICU,Discharged
368,33,2026-03-24,2026-06-21,General,Discharged
53,28,2026-04-24,2026-06-12,Private,Admitted
2135,115,2025-03-10,2026-06-09,Emergency,Discharged
1277,179,2026-01-03,2026-06-17,ICU,Admitted
2855,70,2024-09-09,2026-06-13,Private,Under Observation
2558,73,2025-09-22,2026-07-08,ICU,Discharged
355,3,2024-10-07,2026-06-23,General,Under Observation
2808,180,2026-01-26,2026-06-09,ICU,Discharged
900,160,2025-08-06,2026-06-26,Private,Under Observation
189,153,2024-10-24,2026-06-29,Emergency,Admitted
1082,51,2026-03-29,2026-06-26,General,Admitted
156,118,2024-06-13,2026-06-22,General,Under Observation
2139,63,2025-07-12,2026-06-16,Private,Discharged
52,128,2026-05-12,2026-06-18,Emergency,Under Observation
1012,60,2025-08-06,2026-06-19,Emergency,Discharged
72,177,2025-06-02,2026-06-09,Private,Discharged
1090,93,2025-09-05,2026-06-20,Emergency,Discharged
967,196,2025-07-23,2026-06-14,Emergency,Under Observation
1447,90,2026-02-16,2026-06-18,Emergency,Under Observation
941,103,2025-08-23,2026-06-24,Private,Admitted
819,80,2026-06-08,2026-06-30,General,Discharged
2809,142,2024-09-21,2026-07-01,General,Under Observation
1736,129,2025-05-27,2026-06-09,Private,Admitted
2062,47,2024-10-03,2026-06-15,ICU,Admitted
381,184,2024-12-07,2026-07-01,Emergency,Under Observation
1021,195,2026-03-15,2026-07-01,ICU,Admitted
1496,96,2025-02-12,2026-07-04,General,Under Observation
740,23,2025-02-28,2026-07-08,ICU,Under Observation
428,92,2026-03-16,2026-07-05,Emergency,Admitted
2201,184,2025-04-17,2026-07-01,Private,Discharged
442,178,2025-08-04,2026-07-01,ICU,Under Observation
1244,110,2024-08-30,2026-06-15,General,Discharged
172,147,2024-07-30,2026-06-12,ICU,Discharged
909,161,2024-07-30,2026-07-05,Private,Discharged
1131,74,2025-08-10,2026-06-22,Emergency,Under Observation
1808,108,2025-06-12,2026-07-02,General,Admitted
2595,83,2026-02-04,2026-06-25,ICU,Discharged
1734,22,2024-11-22,2026-06-12,Private,Admitted
602,191,2025-01-15,2026-06-25,Emergency,Admitted
2922,38,2026-04-01,2026-07-02,Private,Under Observation
623,171,2025-09-08,2026-06-13,Private,Admitted
1463,70,2025-10-16,2026-07-05,Emergency,Under Observation
2095,104,2024-06-13,2026-06-27,Private,Admitted
563,139,2025-07-14,2026-07-04,Emergency,Admitted
291,105,2025-12-30,2026-06-22,Private,Admitted
1868,74,2025-12-15,2026-06-15,Private,Discharged
1371,8,2024-07-21,2026-06-24,Private,Admitted
80,33,2025-09-26,2026-07-01,ICU,Admitted
516,134,2026-05-20,2026-07-06,Private,Discharged
2149,85,2025-03-10,2026-07-02,Emergency,Discharged
2792,25,2024-08-19,2026-06-10,Private,Under Observation
1101,145,2025-03-01,2026-07-06,Emergency,Under Observation
1025,87,2025-05-25,2026-07-02,General,Under Observation
128,23,2024-09-27,2026-06-23,Emergency,Discharged
2659,174,2025-09-08,2026-06-09,Private,Admitted
2846,132,2024-12-19,2026-07-01,ICU,Under Observation
568,4,2026-02-04,2026-06-30,Private,Discharged
1928,153,2026-01-23,2026-07-05,Private,Discharged
1602,33,2026-05-11,2026-06-26,Emergency,Admitted
598,8,2024-07-25,2026-06-10,ICU,Admitted
1142,185,2025-06-14,2026-06-19,Private,Admitted
1095,145,2025-03-13,2026-06-16,General,Discharged
2952,40,2026-05-20,2026-07-07,Private,Discharged
2109,148,2026-01-02,2026-06-18,Private,Admitted
1165,51,2026-04-09,2026-06-18,ICU,Discharged
2425,55,2025-10-08,2026-06-28,Private,Under Observation
1059,82,2025-02-23,2026-06-24,Emergency,Admitted
1151,153,2026-05-23,2026-06-20,General,Admitted
1693,59,2025-08-14,2026-06-15,General,Under Observation
1624,179,2025-07-18,2026-06-28,Private,Discharged
2163,143,2024-09-05,2026-06-16,Private,Admitted
2602,3,2026-04-18,2026-06-21,General,Discharged
346,1,2025-09-14,2026-06-14,ICU,Under Observation
356,169,2025-09-21,2026-06-20,Private,Under Observation
902,17,2025-12-02,2026-06-23,Private,Discharged
2107,9,2025-08-25,2026-06-25,Emergency,Admitted
2538,143,2025-11-05,2026-07-01,General,Under Observation
2544,137,2025-05-10,2026-06-21,ICU,Under Observation
977,103,2024-09-18,2026-07-01,ICU,Under Observation
1985,35,2025-08-29,2026-06-26,Private,Admitted
1777,124,2025-09-25,2026-06-28,General,Discharged
1735,199,2026-02-15,2026-06-19,ICU,Under Observation
418,37,2026-05-08,2026-06-28,Private,Discharged
112,87,2025-12-13,2026-06-16,ICU,Admitted
220,93,2025-02-13,2026-06-18,Emergency,Under Observation
556,57,2025-04-08,2026-06-27,General,Under Observation
2467,17,2025-04-14,2026-07-02,Emergency,Admitted
800,162,2026-05-27,2026-06-09,General,Under Observation
394,47,2025-04-11,2026-06-22,General,Under Observation
2650,99,2025-06-26,2026-07-06,General,Admitted
1325,51,2024-08-30,2026-06-14,Private,Under Observation
2798,167,2024-10-25,2026-06-20,Private,Under Observation
1475,84,2025-05-22,2026-07-06,ICU,Under Observation
626,198,2025-03-14,2026-07-01,Private,Discharged
2886,15,2025-05-06,2026-06-09,General,Under Observation
2829,129,2026-05-20,2026-06-30,General,Discharged
987,2,2025-10-27,2026-06-15,General,Discharged
6,102,2024-12-11,2026-07-05,Emergency,Under Observation
2660,60,2026-05-02,2026-07-04,Private,Admitted
459,101,2024-06-14,2026-07-02,General,Admitted
2340,70,2025-07-14,2026-06-29,Private,Under Observation
360,49,2025-06-19,2026-06-22,ICU,Under Observation
2625,132,2025-01-05,2026-06-24,Emergency,Admitted
2465,23,2024-07-21,2026-07-03,Emergency,Under Observation
177,6,2025-10-04,2026-06-28,Private,Under Observation
2757,168,2025-05-25,2026-06-15,Emergency,Discharged
1532,163,2024-07-06,2026-07-06,General,Discharged
1834,58,2026-05-22,2026-07-05,ICU,Discharged
1419,100,2025-03-02,2026-06-24,ICU,Under Observation
2707,81,2026-05-08,2026-06-12,Emergency,Under Observation
438,1,2025-07-11,2026-06-23,Emergency,Discharged
2066,114,2025-03-30,2026-07-08,Private,Under Observation
368,90,2025-10-09,2026-07-07,General,Under Observation
223,67,2025-10-21,2026-06-11,Private,Admitted
1291,119,2026-04-24,2026-07-04,ICU,Admitted
1683,174,2025-07-28,2026-06-21,Emergency,Discharged
523,81,2024-10-21,2026-07-08,Emergency,Under Observation
2786,27,2024-09-01,2026-06-30,Emergency,Under Observation
2160,52,2026-03-09,2026-06-24,General,Under Observation
923,54,2024-10-09,2026-06-29,General,Under Observation
513,129,2025-07-09,2026-07-02,Emergency,Discharged
167,75,2025-03-12,2026-07-04,Private,Admitted
379,1,2026-03-16,2026-06-16,Emergency,Admitted
1013,16,2025-02-02,2026-07-06,Emergency,Discharged
2258,152,2026-03-22,2026-06-23,General,Admitted
1497,170,2025-12-27,2026-07-04,Emergency,Discharged
1397,15,2025-10-15,2026-06-09,Private,Admitted
2625,166,2025-07-04,2026-06-28,Private,Discharged
1879,23,2025-08-04,2026-06-20,General,Admitted
2895,12,2024-11-19,2026-06-16,Emergency,Admitted
2965,111,2025-02-28,2026-06-17,Private,Under Observation
1083,148,2025-02-12,2026-06-22,General,Discharged
1371,174,2024-07-12,2026-06-10,Emergency,Admitted
1806,66,2025-01-28,2026-06-20,Emergency,Admitted
2303,170,2025-07-03,2026-06-15,General,Discharged
462,16,2025-07-08,2026-06-16,ICU,Discharged
744,52,2025-07-08,2026-07-03,ICU,Admitted
293,19,2025-05-30,2026-06-22,ICU,Under Observation
1832,198,2025-08-16,2026-06-09,ICU,Discharged
1483,135,2026-02-14,2026-07-07,Private,Discharged
2985,59,2025-03-23,2026-06-25,General,Discharged
1521,108,2025-07-13,2026-06-30,ICU,Admitted
2902,116,2025-07-06,2026-06-28,Private,Admitted
720,176,2024-06-20,2026-06-24,ICU,Admitted
2582,107,2024-08-09,2026-06-30,Emergency,Under Observation
2311,175,2025-03-15,2026-06-16,Private,Discharged
1278,111,2025-04-01,2026-06-18,ICU,Under Observation
238,118,2025-02-05,2026-06-11,Private,Discharged
806,173,2026-05-14,2026-06-28,Private,Under Observation
658,30,2025-11-18,2026-07-05,Emergency,Admitted
2991,41,2025-01-22,2026-07-06,Private,Discharged
2641,162,2025-12-25,2026-06-12,Private,Under Observation
1970,71,2024-06-14,2026-06-13,General,Discharged
1352,118,2024-06-28,2026-06-21,ICU,Admitted
1494,105,2024-10-09,2026-06-18,ICU,Discharged
2607,130,2026-01-07,2026-07-07,ICU,Discharged
2305,52,2025-03-11,2026-07-07,ICU,Under Observation
1164,185,2024-11-02,2026-07-02,ICU,Admitted
1868,160,2025-06-02,2026-06-30,General,Discharged
1008,41,2025-09-13,2026-06-16,ICU,Under Observation
654,131,2024-11-28,2026-06-15,Emergency,Discharged
1401,102,2025-05-05,2026-06-24,Emergency,Discharged
1138,23,2025-09-11,2026-07-01,General,Discharged
616,119,2026-02-02,2026-07-03,Emergency,Discharged
1347,125,2024-06-09,2026-06-28,General,Admitted
2848,76,2026-03-02,2026-06-15,General,Under Observation
1862,51,2026-04-24,2026-06-13,Private,Discharged
1652,1,2026-04-29,2026-06-25,Emergency,Admitted
2817,163,2025-09-20,2026-06-29,Private,Under Observation
1204,68,2026-03-11,2026-06-16,Emergency,Under Observation
2090,90,2025-12-16,2026-06-17,Private,Discharged
475,129,2024-11-21,2026-06-16,ICU,Under Observation
2878,93,2026-04-12,2026-06-26,Emergency,Under Observation
1334,100,2026-01-29,2026-06-13,Emergency,Under Observation
596,138,2024-07-27,2026-06-22,Private,Under Observation
1848,194,2026-04-17,2026-06-30,ICU,Discharged
1603,152,2024-11-04,2026-07-01,General,Admitted
2427,129,2026-03-24,2026-07-04,Emergency,Admitted
111,110,2025-12-21,2026-06-15,ICU,Under Observation
620,29,2026-04-22,2026-06-28,ICU,Admitted
926,1,2025-12-06,2026-06-24,ICU,Discharged
1039,14,2026-05-04,2026-07-03,General,Discharged
1233,29,2026-06-08,2026-07-07,Emergency,Under Observation
2056,190,2024-12-22,2026-06-16,Private,Under Observation
270,31,2026-05-30,2026-07-05,General,Admitted
2572,108,2024-10-29,2026-07-03,General,Under Observation
401,173,2025-02-05,2026-07-04,Emergency,Admitted
1109,141,2025-03-27,2026-06-29,ICU,Admitted
1257,110,2025-08-01,2026-07-08,ICU,Admitted
2093,170,2025-10-30,2026-06-26,General,Under Observation
2017,87,2025-05-15,2026-06-27,General,Admitted
418,93,2025-02-23,2026-06-30,Private,Under Observation
2571,158,2026-01-04,2026-06-28,Private,Admitted
2416,172,2026-04-30,2026-06-26,General,Under Observation
2243,50,2026-01-09,2026-07-04,Private,Admitted
2188,69,2025-08-09,2026-07-04,Private,Admitted
2243,102,2025-12-05,2026-06-13,General,Admitted
74,134,2024-09-03,2026-06-10,ICU,Admitted
2372,4,2025-11-02,2026-06-20,Private,Discharged
2280,50,2025-01-16,2026-06-23,ICU,Admitted
1299,44,2026-01-01,2026-07-06,General,Admitted
190,98,2025-06-13,2026-07-08,General,Admitted
977,95,2024-08-15,2026-06-10,General,Under Observation
1365,130,2025-02-26,2026-06-25,General,Under Observation
2286,44,2025-06-21,2026-06-16,Private,Discharged
489,127,2025-09-12,2026-06-10,Emergency,Under Observation
1287,2,2025-09-19,2026-06-25,Private,Under Observation
2114,76,2026-05-01,2026-07-06,Emergency,Discharged
944,162,2025-08-23,2026-06-26,General,Under Observation
1023,172,2025-07-31,2026-06-11,Emergency,Admitted
819,47,2025-12-23,2026-06-09,General,Admitted
1532,118,2026-02-18,2026-06-20,Emergency,Under Observation
2043,106,2024-10-07,2026-06-16,ICU,Discharged
269,62,2026-01-02,2026-06-09,Emergency,Admitted
27,13,2025-08-28,2026-06-25,General,Admitted
2569,25,2025-02-22,2026-06-22,Emergency,Discharged
1288,176,2025-05-04,2026-06-14,ICU,Under Observation
1577,71,2024-09-25,2026-07-03,ICU,Discharged
697,88,2024-07-20,2026-06-29,ICU,Admitted
893,63,2025-09-25,2026-06-27,ICU,Discharged
273,198,2024-06-15,2026-06-12,ICU,Discharged
1042,45,2025-09-29,2026-06-23,ICU,Discharged
1570,45,2026-04-02,2026-06-26,Emergency,Under Observation
737,191,2025-03-28,2026-06-21,Private,Discharged
2718,31,2024-12-07,2026-07-05,General,Under Observation
2060,100,2025-01-05,2026-06-28,Emergency,Discharged
1842,128,2024-07-31,2026-06-25,Private,Discharged
1086,64,2025-10-28,2026-06-17,Emergency,Under Observation
1563,70,2025-05-25,2026-06-23,Emergency,Admitted
2742,166,2025-05-15,2026-06-16,General,Discharged
2518,44,2024-12-23,2026-06-12,ICU,Admitted
2803,86,2025-11-02,2026-06-25,ICU,Under Observation
448,120,2025-03-06,2026-06-21,General,Under Observation
1381,146,2026-01-08,2026-07-03,General,Discharged
1133,121,2025-01-02,2026-07-05,Emergency,Admitted
1900,4,2026-05-06,2026-06-21,Private,Under Observation
1511,107,2025-09-22,2026-06-28,Private,Discharged
952,62,2025-02-06,2026-06-20,Private,Discharged
365,193,2025-03-02,2026-06-27,Emergency,Admitted
554,181,2025-01-20,2026-07-05,Private,Admitted
1340,127,2024-09-15,2026-06-26,General,Discharged
1736,135,2025-03-21,2026-06-22,Emergency,Discharged
2620,147,2025-08-09,2026-07-04,General,Admitted
173,91,2026-05-30,2026-06-17,ICU,Under Observation
2725,134,2024-06-08,2026-06-18,General,Discharged
875,190,2025-09-10,2026-06-28,Private,Under Observation
1734,130,2025-12-16,2026-06-20,ICU,Under Observation
1792,16,2024-07-09,2026-07-03,General,Discharged
975,104,2025-12-14,2026-06-23,General,Under Observation
846,148,2025-11-06,2026-06-29,Emergency,Under Observation
646,57,2024-12-22,2026-06-20,ICU,Under Observation
2325,91,2026-02-21,2026-06-25,General,Admitted
888,191,2025-12-05,2026-06-21,Private,Admitted
1523,129,2025-12-10,2026-06-11,Private,Discharged
2730,16,2024-09-14,2026-06-28,Emergency,Admitted
304,157,2025-04-02,2026-07-03,General,Under Observation
838,53,2024-06-20,2026-06-09,Emergency,Admitted
1611,176,2026-02-01,2026-06-28,Private,Discharged
275,81,2024-09-01,2026-06-17,ICU,Discharged
479,41,2025-11-02,2026-06-25,Private,Admitted
1368,136,2024-11-28,2026-07-05,ICU,Under Observation
2474,37,2025-12-05,2026-06-19,Emergency,Admitted
1647,153,2026-05-31,2026-07-03,General,Discharged
1714,95,2025-04-13,2026-06-22,General,Admitted
1001,158,2024-08-09,2026-07-08,Private,Discharged
1700,198,2025-01-04,2026-06-25,General,Discharged
1231,25,2025-01-06,2026-06-29,Emergency,Admitted
534,36,2026-03-17,2026-06-16,General,Admitted
2849,111,2024-09-08,2026-06-10,Private,Under Observation
871,101,2025-03-23,2026-06-27,Emergency,Under Observation
849,184,2024-06-30,2026-07-04,Emergency,Discharged
2377,42,2026-01-12,2026-06-19,General,Under Observation
1756,33,2024-08-21,2026-06-22,Private,Discharged
921,78,2025-08-27,2026-06-10,Emergency,Discharged
2509,186,2025-07-09,2026-06-23,General,Admitted
2089,51,2025-02-25,2026-06-19,Private,Under Observation
1105,151,2025-12-31,2026-06-27,Private,Admitted
2014,45,2025-08-02,2026-06-21,ICU,Under Observation
400,77,2024-10-12,2026-06-26,Emergency,Discharged
1318,62,2026-03-15,2026-07-04,Emergency,Discharged
12,165,2025-05-23,2026-06-22,General,Discharged
2832,92,2025-10-24,2026-06-09,General,Admitted
1716,26,2025-04-02,2026-06-14,Private,Under Observation
417,36,2024-08-22,2026-06-26,ICU,Under Observation
320,22,2025-01-31,2026-06-16,Emergency,Admitted
2994,26,2025-02-03,2026-06-20,Private,Discharged
2644,26,2026-03-26,2026-06-30,ICU,Under Observation
2364,181,2025-10-28,2026-06-29,ICU,Under Observation
2752,181,2025-02-16,2026-06-10,Private,Admitted
2617,115,2025-09-26,2026-06-23,General,Admitted
2975,105,2025-09-01,2026-07-08,ICU,Under Observation
1134,94,2025-11-16,2026-06-29,Private,Admitted
2951,199,2025-01-30,2026-07-07,General,Under Observation
2842,44,2024-06-25,2026-06-19,General,Admitted
60,164,2025-04-11,2026-06-14,ICU,Under Observation
1432,138,2025-07-08,2026-06-24,Private,Under Observation
1835,115,2025-01-20,2026-06-30,Emergency,Admitted
1080,2,2024-07-09,2026-06-28,General,Discharged
2104,179,2025-12-08,2026-06-11,Emergency,Under Observation
2428,23,2025-05-25,2026-06-30,Emergency,Discharged
2769,87,2025-02-21,2026-07-02,ICU,Under Observation
2241,69,2025-03-14,2026-06-27,Private,Under Observation
1922,146,2024-07-13,2026-06-25,ICU,Under Observation
1726,189,2025-06-26,2026-07-08,Private,Admitted
500,12,2024-07-27,2026-07-06,Emergency,Under Observation
2958,68,2025-10-14,2026-07-07,Emergency,Admitted
2319,71,2026-06-06,2026-07-08,General,Admitted
2168,200,2024-06-19,2026-06-14,Private,Discharged
394,170,2024-10-16,2026-06-24,General,Discharged
1270,157,2025-07-09,2026-07-06,ICU,Discharged
323,34,2026-01-29,2026-06-19,Private,Under Observation
2500,55,2024-10-09,2026-06-28,Emergency,Under Observation
1147,75,2025-03-30,2026-06-24,Emergency,Admitted
249,129,2025-01-31,2026-06-17,Emergency,Under Observation
1091,107,2025-06-14,2026-07-06,Private,Under Observation
553,100,2026-01-29,2026-07-06,Private,Admitted
2120,61,2025-03-29,2026-07-04,Private,Discharged
2723,99,2025-02-14,2026-06-19,ICU,Under Observation
1676,64,2024-09-05,2026-06-18,Emergency,Discharged
1018,26,2026-02-11,2026-06-28,General,Discharged
2474,75,2025-11-25,2026-06-09,General,Admitted
2964,30,2025-12-16,2026-06-10,Private,Discharged
1783,62,2025-09-04,2026-07-05,Private,Admitted
804,190,2026-04-22,2026-07-04,Emergency,Admitted
361,112,2025-06-02,2026-06-22,ICU,Under Observation
516,197,2025-06-17,2026-07-05,General,Under Observation
2223,82,2024-12-03,2026-07-03,ICU,Admitted
1776,153,2026-04-12,2026-06-09,ICU,Admitted
198,75,2024-08-26,2026-06-30,General,Under Observation
2238,105,2025-04-02,2026-06-30,Emergency,Admitted
2480,105,2025-07-29,2026-07-03,ICU,Admitted
418,47,2025-07-15,2026-07-04,Emergency,Admitted
2118,16,2026-02-16,2026-06-26,ICU,Admitted
2452,71,2026-03-14,2026-06-21,General,Admitted
17,130,2025-08-22,2026-06-22,Private,Discharged
406,112,2026-02-05,2026-06-14,Emergency,Admitted
2245,54,2024-09-23,2026-06-17,General,Discharged
1247,154,2026-05-31,2026-07-08,ICU,Discharged
78,10,2025-03-08,2026-06-26,Emergency,Under Observation
1432,13,2025-06-03,2026-06-28,Emergency,Discharged
250,79,2025-10-31,2026-07-02,ICU,Discharged
2335,191,2025-10-23,2026-07-04,ICU,Admitted
379,64,2024-12-27,2026-06-15,General,Discharged
631,139,2026-04-29,2026-06-17,General,Admitted
1808,174,2026-03-14,2026-07-07,ICU,Discharged
2252,121,2026-05-17,2026-07-05,ICU,Admitted
1437,169,2025-09-16,2026-06-19,Emergency,Admitted
1487,178,2024-07-22,2026-06-15,ICU,Discharged
138,112,2025-07-16,2026-07-06,General,Admitted
598,106,2025-08-14,2026-07-06,General,Discharged
1172,144,2026-03-06,2026-06-12,Private,Admitted
510,86,2025-03-15,2026-07-04,Emergency,Discharged
2024,184,2025-11-27,2026-06-10,Private,Admitted
2284,156,2025-12-19,2026-06-22,Private,Under Observation
979,77,2025-03-23,2026-06-24,ICU,Discharged
2868,125,2024-12-23,2026-07-08,Emergency,Under Observation
2527,152,2025-06-22,2026-06-18,ICU,Under Observation
1287,9,2024-10-10,2026-06-19,Emergency,Discharged
1559,41,2025-04-30,2026-07-01,ICU,Under Observation
1205,161,2024-07-22,2026-06-19,ICU,Under Observation
1490,194,2026-05-20,2026-06-26,ICU,Discharged
833,59,2025-06-12,2026-06-14,ICU,Discharged
1071,174,2025-01-29,2026-07-04,ICU,Admitted
1536,59,2025-08-08,2026-06-13,General,Under Observation
526,107,2024-09-21,2026-06-23,General,Discharged
876,90,2025-10-10,2026-06-27,Emergency,Discharged
897,122,2025-03-17,2026-06-16,General,Under Observation
776,19,2025-10-06,2026-07-05,Emergency,Discharged
1520,199,2025-10-11,2026-07-01,ICU,Admitted
717,198,2025-12-23,2026-06-18,General,Discharged
752,28,2024-11-15,2026-06-28,Emergency,Admitted
1115,55,2026-01-02,2026-06-23,Private,Discharged
2632,51,2026-02-20,2026-07-01,ICU,Discharged
245,111,2024-12-11,2026-06-20,General,Admitted
2622,135,2024-10-06,2026-07-02,ICU,Under Observation
2882,5,2024-10-21,2026-06-25,Private,Discharged
1622,19,2026-02-18,2026-06-09,General,Under Observation
596,3,2024-12-14,2026-06-10,Emergency,Under Observation
1201,132,2024-09-03,2026-06-25,Emergency,Admitted
2070,53,2026-04-20,2026-06-30,Private,Admitted
959,89,2026-03-02,2026-06-29,Private,Under Observation
2267,178,2024-07-31,2026-06-16,Private,Discharged
2809,72,2025-03-25,2026-06-23,Emergency,Under Observation
1086,190,2025-08-06,2026-06-17,Emergency,Admitted
2460,74,2024-06-29,2026-06-28,ICU,Admitted
2402,160,2025-01-03,2026-07-08,General,Discharged
1581,26,2025-08-22,2026-07-08,ICU,Under Observation
2880,54,2026-05-13,2026-07-02,Private,Admitted
1164,75,2025-10-17,2026-06-14,Private,Under Observation
2555,53,2026-04-12,2026-06-21,Emergency,Admitted
225,23,2026-01-15,2026-07-01,ICU,Admitted
2140,83,2026-02-14,2026-06-25,Private,Admitted
1122,45,2025-04-27,2026-07-06,General,Admitted
1602,159,2024-07-10,2026-06-23,General,Admitted
1871,23,2025-09-25,2026-06-16,ICU,Under Observation
454,62,2025-10-23,2026-06-18,Private,Admitted
1130,108,2025-12-18,2026-06-20,ICU,Discharged
101,166,2026-01-19,2026-06-30,Emergency,Under Observation
1906,24,2026-04-21,2026-06-15,ICU,Discharged
1018,123,2025-12-17,2026-06-21,Private,Admitted
552,61,2026-05-20,2026-06-27,Emergency,Admitted
2141,194,2026-05-05,2026-06-17,ICU,Discharged
1606,113,2024-10-05,2026-07-08,Private,Admitted
2555,152,2026-01-02,2026-06-26,General,Discharged
1511,46,2026-01-06,2026-06-26,Emergency,Admitted
2269,73,2026-05-02,2026-07-01,General,Admitted
781,154,2024-09-29,2026-06-09,General,Under Observation
2529,197,2025-06-26,2026-06-10,General,Discharged
1667,89,2024-12-04,2026-06-18,ICU,Admitted
1105,62,2024-10-26,2026-07-04,Emergency,Admitted
426,97,2026-02-27,2026-06-21,Emergency,Under Observation
1443,152,2025-05-29,2026-06-24,General,Admitted
2678,111,2024-07-19,2026-06-19,General,Discharged
912,40,2025-11-21,2026-07-01,Emergency,Discharged
1924,122,2026-04-10,2026-07-08,ICU,Admitted
1124,24,2026-04-22,2026-06-20,General,Under Observation
1966,151,2025-12-28,2026-06-11,ICU,Discharged
204,30,2025-09-23,2026-06-18,General,Under Observation
1848,38,2025-04-05,2026-06-12,Private,Discharged
2220,138,2025-09-05,2026-07-06,General,Discharged
578,111,2024-11-17,2026-07-02,General,Admitted
1540,70,2026-05-26,2026-06-10,Emergency,Discharged
526,111,2026-03-13,2026-06-24,General,Admitted
2721,161,2026-03-07,2026-06-10,Emergency,Under Observation
1023,110,2025-01-06,2026-06-12,Private,Under Observation
1770,102,2025-04-21,2026-06-19,Private,Under Observation
1129,10,2025-05-26,2026-06-11,Emergency,Admitted
186,125,2024-11-26,2026-06-16,General,Admitted
2683,151,2026-03-17,2026-07-05,General,Admitted
2464,180,2024-08-07,2026-06-12,General,Under Observation
67,1,2024-06-11,2026-06-21,Emergency,Under Observation
2181,114,2025-11-18,2026-06-28,Emergency,Under Observation
2120,55,2024-09-20,2026-06-28,General,Admitted
1551,148,2026-05-05,2026-07-01,General,Discharged
1529,165,2024-09-17,2026-07-01,General,Under Observation
2870,8,2025-03-09,2026-06-09,Private,Discharged
1939,103,2025-05-05,2026-07-08,General,Under Observation
1137,192,2026-02-08,2026-06-30,Emergency,Under Observation
168,124,2024-10-24,2026-07-08,ICU,Admitted
2305,82,2026-05-06,2026-07-08,General,Admitted
2113,122,2024-08-18,2026-06-25,Private,Admitted
2511,189,2024-11-20,2026-06-20,General,Admitted
2473,30,2024-07-26,2026-06-27,ICU,Under Observation
562,172,2025-05-20,2026-06-11,Private,Under Observation
1879,54,2025-08-02,2026-06-11,Emergency,Discharged
1541,122,2025-10-19,2026-06-10,ICU,Discharged
830,107,2024-08-14,2026-06-27,Private,Under Observation
2312,161,2025-03-18,2026-06-13,ICU,Admitted
988,190,2024-08-04,2026-06-16,ICU,Admitted
875,108,2026-03-07,2026-07-04,Private,Discharged
1274,145,2025-08-17,2026-06-23,Private,Under Observation
2623,102,2024-07-08,2026-06-30,General,Admitted
875,5,2026-01-24,2026-06-20,Private,Discharged
69,67,2026-03-20,2026-06-30,General,Discharged
1788,41,2026-03-22,2026-06-15,General,Under Observation
2894,57,2024-09-25,2026-06-30,General,Under Observation
2643,7,2026-04-01,2026-07-01,ICU,Admitted
706,165,2026-04-29,2026-06-14,ICU,Discharged
2405,145,2025-09-12,2026-06-14,General,Admitted
2826,45,2025-06-24,2026-07-01,ICU,Admitted
1670,84,2024-12-02,2026-06-16,Private,Discharged
1062,82,2026-01-06,2026-06-18,Emergency,Under Observation
1582,138,2026-02-28,2026-07-04,Private,Discharged
2526,108,2025-03-23,2026-06-16,General,Under Observation
1213,11,2024-12-28,2026-06-21,Emergency,Admitted
1075,148,2024-09-25,2026-07-05,Emergency,Under Observation
2953,135,2025-07-24,2026-06-15,Private,Under Observation
738,165,2025-05-19,2026-07-02,Emergency,Discharged
2472,186,2026-06-05,2026-07-07,General,Admitted
1735,116,2025-08-05,2026-06-29,General,Admitted
2166,167,2025-08-09,2026-06-28,General,Admitted
2459,187,2025-01-08,2026-06-29,Private,Under Observation
645,157,2025-09-07,2026-06-19,Emergency,Discharged
1997,196,2024-08-04,2026-06-20,ICU,Under Observation
2359,35,2025-11-19,2026-07-05,ICU,Admitted
374,79,2026-05-10,2026-06-17,General,Admitted
2527,28,2025-06-25,2026-07-03,ICU,Discharged
1302,80,2025-12-31,2026-06-16,General,Discharged
1279,56,2024-06-10,2026-07-03,General,Under Observation
2884,101,2025-01-11,2026-07-08,Private,Admitted
1319,156,2026-03-11,2026-06-18,General,Admitted
2564,165,2025-06-23,2026-06-23,General,Discharged
1343,38,2026-01-06,2026-06-12,Private,Admitted
2055,31,2025-01-30,2026-07-01,Private,Under Observation
1640,70,2024-07-15,2026-07-02,ICU,Admitted
2120,44,2025-10-14,2026-06-16,General,Admitted
1899,173,2025-08-06,2026-07-05,ICU,Admitted
2206,19,2025-07-20,2026-06-10,Private,Discharged
2943,7,2024-10-16,2026-06-22,General,Admitted
1870,5,2024-12-02,2026-06-27,General,Discharged
92,41,2025-10-07,2026-06-10,Private,Discharged
639,182,2025-09-25,2026-07-06,ICU,Discharged
1835,101,2026-04-07,2026-06-29,General,Admitted
1836,146,2026-03-07,2026-06-12,General,Discharged
2097,152,2025-11-26,2026-06-14,Private,Admitted
1300,187,2025-01-03,2026-06-10,Private,Discharged
1341,116,2026-03-23,2026-06-28,General,Admitted
2383,144,2025-03-26,2026-07-07,Private,Under Observation
24,148,2024-10-06,2026-06-11,Private,Admitted
274,122,2025-05-28,2026-06-12,ICU,Under Observation
1499,91,2026-02-13,2026-06-20,General,Discharged
280,159,2025-05-21,2026-06-20,General,Under Observation
1709,154,2024-12-31,2026-06-23,Private,Under Observation
225,45,2025-09-29,2026-06-12,General,Discharged
136,149,2025-11-30,2026-06-25,Emergency,Under Observation
2000,190,2024-08-14,2026-06-23,ICU,Discharged
1030,151,2024-08-30,2026-07-01,ICU,Under Observation
2949,107,2024-08-22,2026-06-23,Emergency,Admitted
559,75,2026-03-02,2026-06-11,Emergency,Discharged
1818,96,2025-04-23,2026-06-10,Emergency,Admitted
2330,66,2025-12-14,2026-07-06,Private,Discharged
2141,144,2026-05-04,2026-06-25,General,Under Observation
2119,141,2025-12-03,2026-06-13,Emergency,Admitted
766,179,2024-11-17,2026-07-06,Emergency,Admitted
1132,185,2025-07-15,2026-06-18,ICU,Admitted
1747,137,2025-02-27,2026-06-18,ICU,Under Observation
2455,194,2025-02-21,2026-06-15,Private,Discharged
267,124,2026-03-15,2026-06-15,ICU,Admitted
1882,142,2025-03-08,2026-07-03,Private,Admitted
2199,49,2025-03-16,2026-06-23,Emergency,Under Observation
1450,6,2025-01-03,2026-06-19,General,Under Observation
2519,7,2024-12-18,2026-06-14,ICU,Discharged
1608,58,2024-11-10,2026-06-11,Private,Under Observation
2094,159,2025-05-20,2026-06-28,Private,Admitted
1019,92,2026-03-16,2026-06-15,ICU,Admitted
1596,182,2026-01-23,2026-06-17,Private,Discharged
1702,152,2024-12-13,2026-06-23,Private,Under Observation
949,34,2025-03-21,2026-06-22,Emergency,Under Observation
1341,15,2025-04-22,2026-06-10,ICU,Discharged
1829,48,2026-03-28,2026-06-14,General,Admitted
2521,157,2025-02-07,2026-06-20,Emergency,Under Observation
2566,46,2026-03-13,2026-06-28,Emergency,Under Observation
372,59,2026-05-21,2026-06-11,Emergency,Discharged
356,4,2025-04-11,2026-06-14,Emergency,Under Observation
2971,122,2024-12-19,2026-07-07,Emergency,Discharged
725,5,2026-02-25,2026-06-19,ICU,Under Observation
2146,10,2025-05-30,2026-06-21,Emergency,Admitted
1288,135,2026-01-06,2026-07-04,Emergency,Admitted
463,22,2025-08-31,2026-06-25,ICU,Discharged
2073,92,2026-04-16,2026-06-25,ICU,Admitted
1867,41,2024-08-26,2026-06-13,General,Under Observation
1053,131,2025-04-12,2026-06-15,General,Discharged
105,129,2025-03-14,2026-06-19,General,Discharged
2064,76,2025-12-06,2026-07-04,Emergency,Under Observation
690,67,2026-04-16,2026-07-05,Private,Under Observation
2783,69,2025-02-08,2026-06-28,ICU,Discharged
2748,174,2026-02-18,2026-06-17,Emergency,Discharged
977,26,2026-06-08,2026-06-28,Private,Discharged
2933,113,2025-01-10,2026-07-04,ICU,Discharged
1155,5,2024-10-26,2026-07-07,Private,Admitted
2064,50,2025-03-06,2026-06-10,General,Discharged
1381,175,2024-06-15,2026-06-19,ICU,Admitted
1749,186,2025-04-15,2026-07-03,Private,Under Observation
1766,198,2024-11-09,2026-06-27,ICU,Under Observation
421,160,2026-03-14,2026-06-16,General,Discharged
1556,199,2025-01-05,2026-06-12,ICU,Admitted
2787,6,2025-03-14,2026-06-11,ICU,Discharged
2121,159,2024-09-15,2026-06-18,Emergency,Discharged
1698,116,2024-09-17,2026-06-18,Emergency,Admitted
1109,140,2025-07-14,2026-06-09,General,Admitted
1055,107,2026-03-16,2026-06-27,General,Admitted
2896,48,2025-02-16,2026-06-13,Private,Admitted
2744,182,2026-03-22,2026-06-30,General,Admitted
2746,142,2025-10-04,2026-06-18,Private,Admitted
1987,135,2025-07-18,2026-06-13,General,Discharged
569,68,2025-07-10,2026-06-10,Emergency,Under Observation
2726,85,2025-06-12,2026-06-14,General,Discharged
820,141,2024-06-09,2026-06-09,Emergency,Under Observation
481,16,2026-03-30,2026-06-19,Emergency,Admitted
882,156,2025-06-08,2026-07-05,General,Discharged
287,127,2024-06-28,2026-06-13,General,Admitted
990,65,2025-02-02,2026-06-09,General,Admitted
2658,117,2026-04-10,2026-06-23,ICU,Discharged
990,154,2024-08-19,2026-06-21,Emergency,Under Observation
2653,49,2025-11-18,2026-06-23,Private,Under Observation
604,18,2025-09-11,2026-06-12,ICU,Under Observation
1767,27,2026-01-20,2026-06-10,General,Discharged
488,151,2024-08-01,2026-07-07,General,Admitted
427,104,2026-04-08,2026-06-24,Private,Admitted
664,175,2025-06-24,2026-06-17,Emergency,Admitted
909,134,2025-05-30,2026-06-28,Emergency,Under Observation
1110,68,2026-06-08,2026-06-21,Emergency,Discharged
1348,107,2024-07-28,2026-06-11,General,Discharged
1137,185,2026-02-15,2026-06-16,General,Under Observation
426,9,2025-11-13,2026-06-19,ICU,Under Observation
203,112,2025-05-02,2026-06-26,General,Under Observation
1535,133,2025-04-30,2026-07-06,Emergency,Discharged
511,134,2026-05-12,2026-06-30,General,Discharged
2779,115,2025-05-05,2026-06-15,Private,Admitted
2546,48,2025-06-23,2026-06-19,Private,Under Observation
2988,31,2026-01-19,2026-06-15,Private,Discharged
1287,8,2026-03-08,2026-06-30,Private,Under Observation
367,43,2024-08-28,2026-07-03,Emergency,Discharged
2090,194,2025-06-23,2026-06-11,ICU,Under Observation
2376,132,2025-11-05,2026-07-05,Private,Admitted
870,32,2025-08-24,2026-06-13,ICU,Under Observation
612,191,2025-01-21,2026-06-25,Emergency,Discharged
1417,93,2025-05-19,2026-06-22,Private,Under Observation
1589,192,2024-11-17,2026-06-26,ICU,Under Observation
1159,143,2025-07-28,2026-06-27,Emergency,Under Observation
37,65,2024-09-25,2026-06-20,Private,Admitted
168,139,2024-06-19,2026-06-11,Private,Discharged
1478,63,2025-08-04,2026-06-21,General,Admitted
506,134,2024-08-15,2026-07-04,Private,Under Observation
590,112,2026-02-03,2026-06-11,Private,Discharged
759,112,2024-09-27,2026-06-28,Private,Discharged
35,15,2026-03-25,2026-06-25,ICU,Under Observation
1417,13,2024-10-28,2026-07-04,Emergency,Admitted
1212,83,2025-07-24,2026-07-08,General,Admitted
3,67,2026-05-30,2026-06-20,Private,Discharged
363,65,2024-06-24,2026-07-03,ICU,Discharged
1055,35,2024-08-09,2026-06-16,ICU,Under Observation
927,79,2025-01-15,2026-06-19,General,Discharged
2863,97,2024-06-10,2026-06-11,ICU,Discharged
2161,142,2026-03-09,2026-06-19,Emergency,Discharged
1982,13,2025-05-18,2026-06-18,Private,Discharged
1458,142,2026-05-27,2026-06-09,Emergency,Admitted
439,127,2024-08-25,2026-07-07,Emergency,Admitted
500,128,2025-05-13,2026-07-02,ICU,Admitted
767,186,2024-09-15,2026-07-07,ICU,Admitted
545,94,2025-07-30,2026-06-26,ICU,Discharged
288,149,2025-09-18,2026-06-26,Emergency,Discharged
1584,175,2024-12-16,2026-06-26,General,Admitted
127,196,2025-09-05,2026-06-26,General,Admitted
2061,62,2026-04-01,2026-06-12,Private,Admitted
2928,42,2025-06-22,2026-07-06,Private,Under Observation
1718,140,2024-09-08,2026-06-28,ICU,Under Observation
2321,104,2026-06-06,2026-07-07,ICU,Admitted
2931,155,2025-12-04,2026-06-24,Private,Admitted
1538,168,2024-11-19,2026-06-18,General,Discharged
2639,61,2024-12-07,2026-06-10,Private,Under Observation
81,111,2024-09-29,2026-06-15,General,Under Observation
311,38,2025-08-03,2026-07-03,General,Admitted
2510,95,2025-10-16,2026-06-16,Emergency,Under Observation
1851,169,2025-01-07,2026-06-16,Emergency,Discharged
1952,146,2025-01-26,2026-06-10,General,Discharged
335,107,2026-02-12,2026-06-12,Private,Under Observation
1393,33,2025-01-16,2026-06-30,Emergency,Discharged
1990,102,2025-04-03,2026-06-20,Emergency,Admitted
1547,68,2026-01-05,2026-06-10,Emergency,Discharged
1837,133,2025-01-03,2026-06-20,General,Under Observation
1089,130,2026-06-01,2026-06-15,General,Discharged
1295,69,2025-07-09,2026-07-06,Emergency,Discharged
2223,64,2024-10-14,2026-07-04,Emergency,Discharged
1775,98,2026-03-16,2026-06-26,ICU,Admitted
968,85,2025-12-12,2026-07-05,Emergency,Admitted
387,95,2025-09-21,2026-07-06,Emergency,Discharged
703,198,2025-06-12,2026-06-25,Emergency,Under Observation
2116,171,2024-11-03,2026-06-23,General,Under Observation
1617,41,2026-05-25,2026-07-06,Emergency,Admitted
2168,185,2025-07-31,2026-06-25,Emergency,Discharged
1901,174,2024-08-21,2026-07-02,ICU,Discharged
2088,151,2024-07-31,2026-06-16,ICU,Under Observation
1676,109,2025-08-07,2026-06-28,General,Under Observation
2524,188,2025-09-15,2026-06-09,Emergency,Discharged
2526,27,2025-06-26,2026-07-03,General,Discharged
260,62,2025-09-25,2026-06-17,ICU,Under Observation
2496,186,2025-07-13,2026-07-07,ICU,Admitted
2966,40,2026-05-31,2026-06-29,General,Discharged
2727,190,2026-02-11,2026-06-29,Emergency,Admitted
1808,91,2025-12-16,2026-06-22,ICU,Under Observation
1473,180,2026-05-29,2026-07-07,ICU,Discharged
1552,160,2025-02-25,2026-07-06,ICU,Admitted
1276,53,2026-03-07,2026-06-12,ICU,Discharged
131,101,2025-06-07,2026-06-19,General,Discharged
1303,94,2024-10-13,2026-06-27,ICU,Under Observation
69,60,2025-01-27,2026-06-11,Private,Discharged
1966,113,2024-06-19,2026-06-30,ICU,Discharged
1301,69,2025-09-29,2026-06-25,General,Admitted
1554,55,2025-12-28,2026-06-22,General,Discharged
828,126,2025-12-07,2026-06-20,Private,Under Observation
2355,191,2024-09-01,2026-07-05,Private,Admitted
2380,69,2025-02-13,2026-06-09,Private,Under Observation
986,170,2025-07-10,2026-06-22,Emergency,Under Observation
2848,118,2026-04-21,2026-06-22,General,Under Observation
2388,105,2024-08-26,2026-06-27,General,Discharged
2953,178,2025-03-13,2026-06-17,Private,Discharged
1763,70,2025-11-15,2026-06-21,General,Under Observation
1061,189,2024-07-01,2026-06-12,General,Admitted
1535,24,2025-06-15,2026-06-20,ICU,Under Observation
60,171,2026-04-16,2026-06-26,General,Discharged
1880,109,2025-03-15,2026-06-25,General,Under Observation
11,168,2025-09-18,2026-06-22,ICU,Admitted
2673,116,2025-09-24,2026-06-22,Private,Admitted
1316,163,2026-01-31,2026-06-17,Private,Under Observation
517,114,2026-01-29,2026-06-12,Emergency,Discharged
1875,186,2024-07-09,2026-06-30,ICU,Under Observation
117,32,2024-09-24,2026-06-29,Private,Under Observation
854,136,2025-06-18,2026-06-23,Private,Admitted
2174,29,2026-05-22,2026-07-04,General,Admitted
1525,102,2025-03-28,2026-07-07,General,Admitted
470,184,2025-07-15,2026-07-02,Private,Under Observation
1644,175,2024-06-19,2026-06-09,Emergency,Under Observation
61,121,2026-02-08,2026-06-30,Private,Discharged
71,189,2025-04-01,2026-06-20,ICU,Admitted
338,52,2024-10-10,2026-06-11,General,Discharged
1955,56,2025-06-07,2026-06-21,ICU,Under Observation
498,60,2025-03-19,2026-06-18,ICU,Admitted
1802,177,2025-02-08,2026-07-06,General,Under Observation
508,65,2024-11-19,2026-06-21,ICU,Discharged
2405,174,2024-09-14,2026-07-01,Private,Under Observation
516,47,2025-12-30,2026-07-03,Emergency,Under Observation
541,76,2024-08-11,2026-06-16,Emergency,Admitted
1319,124,2026-03-20,2026-06-27,General,Under Observation
1401,85,2026-05-27,2026-06-27,ICU,Admitted
2861,130,2025-11-15,2026-07-05,Emergency,Under Observation
2970,181,2025-10-17,2026-06-27,ICU,Admitted
2600,6,2025-06-21,2026-06-19,Private,Admitted
133,18,2025-02-14,2026-07-02,Emergency,Discharged
2215,118,2024-11-25,2026-07-07,Emergency,Discharged
1174,11,2025-05-04,2026-07-06,Private,Discharged
1763,81,2025-10-30,2026-06-22,Emergency,Discharged
1397,84,2025-10-30,2026-07-08,Private,Under Observation
1957,147,2025-08-05,2026-06-09,General,Discharged
2929,56,2025-12-16,2026-06-13,Private,Discharged
1770,109,2025-07-10,2026-07-01,Private,Admitted
741,162,2025-02-14,2026-07-06,Emergency,Discharged
2403,139,2024-08-18,2026-06-23,General,Admitted
1696,152,2025-09-01,2026-06-14,General,Discharged
448,113,2025-11-28,2026-06-12,Private,Under Observation
1349,63,2024-09-24,2026-06-16,Private,Admitted
2113,143,2025-01-08,2026-06-10,Emergency,Discharged
700,15,2025-12-22,2026-07-06,ICU,Under Observation
1152,28,2024-08-17,2026-06-19,Emergency,Under Observation
2612,65,2025-01-12,2026-06-14,General,Under Observation
879,107,2025-03-16,2026-06-25,Emergency,Discharged
491,53,2024-06-14,2026-06-13,General,Admitted
2062,112,2024-11-08,2026-06-28,General,Admitted
999,13,2025-11-21,2026-06-29,Emergency,Admitted
857,23,2025-08-31,2026-06-28,General,Admitted
1083,39,2026-05-27,2026-06-15,Private,Discharged
2997,134,2025-05-23,2026-06-23,Emergency,Admitted
680,73,2025-08-17,2026-07-06,Emergency,Under Observation
1071,175,2025-12-14,2026-06-12,Private,Under Observation
2181,146,2025-08-28,2026-06-21,ICU,Discharged
1535,120,2025-03-08,2026-06-15,Emergency,Under Observation
2462,126,2025-03-08,2026-06-12,ICU,Admitted
1435,138,2024-06-11,2026-06-17,ICU,Discharged
2973,24,2025-12-15,2026-06-11,Private,Admitted
2912,123,2024-08-03,2026-06-18,Emergency,Discharged
1709,117,2025-10-08,2026-07-03,ICU,Under Observation
567,106,2025-02-02,2026-07-04,General,Under Observation
1662,140,2026-04-07,2026-07-02,Emergency,Under Observation
1078,120,2024-07-14,2026-07-04,ICU,Under Observation
316,88,2026-02-15,2026-07-01,Emergency,Discharged
307,112,2025-10-09,2026-06-30,ICU,Under Observation
45,146,2025-04-27,2026-06-12,Private,Discharged
2824,140,2025-04-21,2026-06-11,ICU,Discharged
986,185,2026-02-01,2026-07-02,General,Discharged
1933,195,2025-08-30,2026-06-12,Emergency,Admitted
1581,24,2024-08-05,2026-06-18,ICU,Under Observation
886,44,2024-06-29,2026-07-06,ICU,Under Observation
130,174,2026-03-28,2026-06-26,ICU,Under Observation
2381,19,2025-01-11,2026-06-23,Private,Admitted
679,19,2024-09-18,2026-06-26,Emergency,Discharged
376,143,2025-03-15,2026-06-11,ICU,Discharged
798,10,2025-10-21,2026-06-09,Private,Admitted
206,144,2025-04-25,2026-07-02,Emergency,Admitted
116,41,2025-02-21,2026-07-03,ICU,Discharged
1064,124,2025-10-27,2026-07-04,ICU,Under Observation
2318,22,2025-05-15,2026-06-24,Private,Under Observation
2624,111,2024-11-10,2026-07-04,General,Under Observation
2407,118,2025-08-25,2026-07-07,ICU,Discharged
767,27,2025-01-16,2026-06-24,Private,Under Observation
1106,111,2024-07-06,2026-07-03,Emergency,Discharged
884,193,2024-11-13,2026-06-24,General,Admitted
805,177,2025-06-23,2026-06-09,ICU,Under Observation
705,187,2024-11-21,2026-06-27,Private,Admitted
723,45,2024-12-30,2026-06-14,Emergency,Under Observation
732,163,2025-01-03,2026-06-24,General,Discharged
2555,103,2025-07-17,2026-06-26,Private,Discharged
1664,159,2024-08-26,2026-06-28,ICU,Discharged
2813,191,2024-06-08,2026-06-18,Emergency,Under Observation
841,186,2025-03-15,2026-07-07,Emergency,Under Observation
2479,148,2024-11-07,2026-07-01,Emergency,Discharged
848,96,2024-12-21,2026-06-22,Private,Under Observation
887,191,2024-11-14,2026-07-01,General,Under Observation
1406,142,2026-02-08,2026-06-30,Private,Discharged
2863,94,2026-04-17,2026-07-02,ICU,Admitted
2844,106,2024-11-07,2026-06-11,General,Admitted
975,4,2025-02-11,2026-06-22,Private,Discharged
1190,177,2026-04-17,2026-06-12,Emergency,Under Observation
1021,122,2024-09-30,2026-07-01,General,Admitted
2033,120,2024-10-14,2026-07-05,Emergency,Under Observation
2525,82,2024-07-22,2026-06-25,Private,Admitted
421,9,2025-09-19,2026-06-12,General,Discharged
350,21,2025-03-31,2026-07-08,ICU,Discharged
2411,21,2024-08-21,2026-06-17,Private,Admitted
980,84,2025-03-02,2026-06-09,Emergency,Under Observation
2578,140,2026-03-31,2026-07-05,General,Discharged
614,168,2025-10-28,2026-06-22,ICU,Admitted
1299,5,2026-04-30,2026-07-05,Emergency,Under Observation
1821,188,2024-10-30,2026-06-18,General,Discharged
2921,181,2026-04-06,2026-06-23,ICU,Admitted
1545,161,2026-02-03,2026-06-22,Emergency,Under Observation
1302,100,2025-12-05,2026-06-26,Emergency,Discharged
651,126,2024-12-13,2026-07-03,Emergency,Discharged
676,165,2025-10-18,2026-06-19,Private,Under Observation
191,135,2025-11-04,2026-06-24,General,Admitted
2144,122,2026-05-01,2026-06-25,Private,Admitted
2963,168,2025-11-20,2026-06-11,Emergency,Discharged
1205,31,2026-02-26,2026-06-21,Emergency,Admitted
2064,44,2024-08-02,2026-06-13,ICU,Admitted
2957,171,2025-02-18,2026-07-01,General,Discharged
803,32,2024-12-26,2026-07-08,General,Discharged
454,19,2026-04-01,2026-06-17,General,Under Observation
1470,103,2026-03-07,2026-06-30,Emergency,Discharged
1007,99,2025-09-30,2026-06-10,Emergency,Under Observation
812,175,2025-09-23,2026-07-08,Private,Discharged
2241,132,2024-07-18,2026-07-01,Emergency,Under Observation
2545,140,2024-07-04,2026-06-12,Private,Discharged
2598,66,2025-08-21,2026-07-03,General,Discharged
1554,140,2026-01-06,2026-07-04,General,Under Observation
1623,142,2025-02-05,2026-07-03,ICU,Under Observation
346,66,2025-07-21,2026-07-06,Private,Under Observation
38,151,2024-07-16,2026-07-02,Private,Discharged
934,149,2025-01-23,2026-06-22,General,Under Observation
2937,110,2025-03-25,2026-06-21,ICU,Under Observation
1684,45,2026-01-10,2026-06-20,Private,Admitted
1048,50,2025-09-16,2026-06-13,ICU,Discharged
2438,12,2025-07-31,2026-07-06,Emergency,Discharged
715,177,2026-01-18,2026-06-14,Emergency,Discharged
361,27,2026-03-21,2026-06-16,Emergency,Admitted
845,159,2024-11-23,2026-06-19,ICU,Under Observation
2095,169,2025-09-22,2026-06-13,Private,Under Observation
2887,87,2025-05-19,2026-06-18,Private,Discharged
2553,95,2025-02-17,2026-06-17,Private,Discharged
2969,54,2024-08-13,2026-06-27,General,Discharged
658,18,2025-12-14,2026-06-23,ICU,Under Observation
2778,160,2025-08-30,2026-07-05,ICU,Admitted
977,158,2026-02-02,2026-06-25,Private,Under Observation
2333,8,2025-09-06,2026-06-29,General,Under Observation
255,128,2025-09-14,2026-06-30,General,Discharged
897,134,2025-11-13,2026-07-01,Private,Admitted
1311,6,2025-02-20,2026-06-27,Private,Under Observation
2423,186,2025-11-22,2026-07-08,ICU,Under Observation
2937,33,2024-12-29,2026-06-15,General,Discharged
2595,121,2024-12-18,2026-06-24,Emergency,Discharged
1369,32,2024-07-19,2026-06-28,Emergency,Admitted
1739,94,2025-10-13,2026-07-07,ICU,Admitted
2873,64,2024-06-21,2026-06-22,General,Discharged
1353,95,2025-03-24,2026-06-16,Private,Admitted
1103,173,2025-08-02,2026-07-05,ICU,Admitted
2821,183,2026-02-23,2026-06-28,Private,Under Observation
2063,140,2026-02-25,2026-06-27,General,Admitted
2413,111,2026-02-14,2026-06-12,General,Admitted
1022,187,2026-01-15,2026-06-26,Private,Discharged
2172,138,2025-05-25,2026-06-15,General,Discharged
574,150,2026-02-19,2026-06-15,Private,Admitted
948,70,2025-03-12,2026-06-15,Private,Admitted
138,94,2025-02-01,2026-06-16,General,Admitted
1847,126,2024-12-10,2026-06-22,Emergency,Under Observation
520,74,2025-12-30,2026-07-01,ICU,Discharged
170,176,2025-12-03,2026-06-13,Emergency,Under Observation
2872,109,2026-02-27,2026-06-10,General,Discharged
2471,58,2024-08-28,2026-07-07,Emergency,Admitted
1084,89,2024-09-25,2026-06-21,General,Under Observation
1745,175,2024-09-04,2026-06-17,Emergency,Discharged
2577,84,2024-10-11,2026-07-03,Private,Under Observation
1384,126,2026-03-04,2026-06-11,Emergency,Discharged
2904,194,2024-10-12,2026-06-18,Emergency,Discharged
2441,6,2025-01-22,2026-06-20,Emergency,Under Observation
968,105,2025-01-01,2026-06-23,Emergency,Under Observation
516,132,2025-07-31,2026-06-23,General,Discharged
681,15,2026-04-26,2026-06-10,ICU,Discharged
1418,43,2024-07-24,2026-06-14,ICU,Under Observation
2209,195,2025-07-08,2026-07-04,Private,Discharged
7,6,2024-11-12,2026-06-15,General,Under Observation
2073,120,2024-11-04,2026-06-12,ICU,Under Observation
2185,28,2025-11-23,2026-07-04,Emergency,Under Observation
2946,60,2026-04-21,2026-06-10,Private,Under Observation
1029,1,2026-01-04,2026-06-14,General,Admitted
502,34,2026-02-28,2026-06-21,Private,Under Observation
1337,29,2026-04-16,2026-06-21,General,Discharged
240,200,2024-11-05,2026-07-05,General,Under Observation
2963,183,2026-05-30,2026-07-05,Emergency,Under Observation
739,49,2024-06-21,2026-06-14,ICU,Admitted
1782,13,2025-03-14,2026-06-14,General,Admitted
167,30,2025-02-05,2026-06-30,Private,Under Observation
764,181,2026-05-30,2026-06-19,Emergency,Under Observation
2994,200,2024-12-21,2026-07-07,ICU,Under Observation
2321,90,2025-11-15,2026-06-12,ICU,Discharged
2235,159,2025-11-12,2026-07-05,General,Under Observation
1887,79,2024-10-28,2026-06-11,Emergency,Under Observation
1544,126,2025-05-15,2026-06-21,Emergency,Under Observation
2600,8,2026-02-16,2026-07-01,ICU,Under Observation
1733,159,2025-02-11,2026-06-18,General,Admitted
460,38,2025-03-16,2026-06-28,General,Discharged
692,85,2026-05-09,2026-07-06,General,Discharged
1518,166,2024-11-29,2026-06-27,Emergency,Under Observation
1720,146,2024-11-14,2026-06-11,Emergency,Admitted
74,173,2025-04-21,2026-06-24,ICU,Discharged
2563,89,2025-01-12,2026-06-13,Private,Discharged
1759,61,2024-11-12,2026-06-30,Private,Discharged
2492,171,2025-11-12,2026-06-25,ICU,Under Observation
1701,28,2026-01-16,2026-07-05,General,Discharged
328,117,2026-02-24,2026-06-10,ICU,Discharged
869,142,2025-05-31,2026-06-23,Emergency,Admitted
332,64,2024-09-18,2026-06-09,Private,Discharged
2030,20,2025-02-23,2026-07-06,General,Under Observation
915,72,2025-11-11,2026-07-02,ICU,Admitted
613,45,2024-10-16,2026-06-23,Emergency,Admitted
1312,79,2026-03-19,2026-07-07,Emergency,Admitted
1044,10,2025-12-31,2026-06-10,Emergency,Under Observation
2793,166,2025-08-25,2026-06-11,General,Discharged
2907,168,2025-09-03,2026-07-04,Emergency,Under Observation
1246,120,2025-03-01,2026-06-15,Emergency,Under Observation
1837,125,2025-11-03,2026-06-18,General,Admitted
2668,128,2025-10-07,2026-07-02,Private,Under Observation
2215,198,2025-11-27,2026-06-28,General,Admitted
837,118,2024-10-11,2026-07-01,Private,Admitted
1177,120,2026-04-10,2026-07-03,General,Admitted
1658,144,2024-12-02,2026-06-20,ICU,Admitted
2617,70,2026-05-02,2026-06-18,Private,Discharged
2636,59,2025-12-18,2026-06-13,Private,Discharged
1436,69,2024-06-29,2026-06-30,ICU,Under Observation
22,150,2025-06-01,2026-06-26,General,Admitted
1565,190,2025-09-16,2026-07-02,ICU,Discharged
2005,40,2024-11-23,2026-06-14,General,Under Observation
464,21,2025-02-22,2026-06-24,Private,Discharged
657,160,2025-12-29,2026-06-30,General,Admitted
2628,7,2025-04-09,2026-06-19,ICU,Discharged
855,52,2024-08-24,2026-07-03,ICU,Under Observation
1509,22,2026-02-09,2026-07-02,Emergency,Under Observation
1673,161,2024-10-11,2026-06-26,Private,Discharged
666,40,2025-05-03,2026-06-21,Private,Under Observation
479,13,2024-09-24,2026-06-23,General,Discharged
1746,56,2026-06-01,2026-06-12,General,Discharged
383,178,2025-08-18,2026-06-30,ICU,Under Observation
2488,49,2024-06-24,2026-06-19,Private,Discharged
79,179,2025-05-03,2026-06-29,General,Under Observation
2508,144,2026-04-14,2026-06-28,Emergency,Discharged
79,61,2025-07-28,2026-06-15,General,Admitted
842,117,2025-04-19,2026-06-18,Private,Under Observation
1574,136,2025-12-03,2026-06-21,ICU,Discharged
237,200,2025-05-29,2026-06-25,General,Admitted
2773,114,2024-08-18,2026-07-06,ICU,Under Observation
2464,79,2026-01-25,2026-07-04,ICU,Under Observation
193,7,2026-05-18,2026-07-01,Emergency,Discharged
2744,135,2026-03-03,2026-06-13,Private,Admitted
2524,168,2026-02-09,2026-06-25,General,Admitted
1497,77,2024-08-15,2026-06-27,Private,Discharged
425,9,2024-06-21,2026-06-25,Private,Discharged
1812,116,2024-10-28,2026-06-25,Emergency,Admitted
563,114,2025-08-23,2026-06-24,Private,Admitted
1553,176,2026-05-02,2026-07-02,Private,Under Observation
511,93,2025-04-08,2026-06-28,ICU,Under Observation
697,134,2024-11-12,2026-07-05,General,Discharged
202,37,2024-09-27,2026-06-09,ICU,Discharged
2943,38,2025-11-08,2026-06-25,Emergency,Admitted
2109,130,2024-10-25,2026-06-09,Private,Under Observation
1880,127,2025-07-21,2026-06-14,ICU,Discharged
308,127,2026-04-02,2026-06-21,Private,Admitted
1463,26,2025-08-16,2026-06-26,Private,Discharged
292,130,2025-04-24,2026-06-12,Private,Under Observation
1789,174,2024-06-23,2026-06-15,Emergency,Under Observation
2700,87,2024-11-07,2026-06-14,ICU,Discharged
513,5,2025-04-21,2026-07-02,General,Under Observation
1214,71,2026-01-01,2026-06-11,Private,Admitted
2683,80,2025-10-10,2026-06-14,General,Discharged
1010,29,2024-11-05,2026-06-30,Private,Under Observation
2209,176,2026-01-24,2026-06-18,General,Discharged
611,68,2025-04-01,2026-06-18,General,Under Observation
2777,115,2024-08-22,2026-06-10,General,Discharged
1785,74,2025-07-02,2026-06-24,ICU,Under Observation
2638,178,2024-09-27,2026-07-07,Emergency,Admitted
284,160,2025-01-29,2026-06-19,Emergency,Under Observation
1099,140,2026-01-26,2026-06-25,ICU,Under Observation
2476,116,2025-05-26,2026-06-10,Emergency,Under Observation
1795,151,2026-01-03,2026-06-11,ICU,Under Observation
1028,87,2025-07-25,2026-06-28,General,Discharged
1643,151,2025-02-22,2026-06-20,Private,Discharged
33,193,2025-08-06,2026-06-13,ICU,Discharged
2272,46,2025-02-17,2026-07-05,ICU,Admitted
2155,34,2025-04-16,2026-06-29,Emergency,Under Observation
2978,96,2025-06-17,2026-07-07,ICU,Under Observation
2566,142,2024-09-23,2026-06-11,General,Discharged
1225,102,2025-04-20,2026-06-22,General,Discharged
347,64,2025-09-03,2026-06-30,ICU,Admitted
2881,19,2024-06-18,2026-06-12,Private,Discharged
1478,172,2024-08-19,2026-06-28,Emergency,Under Observation
2166,2,2024-11-03,2026-07-01,Emergency,Discharged
234,106,2024-10-20,2026-06-12,Private,Discharged
1653,33,2026-01-10,2026-07-04,Emergency,Admitted
1565,125,2025-12-17,2026-06-12,Emergency,Admitted
724,91,2026-03-20,2026-06-25,General,Admitted
1882,34,2025-08-31,2026-07-05,ICU,Discharged
1274,146,2024-08-26,2026-06-25,Emergency,Under Observation
711,91,2026-03-05,2026-06-26,Private,Under Observation
1743,36,2026-04-14,2026-06-22,Private,Discharged
563,108,2026-03-11,2026-06-30,ICU,Discharged
1313,29,2025-09-06,2026-06-22,General,Discharged
2951,196,2025-02-02,2026-06-09,General,Discharged
1940,189,2025-09-05,2026-07-05,General,Under Observation
48,71,2024-11-11,2026-06-17,General,Discharged
2570,19,2025-07-29,2026-06-14,ICU,Under Observation
2972,188,2026-06-02,2026-06-26,Emergency,Admitted
1633,8,2025-05-22,2026-06-18,General,Discharged
2926,114,2024-08-14,2026-06-21,General,Under Observation
2371,30,2026-01-29,2026-06-13,Emergency,Under Observation
2784,68,2025-02-26,2026-07-08,Private,Under Observation
983,168,2026-01-04,2026-06-15,Private,Admitted
615,51,2026-03-31,2026-06-13,Emergency,Admitted
2201,169,2025-01-25,2026-07-02,ICU,Discharged
1973,146,2025-01-18,2026-06-09,General,Discharged
1906,68,2024-07-25,2026-06-15,ICU,Under Observation
1596,156,2025-04-10,2026-06-26,General,Admitted
1400,83,2025-06-10,2026-06-10,Emergency,Discharged
461,162,2024-11-23,2026-06-25,Emergency,Admitted
655,137,2025-06-09,2026-06-09,ICU,Discharged
2666,38,2026-05-04,2026-07-01,ICU,Under Observation
216,83,2024-09-20,2026-06-23,General,Discharged
1459,197,2025-07-19,2026-06-23,ICU,Admitted
2444,145,2025-03-20,2026-07-02,Emergency,Discharged
1845,137,2026-04-17,2026-06-13,ICU,Admitted
1437,60,2024-10-18,2026-06-11,General,Admitted
1004,118,2025-03-08,2026-07-08,Private,Discharged
2104,145,2026-05-14,2026-06-29,Private,Under Observation
775,187,2024-10-10,2026-07-02,Private,Admitted
1673,129,2024-06-13,2026-07-05,Emergency,Admitted
1788,200,2025-11-25,2026-06-27,Emergency,Under Observation
1008,22,2024-10-19,2026-06-22,ICU,Admitted
2632,111,2025-06-01,2026-07-07,Private,Under Observation
2093,127,2025-02-24,2026-06-24,Private,Under Observation
2992,165,2024-07-26,2026-07-01,Private,Admitted
1179,38,2025-12-30,2026-07-06,Private,Admitted
1562,147,2024-08-17,2026-06-19,Private,Admitted
143,32,2025-12-30,2026-06-22,Private,Discharged
2999,5,2024-07-27,2026-06-13,Private,Admitted
2918,6,2024-08-12,2026-06-21,ICU,Discharged
658,119,2025-02-06,2026-06-27,General,Under Observation
2256,110,2024-10-01,2026-06-11,Emergency,Discharged
2562,162,2024-07-05,2026-06-24,General,Discharged
611,54,2024-11-25,2026-06-23,ICU,Discharged
2547,20,2026-03-01,2026-07-01,General,Discharged
2303,58,2025-05-29,2026-07-03,Private,Discharged
2294,154,2024-08-08,2026-06-11,General,Admitted
2174,200,2025-12-09,2026-06-22,Emergency,Discharged
1133,19,2025-03-18,2026-06-28,General,Admitted
1476,8,2025-12-25,2026-07-06,General,Admitted
311,150,2024-10-30,2026-07-02,ICU,Under Observation
98,149,2025-03-30,2026-07-02,Emergency,Under Observation
67,9,2025-06-08,2026-06-28,General,Discharged
2639,114,2025-10-17,2026-06-16,Emergency,Admitted
1535,70,2024-08-16,2026-06-15,ICU,Discharged
647,110,2026-03-22,2026-06-15,Emergency,Under Observation
2866,32,2026-04-09,2026-07-04,Emergency,Discharged
2727,186,2025-10-30,2026-06-15,Emergency,Under Observation
1706,142,2024-11-15,2026-06-14,Emergency,Under Observation
1241,135,2025-10-17,2026-06-19,ICU,Under Observation
940,38,2025-07-06,2026-06-29,Private,Admitted
1986,193,2025-07-14,2026-06-16,General,Under Observation
1034,19,2025-09-03,2026-07-02,General,Discharged
2546,22,2025-02-06,2026-06-24,Private,Admitted
477,111,2024-08-04,2026-06-28,General,Discharged
716,73,2026-05-08,2026-06-21,General,Discharged
264,193,2026-04-15,2026-06-10,Private,Admitted
659,57,2025-02-10,2026-07-06,Private,Admitted
619,55,2025-08-28,2026-07-07,Private,Admitted
1283,93,2024-08-09,2026-07-08,ICU,Under Observation
1729,37,2024-07-05,2026-06-18,Emergency,Admitted
1183,81,2024-12-30,2026-07-07,Emergency,Discharged
917,41,2026-01-19,2026-07-05,Emergency,Discharged
2236,123,2026-03-29,2026-07-07,ICU,Discharged
2881,10,2025-06-08,2026-07-05,Private,Admitted
1594,126,2025-10-11,2026-06-21,General,Admitted
530,31,2026-03-19,2026-06-14,Private,Under Observation
1933,23,2024-06-27,2026-07-04,ICU,Discharged
2928,195,2025-04-24,2026-06-23,Emergency,Discharged
1771,11,2024-12-04,2026-06-20,ICU,Admitted
1428,134,2025-05-14,2026-07-03,General,Discharged
957,138,2026-04-12,2026-06-20,Private,Discharged
1879,54,2026-04-09,2026-06-30,Emergency,Under Observation
56,103,2024-06-17,2026-06-12,Emergency,Admitted
1795,189,2026-03-03,2026-07-03,ICU,Under Observation
519,78,2025-07-13,2026-07-05,Emergency,Under Observation
2647,151,2024-08-13,2026-06-26,Emergency,Discharged
2878,79,2025-11-20,2026-06-12,Private,Under Observation
1537,152,2025-05-30,2026-06-10,ICU,Admitted
1529,160,2024-06-13,2026-06-26,Emergency,Under Observation
1622,54,2025-09-06,2026-06-29,Private,Admitted
2931,113,2025-03-09,2026-06-11,ICU,Admitted
249,73,2026-02-03,2026-07-05,Emergency,Admitted
1720,131,2026-05-27,2026-06-16,General,Under Observation
2973,105,2025-12-07,2026-06-17,General,Under Observation
1166,126,2026-01-29,2026-06-30,ICU,Admitted
2034,36,2026-01-20,2026-06-30,General,Discharged
1898,167,2025-10-14,2026-06-18,ICU,Admitted
1193,168,2025-08-05,2026-06-09,Private,Discharged
1150,34,2024-12-13,2026-06-20,Emergency,Under Observation
315,11,2025-09-11,2026-06-18,Private,Admitted
1527,92,2026-04-19,2026-06-19,General,Discharged
1647,195,2024-06-13,2026-06-13,General,Discharged
2025,198,2025-09-04,2026-06-30,Emergency,Under Observation
1199,117,2024-12-23,2026-06-20,Private,Admitted
30,123,2025-12-09,2026-07-06,Private,Discharged
1123,118,2025-07-19,2026-06-10,ICU,Admitted
1789,143,2024-06-21,2026-07-04,Emergency,Discharged
1384,87,2025-09-05,2026-06-17,Private,Discharged
1111,153,2026-04-16,2026-06-30,ICU,Admitted
1910,192,2025-06-19,2026-06-14,ICU,Under Observation
2046,55,2026-02-08,2026-06-17,General,Discharged
2695,176,2025-12-26,2026-06-10,Emergency,Under Observation
283,127,2025-12-30,2026-06-11,Private,Under Observation
892,85,2024-07-01,2026-06-25,General,Discharged
553,181,2025-12-11,2026-06-17,Emergency,Admitted
784,113,2025-02-18,2026-07-06,Emergency,Admitted
62,59,2025-04-01,2026-06-12,General,Discharged
2899,49,2025-09-14,2026-07-08,Emergency,Admitted
1040,112,2026-03-03,2026-07-06,Emergency,Under Observation
467,85,2024-07-06,2026-06-27,ICU,Under Observation
324,98,2026-05-15,2026-06-15,General,Under Observation
2878,150,2025-12-22,2026-06-27,Private,Admitted
369,75,2025-11-03,2026-06-09,General,Discharged
766,13,2024-08-26,2026-06-29,Private,Under Observation
644,1,2024-12-27,2026-06-23,Emergency,Admitted
2510,102,2025-08-11,2026-06-29,General,Under Observation
534,190,2024-11-05,2026-06-13,ICU,Admitted
83,101,2025-10-10,2026-07-02,Private,Under Observation
1981,165,2025-11-17,2026-06-09,ICU,Admitted
2696,170,2025-06-18,2026-06-09,Emergency,Discharged
1267,100,2025-09-26,2026-06-25,Emergency,Under Observation
1954,186,2025-07-06,2026-06-19,General,Discharged
2477,168,2024-09-11,2026-06-29,Emergency,Under Observation
1015,11,2025-10-21,2026-06-12,Private,Admitted
1816,41,2025-10-24,2026-06-29,Emergency,Under Observation
282,77,2026-05-08,2026-07-05,General,Discharged
1557,103,2024-07-20,2026-06-16,Emergency,Discharged
2020,47,2026-04-25,2026-07-07,Private,Discharged
2098,68,2025-10-16,2026-06-13,General,Discharged
1637,104,2025-03-07,2026-06-09,Emergency,Under Observation
2742,191,2024-12-10,2026-06-24,General,Discharged
2893,196,2026-04-27,2026-07-06,ICU,Discharged
2582,18,2024-12-10,2026-06-14,Emergency,Under Observation
1731,200,2026-01-30,2026-06-22,Private,Under Observation
1476,34,2024-06-11,2026-06-24,ICU,Admitted
352,26,2025-04-30,2026-06-11,ICU,Discharged
2821,179,2026-03-09,2026-06-30,Private,Discharged
267,168,2025-08-28,2026-06-11,General,Admitted
1146,155,2026-04-15,2026-06-11,Private,Admitted
2364,89,2024-08-24,2026-07-06,ICU,Discharged
369,61,2024-06-28,2026-07-07,ICU,Admitted
418,179,2024-08-30,2026-07-02,Emergency,Under Observation
1531,81,2026-05-24,2026-06-28,Private,Discharged
740,145,2025-01-29,2026-06-29,Emergency,Under Observation
201,149,2024-06-15,2026-06-30,General,Admitted
1652,93,2025-05-06,2026-06-25,Emergency,Admitted
2437,109,2025-02-10,2026-07-06,ICU,Admitted
444,101,2025-03-26,2026-07-04,Emergency,Admitted
42,161,2026-01-31,2026-06-17,Emergency,Discharged
2169,28,2026-04-18,2026-07-03,Private,Discharged
737,146,2024-12-02,2026-07-06,Private,Admitted
1042,104,2025-01-21,2026-06-24,Private,Admitted
923,131,2025-05-11,2026-07-02,Private,Admitted
1741,76,2024-10-01,2026-06-18,Private,Under Observation
198,59,2026-02-03,2026-06-30,ICU,Admitted
2760,97,2025-02-24,2026-06-10,ICU,Discharged
953,119,2025-10-19,2026-06-10,Private,Under Observation
477,26,2025-12-24,2026-06-14,Emergency,Under Observation
995,61,2024-08-13,2026-06-11,Private,Discharged
1184,164,2025-07-12,2026-06-25,ICU,Under Observation
84,15,2026-02-11,2026-06-28,General,Admitted
2844,53,2024-10-26,2026-06-25,General,Discharged
1365,11,2025-03-18,2026-06-25,General,Under Observation
2837,65,2025-04-15,2026-06-25,Private,Under Observation
374,168,2025-09-21,2026-06-14,Emergency,Admitted
310,159,2024-12-18,2026-06-22,General,Admitted
127,181,2026-01-26,2026-06-16,General,Admitted
1635,183,2026-04-18,2026-06-23,General,Under Observation
2307,94,2025-12-07,2026-06-25,Emergency,Discharged
2693,156,2025-02-22,2026-07-01,Emergency,Discharged
154,177,2025-09-04,2026-06-13,Emergency,Discharged
1433,55,2026-01-01,2026-06-20,General,Under Observation
2440,92,2024-08-07,2026-06-11,Emergency,Under Observation
1596,105,2024-06-28,2026-06-09,General,Discharged
1423,102,2026-01-02,2026-06-27,General,Admitted
1757,174,2025-07-23,2026-06-11,Private,Discharged
1075,185,2025-04-07,2026-06-19,Emergency,Under Observation
2484,193,2025-08-12,2026-06-30,Private,Discharged
346,44,2024-09-29,2026-06-26,General,Under Observation
2032,98,2024-08-22,2026-06-28,General,Admitted
1862,166,2024-08-18,2026-06-30,Private,Admitted
431,89,2026-06-06,2026-06-10,ICU,Under Observation
1490,88,2026-04-06,2026-06-14,Emergency,Admitted
2201,171,2026-01-26,2026-07-08,General,Admitted
686,104,2025-07-26,2026-07-08,Private,Under Observation
2001,60,2024-07-22,2026-06-21,Private,Discharged
2763,90,2025-07-12,2026-06-13,General,Admitted
2118,200,2025-11-12,2026-06-24,Private,Discharged
2327,115,2025-01-30,2026-06-21,Emergency,Admitted
1109,166,2024-08-17,2026-06-26,Private,Under Observation
128,98,2025-11-18,2026-07-04,Private,Admitted
2307,182,2025-11-13,2026-06-29,General,Admitted
2125,49,2026-05-21,2026-06-12,Private,Admitted
777,143,2024-10-11,2026-06-24,Emergency,Discharged
2306,96,2024-12-16,2026-06-20,General,Under Observation
1929,4,2024-10-28,2026-06-18,Private,Admitted
1861,148,2026-03-29,2026-06-29,Emergency,Admitted
749,44,2024-12-06,2026-06-29,Emergency,Discharged
1915,158,2025-10-23,2026-06-15,Private,Discharged
2511,95,2026-04-19,2026-06-28,Emergency,Admitted
87,101,2024-12-13,2026-06-25,Private,Under Observation
279,80,2025-07-06,2026-06-26,Private,Discharged
2425,85,2025-05-24,2026-07-05,General,Admitted
1648,126,2024-12-01,2026-07-07,General,Under Observation
1527,196,2024-09-12,2026-06-25,General,Admitted
2019,181,2025-07-26,2026-06-28,ICU,Admitted
71,36,2024-08-12,2026-06-12,ICU,Discharged
214,185,2025-03-25,2026-06-28,Emergency,Under Observation
1501,6,2025-07-13,2026-07-01,ICU,Admitted
1763,119,2025-12-15,2026-06-28,Emergency,Discharged
1722,125,2025-09-15,2026-06-11,Emergency,Under Observation
2831,154,2025-06-14,2026-07-07,Emergency,Discharged
1725,20,2024-09-07,2026-07-05,Emergency,Discharged
2675,35,2025-01-14,2026-06-14,ICU,Under Observation
2512,21,2025-08-04,2026-06-23,General,Discharged
210,132,2024-07-12,2026-06-14,Private,Discharged
2859,198,2025-07-27,2026-06-25,Private,Under Observation
223,88,2024-08-20,2026-06-29,Emergency,Discharged
2602,73,2024-09-30,2026-06-11,General,Under Observation
1263,65,2026-01-23,2026-07-03,Emergency,Under Observation
1209,158,2024-12-15,2026-06-24,ICU,Under Observation
2431,103,2026-05-17,2026-06-15,Emergency,Admitted
33,73,2025-10-19,2026-06-13,Private,Under Observation
557,146,2025-04-19,2026-06-24,Private,Admitted
1735,55,2025-12-07,2026-06-27,General,Discharged
698,106,2024-07-29,2026-07-08,ICU,Admitted
2692,97,2025-02-16,2026-07-08,Private,Discharged
2490,158,2026-02-27,2026-06-26,Emergency,Under Observation
1414,67,2024-06-10,2026-06-20,Emergency,Admitted
715,174,2025-01-20,2026-07-03,Emergency,Admitted
1455,27,2025-05-05,2026-06-24,Private,Discharged
1032,160,2024-08-17,2026-06-13,Emergency,Admitted
349,101,2025-06-27,2026-06-23,General,Under Observation
1082,168,2026-05-09,2026-07-03,Private,Admitted
2456,18,2025-02-13,2026-06-27,General,Admitted
835,62,2025-05-11,2026-06-30,Emergency,Admitted
2663,108,2024-11-25,2026-06-30,Emergency,Discharged
438,142,2025-01-19,2026-07-07,Private,Discharged
1673,116,2025-09-21,2026-06-26,Private,Discharged
2529,121,2026-02-10,2026-06-30,General,Discharged
1112,14,2024-07-21,2026-06-21,General,Admitted
2284,196,2026-05-24,2026-06-27,Private,Discharged
266,167,2025-05-11,2026-06-30,Private,Discharged
471,187,2025-12-12,2026-06-25,Emergency,Admitted
2195,143,2026-05-06,2026-06-21,Private,Discharged
2185,11,2025-06-15,2026-06-26,Private,Discharged
2896,41,2025-07-12,2026-07-02,Private,Admitted
105,80,2026-03-02,2026-06-23,General,Discharged
830,185,2026-03-11,2026-06-25,Private,Under Observation
1235,180,2025-01-08,2026-06-20,Emergency,Discharged
2477,194,2025-09-04,2026-06-11,Emergency,Discharged
1639,148,2025-06-18,2026-06-17,General,Admitted
443,92,2024-12-23,2026-06-09,Private,Admitted
1732,21,2025-09-16,2026-06-11,Emergency,Under Observation
952,30,2024-09-15,2026-06-23,Emergency,Admitted
2939,141,2025-12-27,2026-06-17,Private,Admitted
1031,118,2026-06-05,2026-07-08,General,Discharged
1863,113,2025-06-07,2026-06-21,Emergency,Discharged
2039,22,2026-04-12,2026-06-29,General,Under Observation
710,28,2025-07-06,2026-07-04,Emergency,Discharged
661,107,2024-10-20,2026-06-30,Private,Under Observation
1067,131,2024-11-16,2026-06-13,Private,Under Observation
2901,192,2025-11-03,2026-07-07,Emergency,Discharged
1293,49,2024-12-22,2026-06-16,General,Under Observation
752,27,2025-03-13,2026-06-17,ICU,Under Observation
1589,47,2026-01-26,2026-06-13,General,Under Observation
2175,161,2025-08-19,2026-06-20,ICU,Under Observation
807,154,2025-05-26,2026-06-15,Private,Discharged
2494,69,2025-11-12,2026-06-21,Private,Under Observation
1983,63,2025-03-19,2026-06-22,ICU,Discharged
1932,75,2025-02-21,2026-07-02,General,Discharged
579,145,2026-05-15,2026-07-01,Emergency,Admitted
585,82,2026-04-08,2026-06-30,Private,Admitted
2427,3,2026-04-25,2026-06-14,ICU,Under Observation
2848,129,2024-08-17,2026-06-28,General,Discharged
2238,182,2025-04-02,2026-06-23,Emergency,Under Observation
1176,161,2024-08-16,2026-06-24,ICU,Discharged
1946,153,2025-12-06,2026-06-22,General,Discharged
2489,92,2024-09-06,2026-06-30,ICU,Admitted
1808,164,2026-03-16,2026-06-18,Private,Admitted
2811,74,2025-01-02,2026-07-05,Private,Discharged
2142,195,2025-01-08,2026-06-25,Private,Admitted
1985,130,2024-09-03,2026-07-02,Emergency,Discharged
2695,91,2026-05-17,2026-06-13,ICU,Under Observation
576,80,2026-03-18,2026-06-19,General,Under Observation
1496,187,2024-11-10,2026-06-28,Emergency,Under Observation
643,14,2025-09-20,2026-06-18,General,Under Observation
432,49,2025-02-23,2026-07-07,General,Under Observation
2735,17,2024-06-25,2026-06-09,Private,Admitted
1599,80,2025-12-12,2026-06-27,General,Discharged
2487,80,2024-09-11,2026-06-23,Private,Discharged
377,36,2025-11-06,2026-06-16,ICU,Admitted
943,11,2025-12-28,2026-07-04,ICU,Under Observation
1231,39,2025-02-01,2026-06-21,General,Discharged
1013,42,2025-05-02,2026-06-24,Emergency,Discharged
264,4,2024-09-04,2026-06-22,General,Under Observation
2873,147,2025-12-17,2026-07-01,Emergency,Discharged
2626,40,2024-06-25,2026-07-04,Emergency,Admitted
1288,184,2025-04-15,2026-06-30,Private,Admitted
11,98,2025-07-12,2026-06-11,Emergency,Discharged
123,23,2024-08-31,2026-06-09,Emergency,Discharged
1768,79,2024-06-17,2026-06-18,ICU,Under Observation
1544,56,2025-01-13,2026-06-24,Emergency,Admitted
469,58,2025-05-02,2026-06-10,Emergency,Discharged
2578,82,2025-01-21,2026-07-02,Emergency,Admitted
2093,128,2026-05-25,2026-07-02,Private,Admitted
213,163,2026-04-19,2026-07-08,Private,Discharged
1500,194,2025-02-27,2026-07-04,Emergency,Admitted
2778,100,2024-06-10,2026-06-22,ICU,Under Observation
235,189,2025-08-17,2026-07-05,General,Discharged
1265,152,2024-11-07,2026-07-08,General,Under Observation
2986,190,2024-09-13,2026-06-16,Emergency,Under Observation
825,104,2024-06-20,2026-06-16,Private,Under Observation
2576,55,2024-06-08,2026-06-23,Private,Discharged
654,26,2025-03-07,2026-06-09,Private,Discharged
2502,37,2026-05-27,2026-06-23,ICU,Discharged
2101,115,2025-10-21,2026-06-20,ICU,Under Observation
1374,68,2025-04-15,2026-06-21,Emergency,Discharged
1476,31,2026-01-20,2026-06-11,ICU,Discharged
710,15,2024-08-08,2026-07-05,ICU,Admitted
1758,54,2025-11-29,2026-07-08,Private,Admitted
231,84,2026-03-07,2026-07-02,General,Admitted
2612,134,2025-10-09,2026-06-20,ICU,Admitted
2805,45,2024-07-17,2026-06-26,Emergency,Admitted
213,199,2025-12-29,2026-06-09,Emergency,Admitted
2591,197,2026-01-30,2026-07-08,Private,Discharged
2089,147,2026-03-23,2026-06-18,General,Admitted
1478,45,2025-06-09,2026-06-25,Emergency,Admitted
177,125,2025-10-15,2026-06-20,Emergency,Discharged
534,68,2025-03-28,2026-06-14,ICU,Discharged
2263,65,2024-06-16,2026-06-23,Private,Discharged
359,101,2024-08-01,2026-06-22,ICU,Admitted
1740,167,2025-12-26,2026-06-20,General,Discharged
2115,171,2025-03-10,2026-06-12,General,Discharged
2108,126,2026-02-25,2026-06-11,General,Under Observation
2999,106,2025-02-04,2026-06-20,Private,Discharged
113,105,2024-12-31,2026-07-03,ICU,Discharged
1865,95,2025-01-01,2026-06-12,General,Under Observation
1921,171,2025-11-24,2026-06-20,ICU,Discharged
243,15,2026-06-02,2026-07-01,Emergency,Discharged
316,43,2026-04-13,2026-07-02,Emergency,Under Observation
2811,20,2024-10-12,2026-06-20,Emergency,Admitted
2007,88,2026-05-21,2026-06-29,General,Under Observation
1195,152,2024-08-27,2026-06-24,Private,Admitted
2161,1,2024-10-18,2026-07-02,Emergency,Admitted
2356,193,2024-07-13,2026-06-25,General,Admitted
432,138,2025-09-04,2026-06-23,ICU,Under Observation
553,150,2025-02-04,2026-06-25,Emergency,Admitted
1979,147,2025-06-24,2026-06-12,ICU,Admitted
1233,187,2024-10-25,2026-06-24,General,Discharged
776,97,2024-08-26,2026-06-19,Emergency,Discharged
2397,130,2024-12-02,2026-07-04,ICU,Discharged
832,126,2024-08-15,2026-06-09,Private,Under Observation
1647,178,2025-06-15,2026-06-28,General,Under Observation
1885,198,2025-10-14,2026-06-26,ICU,Admitted
769,45,2025-01-30,2026-06-14,Emergency,Discharged
1649,12,2026-03-20,2026-06-21,ICU,Under Observation
2839,80,2025-04-27,2026-06-22,General,Admitted
1823,129,2025-10-11,2026-06-27,General,Admitted
667,139,2025-07-23,2026-07-02,ICU,Admitted
820,198,2024-07-11,2026-06-15,General,Discharged
2476,168,2025-10-31,2026-06-12,Private,Admitted
2869,72,2025-12-07,2026-06-29,General,Under Observation
2537,46,2026-01-03,2026-06-21,Emergency,Discharged
2270,126,2025-06-11,2026-06-18,ICU,Discharged
2826,146,2024-12-26,2026-06-26,Private,Under Observation
1910,52,2024-12-09,2026-06-26,General,Admitted
2957,60,2025-08-04,2026-06-12,General,Discharged
2653,73,2025-08-21,2026-06-26,Emergency,Admitted
330,122,2025-01-15,2026-06-15,Emergency,Admitted
2627,179,2026-03-17,2026-06-17,Private,Discharged
1622,59,2025-05-10,2026-06-13,ICU,Under Observation
1125,3,2024-12-05,2026-06-25,General,Discharged
2383,23,2024-07-27,2026-06-23,Emergency,Admitted
1025,19,2025-02-18,2026-07-01,Emergency,Discharged
970,10,2025-03-07,2026-06-18,Emergency,Under Observation
1267,182,2025-09-24,2026-06-29,General,Admitted
863,14,2025-01-29,2026-06-18,Emergency,Under Observation
199,30,2025-11-12,2026-06-14,Private,Admitted
2061,196,2024-06-20,2026-06-14,General,Admitted
1104,60,2025-08-09,2026-06-22,Emergency,Admitted
1311,196,2026-01-07,2026-06-27,General,Under Observation
2274,141,2024-09-24,2026-06-21,Private,Under Observation
812,173,2025-10-15,2026-06-27,ICU,Admitted
905,33,2025-04-20,2026-06-11,ICU,Discharged
134,1,2025-04-09,2026-06-27,Private,Under Observation
2589,188,2025-03-02,2026-06-11,Emergency,Discharged
2281,96,2025-09-11,2026-07-05,ICU,Admitted
1563,24,2025-02-22,2026-06-19,ICU,Under Observation
2997,74,2026-03-10,2026-06-30,ICU,Admitted
844,63,2025-07-17,2026-06-20,General,Discharged
2681,118,2025-03-12,2026-06-24,Emergency,Discharged
1061,99,2026-03-15,2026-06-30,Private,Discharged
2251,102,2025-09-10,2026-06-22,Private,Discharged
2136,26,2025-02-18,2026-07-08,ICU,Discharged
2236,100,2025-07-21,2026-06-29,General,Discharged
2415,64,2025-06-25,2026-07-05,General,Under Observation
2323,33,2024-06-17,2026-06-25,ICU,Under Observation
2169,138,2025-12-23,2026-06-30,Emergency,Discharged
1465,6,2025-03-30,2026-07-06,Emergency,Admitted
905,154,2026-01-30,2026-07-08,Private,Under Observation
17,65,2024-09-28,2026-06-24,Emergency,Under Observation
2673,31,2026-01-09,2026-06-26,Emergency,Discharged
1450,198,2025-03-21,2026-07-06,ICU,Under Observation
2670,66,2024-12-25,2026-06-28,ICU,Discharged
976,56,2025-09-10,2026-07-07,Private,Under Observation
1220,27,2025-11-05,2026-06-25,ICU,Under Observation
1497,93,2024-12-13,2026-06-28,ICU,Admitted
343,136,2026-05-29,2026-06-30,ICU,Admitted
2095,96,2025-09-26,2026-06-14,Emergency,Admitted
1397,192,2024-08-23,2026-07-02,Private,Under Observation
674,133,2024-08-03,2026-06-25,Private,Admitted
2961,76,2024-11-28,2026-06-24,Emergency,Discharged
1142,16,2025-02-14,2026-06-10,General,Under Observation
2197,169,2025-11-27,2026-07-03,General,Under Observation
1453,34,2026-04-06,2026-06-27,ICU,Admitted
1880,7,2025-09-26,2026-07-04,General,Admitted
465,104,2024-07-02,2026-06-14,Emergency,Discharged
2407,153,2024-11-30,2026-06-23,Private,Discharged
2923,9,2024-10-04,2026-06-28,General,Admitted
1900,69,2026-05-01,2026-06-09,Private,Discharged
2591,53,2026-04-09,2026-06-09,General,Under Observation
2724,43,2025-03-29,2026-07-02,Emergency,Discharged
2510,192,2024-06-10,2026-07-02,Private,Under Observation
845,146,2025-04-02,2026-06-14,ICU,Discharged
1685,117,2025-01-12,2026-06-12,General,Discharged
1069,161,2025-06-08,2026-07-05,Private,Admitted
1701,45,2025-11-07,2026-07-06,Emergency,Admitted
695,16,2025-04-08,2026-06-12,Emergency,Admitted
363,156,2025-12-22,2026-06-30,Private,Discharged
1422,113,2024-10-06,2026-06-28,Private,Admitted
650,89,2024-06-16,2026-06-21,Private,Discharged
2194,126,2025-01-02,2026-06-14,Emergency,Discharged
1464,195,2025-08-19,2026-07-05,Emergency,Discharged
2814,41,2026-05-29,2026-06-21,ICU,Discharged
1597,77,2025-12-04,2026-06-19,ICU,Discharged
2577,68,2025-04-11,2026-06-18,ICU,Under Observation
1317,110,2025-03-03,2026-06-25,General,Discharged
588,51,2026-01-17,2026-06-30,Private,Under Observation
1703,34,2025-07-20,2026-06-28,Private,Discharged
2360,183,2026-04-14,2026-07-01,Private,Under Observation
1774,29,2026-05-29,2026-06-14,Private,Admitted
1060,104,2026-02-10,2026-06-17,General,Under Observation
393,103,2025-07-20,2026-07-02,Private,Discharged
2443,156,2025-07-04,2026-06-18,ICU,Admitted
2632,179,2024-10-05,2026-07-06,ICU,Admitted
2428,194,2026-04-27,2026-06-14,Emergency,Discharged
1292,15,2025-01-05,2026-06-15,Private,Discharged
1774,105,2025-02-11,2026-06-26,Emergency,Under Observation
1458,128,2025-05-03,2026-07-06,Emergency,Discharged
1310,151,2025-12-31,2026-06-30,Private,Discharged
159,27,2025-07-21,2026-06-13,Private,Admitted
1030,76,2024-10-10,2026-07-03,General,Admitted
236,98,2025-01-24,2026-07-04,ICU,Discharged
2560,68,2025-09-09,2026-06-25,Emergency,Discharged
1441,83,2024-07-09,2026-07-08,ICU,Discharged
1805,5,2025-02-11,2026-07-06,Emergency,Admitted
1883,41,2025-07-11,2026-06-25,Private,Admitted
1477,51,2025-05-21,2026-06-29,ICU,Discharged
2766,8,2025-06-03,2026-07-08,Emergency,Discharged
1056,47,2024-08-01,2026-06-12,Emergency,Discharged
1702,163,2025-09-15,2026-06-24,General,Under Observation
1480,149,2025-12-12,2026-06-13,ICU,Admitted
2545,36,2025-01-10,2026-06-23,ICU,Under Observation
513,98,2026-05-18,2026-06-23,Emergency,Discharged
392,175,2025-10-30,2026-07-05,ICU,Discharged
1527,87,2024-08-24,2026-06-21,General,Discharged
760,189,2025-04-03,2026-06-16,General,Discharged
346,103,2025-04-01,2026-06-10,Emergency,Admitted
1045,112,2025-10-26,2026-06-22,Private,Under Observation
85,87,2025-01-20,2026-06-10,ICU,Under Observation
2075,2,2025-11-13,2026-06-23,Emergency,Admitted
2463,199,2026-05-06,2026-06-24,ICU,Discharged
80,23,2026-03-17,2026-06-16,ICU,Discharged
2612,89,2024-06-14,2026-06-29,General,Discharged
2275,57,2024-10-16,2026-06-25,General,Admitted
2207,169,2025-10-03,2026-06-15,General,Discharged
927,64,2025-01-18,2026-06-27,General,Under Observation
1336,8,2025-08-23,2026-06-22,ICU,Under Observation
2029,149,2024-10-07,2026-07-08,General,Under Observation
1448,47,2024-12-03,2026-06-20,Private,Admitted
2711,34,2025-06-04,2026-07-03,General,Discharged
1667,9,2026-03-26,2026-06-13,Emergency,Admitted
2118,166,2024-07-05,2026-06-16,Emergency,Discharged
714,138,2025-01-01,2026-06-09,ICU,Under Observation
2449,165,2025-03-18,2026-07-06,Private,Admitted
2713,131,2026-05-15,2026-06-15,ICU,Admitted
684,106,2025-04-11,2026-06-10,ICU,Admitted
352,100,2024-09-20,2026-07-03,Private,Discharged
1708,137,2024-12-25,2026-06-18,General,Discharged
2234,187,2024-07-20,2026-07-03,Private,Discharged
1898,185,2025-09-16,2026-07-08,Emergency,Admitted
2274,102,2025-07-18,2026-06-18,Private,Discharged
2614,62,2025-12-13,2026-07-02,General,Admitted
2642,198,2025-06-29,2026-06-09,ICU,Discharged
1738,98,2025-05-26,2026-06-20,ICU,Under Observation
2401,101,2026-04-28,2026-07-07,Emergency,Discharged
1387,124,2025-01-14,2026-06-26,General,Discharged
1102,144,2024-08-13,2026-06-13,Private,Admitted
2512,32,2024-07-09,2026-06-27,Private,Admitted
1887,171,2025-08-05,2026-06-21,Emergency,Discharged
953,173,2025-08-03,2026-06-29,General,Discharged
2915,95,2025-01-23,2026-06-16,General,Under Observation
1745,192,2024-09-27,2026-07-02,ICU,Under Observation
2414,68,2024-08-12,2026-06-27,Private,Discharged
1246,23,2025-07-15,2026-06-24,General,Admitted
1504,91,2025-06-07,2026-06-16,ICU,Discharged
308,88,2026-03-02,2026-07-02,Emergency,Under Observation
1350,166,2025-08-26,2026-07-01,Emergency,Admitted
959,21,2025-10-02,2026-06-21,Emergency,Discharged
1417,65,2025-10-03,2026-06-23,ICU,Discharged
1933,183,2025-04-18,2026-06-20,General,Discharged
2365,138,2025-05-02,2026-06-22,Private,Under Observation
2749,128,2024-08-07,2026-06-23,ICU,Under Observation
2861,111,2025-10-14,2026-06-17,General,Under Observation
1350,24,2024-06-16,2026-06-25,General,Admitted
2039,151,2025-11-28,2026-06-22,Emergency,Discharged
1361,170,2024-11-12,2026-06-09,Private,Admitted
1180,168,2024-09-22,2026-06-17,Private,Admitted
1331,90,2024-12-11,2026-06-18,Private,Discharged
1376,144,2025-11-01,2026-06-17,Private,Discharged
1354,18,2024-11-18,2026-07-08,General,Admitted
129,26,2026-05-02,2026-06-12,Private,Discharged
227,49,2025-05-14,2026-07-01,General,Under Observation
1939,125,2025-09-02,2026-06-13,General,Discharged
2748,179,2025-09-25,2026-06-16,Private,Under Observation
144,79,2026-06-05,2026-06-15,General,Admitted
2433,165,2026-01-10,2026-06-26,Private,Under Observation
2320,40,2024-09-02,2026-06-13,General,Under Observation
1575,90,2026-05-30,2026-07-06,Emergency,Admitted
2923,29,2025-06-03,2026-06-18,Private,Under Observation
1278,124,2026-01-21,2026-06-18,ICU,Discharged
2951,120,2025-05-03,2026-06-22,General,Under Observation
2733,105,2024-09-17,2026-07-01,General,Under Observation
2104,171,2025-09-14,2026-07-03,General,Admitted
850,89,2025-11-11,2026-06-25,General,Admitted
2035,71,2025-11-19,2026-06-19,Emergency,Under Observation
908,75,2024-12-28,2026-06-17,Emergency,Admitted
1186,142,2026-04-22,2026-07-05,General,Discharged
856,98,2026-02-09,2026-06-25,ICU,Admitted
651,181,2024-11-15,2026-06-24,ICU,Admitted
1321,104,2025-04-11,2026-07-04,Private,Admitted
1096,52,2024-10-03,2026-06-28,Emergency,Discharged
2163,124,2025-08-02,2026-06-20,General,Admitted
2388,184,2026-03-06,2026-06-18,Emergency,Admitted
52,188,2026-03-28,2026-06-27,ICU,Discharged
303,173,2024-12-11,2026-06-24,Emergency,Discharged
1697,181,2025-03-26,2026-06-17,Private,Admitted
240,32,2025-12-12,2026-06-13,Emergency,Under Observation
2610,45,2025-03-28,2026-06-24,ICU,Discharged
1011,82,2025-02-08,2026-06-29,ICU,Under Observation
1654,68,2024-09-21,2026-07-05,Private,Discharged
584,173,2025-01-13,2026-06-12,ICU,Admitted
2852,27,2024-10-19,2026-06-15,Private,Admitted
2272,94,2024-09-17,2026-07-02,Private,Discharged
445,25,2024-06-15,2026-06-15,Private,Discharged
1367,40,2024-06-10,2026-07-02,Private,Admitted
2431,92,2025-08-08,2026-06-19,General,Admitted
362,22,2024-08-29,2026-07-06,General,Discharged
154,21,2025-04-22,2026-06-16,Private,Under Observation
23,107,2025-08-18,2026-06-29,ICU,Discharged
167,131,2025-05-25,2026-06-16,General,Under Observation
2576,175,2025-09-01,2026-06-14,ICU,Discharged
1770,173,2025-08-16,2026-06-19,Emergency,Admitted
868,138,2026-06-04,2026-07-06,ICU,Under Observation
2835,124,2025-09-28,2026-06-18,Emergency,Under Observation
303,115,2025-11-25,2026-06-27,General,Discharged
339,134,2026-02-01,2026-06-12,ICU,Discharged
229,78,2025-07-29,2026-06-20,ICU,Admitted
693,6,2024-10-13,2026-06-10,Emergency,Under Observation
266,76,2024-12-11,2026-06-15,Private,Under Observation
2805,51,2025-09-20,2026-06-18,Private,Discharged
2710,3,2024-08-28,2026-06-17,ICU,Admitted
2601,118,2025-09-13,2026-06-21,Emergency,Admitted
1595,62,2026-05-25,2026-07-06,General,Discharged
2773,146,2026-04-19,2026-06-27,Private,Admitted
615,104,2024-10-17,2026-06-09,ICU,Admitted
1352,34,2025-12-25,2026-06-15,ICU,Under Observation
2744,80,2026-04-24,2026-06-17,Emergency,Discharged
1525,96,2025-03-20,2026-06-22,General,Under Observation
809,16,2026-05-22,2026-06-14,General,Admitted
1966,17,2025-04-12,2026-06-14,Emergency,Admitted
897,39,2024-12-09,2026-06-28,Emergency,Discharged
497,43,2026-03-03,2026-06-27,ICU,Under Observation
1092,36,2025-08-01,2026-07-03,General,Admitted
2180,181,2025-03-29,2026-06-26,General,Discharged
2949,108,2025-12-17,2026-06-12,Private,Admitted
2520,48,2024-11-15,2026-06-11,General,Admitted
2728,176,2024-06-09,2026-06-11,Private,Admitted
1845,193,2025-09-06,2026-06-11,Emergency,Under Observation
630,167,2026-01-16,2026-07-02,Private,Admitted
1761,82,2026-03-03,2026-06-18,Emergency,Under Observation
2097,7,2025-05-06,2026-06-22,Emergency,Admitted
2826,54,2025-10-09,2026-07-08,General,Under Observation
548,155,2025-02-08,2026-07-02,Private,Admitted
1663,33,2024-09-09,2026-06-28,Private,Admitted
148,94,2026-01-31,2026-06-30,ICU,Discharged
836,96,2025-04-30,2026-06-18,Private,Discharged
1044,129,2024-10-20,2026-06-25,Private,Under Observation
1497,31,2025-04-21,2026-06-18,Emergency,Admitted
515,23,2025-07-22,2026-07-01,Emergency,Discharged
1781,112,2024-11-21,2026-06-14,Emergency,Discharged
1094,52,2025-01-11,2026-06-22,Private,Admitted
2468,20,2024-07-28,2026-07-02,ICU,Under Observation
2663,31,2024-10-25,2026-06-27,Emergency,Admitted
550,98,2024-12-03,2026-06-14,General,Under Observation
96,112,2025-05-20,2026-07-07,ICU,Under Observation
1217,7,2025-12-29,2026-07-05,General,Discharged
605,26,2025-02-28,2026-06-19,Emergency,Discharged
2170,59,2025-12-15,2026-06-24,ICU,Under Observation
2141,110,2026-04-03,2026-06-11,Private,Discharged
2885,165,2026-05-04,2026-06-14,ICU,Admitted
1494,87,2025-04-09,2026-06-25,General,Admitted
298,196,2025-02-20,2026-06-25,Private,Admitted
2855,110,2024-06-13,2026-06-18,General,Discharged
730,156,2024-06-24,2026-07-07,Private,Under Observation
429,47,2024-11-17,2026-06-11,Private,Discharged
1440,140,2024-08-11,2026-06-30,Private,Admitted
2088,88,2025-04-21,2026-06-27,Emergency,Admitted
1669,145,2025-06-30,2026-07-05,General,Discharged
1605,131,2025-09-13,2026-06-14,General,Discharged
223,60,2025-02-17,2026-07-02,Emergency,Discharged
816,23,2025-08-30,2026-07-01,Emergency,Admitted
115,8,2025-08-25,2026-07-04,Emergency,Admitted
329,126,2024-11-01,2026-06-14,ICU,Under Observation
2588,110,2025-08-16,2026-06-17,Private,Discharged
1507,97,2025-04-30,2026-06-28,ICU,Discharged
1989,89,2025-10-05,2026-06-27,Emergency,Under Observation
2790,96,2026-05-28,2026-06-15,ICU,Admitted
2763,51,2024-08-29,2026-06-11,ICU,Under Observation
2987,110,2025-11-05,2026-06-27,ICU,Admitted
16,170,2026-05-20,2026-06-09,ICU,Admitted
959,93,2024-12-13,2026-06-27,Private,Under Observation
2403,86,2025-11-12,2026-06-25,ICU,Under Observation
2313,3,2024-06-20,2026-06-10,ICU,Admitted
1071,91,2024-12-27,2026-07-08,ICU,Under Observation
319,121,2024-11-29,2026-07-03,Emergency,Discharged
951,41,2024-07-07,2026-07-04,Emergency,Under Observation
1370,82,2026-05-31,2026-06-25,General,Under Observation
277,45,2024-07-20,2026-06-12,General,Under Observation
8,101,2024-09-02,2026-07-03,General,Admitted
2016,155,2026-03-20,2026-06-12,Emergency,Discharged
2828,181,2026-01-23,2026-06-12,ICU,Discharged
1914,68,2026-06-01,2026-06-22,General,Under Observation
2206,46,2025-06-23,2026-06-18,ICU,Discharged
1304,186,2026-04-02,2026-06-27,Private,Under Observation
2004,90,2025-05-21,2026-07-04,ICU,Discharged
930,98,2026-05-05,2026-06-27,Emergency,Admitted
1152,39,2024-09-22,2026-06-16,Private,Under Observation
278,5,2026-01-10,2026-06-11,ICU,Under Observation
1616,187,2026-01-08,2026-06-11,ICU,Under Observation
1637,176,2025-01-05,2026-06-20,Private,Admitted
2309,75,2024-12-05,2026-06-14,Private,Discharged
895,7,2025-04-30,2026-06-10,Private,Under Observation
2814,114,2026-03-16,2026-06-19,ICU,Under Observation
345,162,2025-09-16,2026-06-23,Emergency,Admitted
362,200,2025-02-28,2026-07-02,ICU,Discharged
2757,95,2025-01-25,2026-07-01,Emergency,Admitted
677,20,2026-05-19,2026-06-17,Private,Admitted
2344,99,2025-10-18,2026-07-08,General,Discharged
2990,163,2025-06-21,2026-06-28,Private,Discharged
591,101,2025-04-03,2026-07-04,ICU,Under Observation
220,90,2024-11-27,2026-06-19,ICU,Under Observation
935,175,2025-01-25,2026-06-15,Private,Under Observation
2925,82,2026-05-23,2026-06-24,Emergency,Admitted
874,102,2026-01-27,2026-06-18,ICU,Discharged
2466,95,2026-03-09,2026-07-06,ICU,Under Observation
388,28,2026-03-05,2026-06-16,Emergency,Under Observation
812,126,2024-10-16,2026-06-21,ICU,Admitted
2908,69,2025-12-09,2026-07-07,General,Under Observation
827,166,2024-06-10,2026-06-25,Private,Discharged
2004,46,2025-10-30,2026-06-19,Private,Under Observation
1575,91,2024-12-20,2026-06-19,General,Under Observation
2051,124,2025-12-23,2026-06-19,Private,Admitted
1992,148,2024-10-23,2026-06-11,Private,Discharged
1032,156,2026-01-14,2026-06-13,Private,Discharged
200,71,2026-01-19,2026-06-15,Private,Discharged
2651,153,2024-09-08,2026-06-10,ICU,Admitted
83,34,2024-06-29,2026-06-18,Emergency,Admitted
2346,168,2025-06-03,2026-06-28,General,Discharged
2931,58,2024-06-20,2026-06-24,Private,Admitted
2898,89,2026-05-13,2026-06-27,General,Admitted
2416,12,2026-04-13,2026-06-11,General,Discharged
220,98,2024-10-09,2026-06-19,Private,Discharged
1561,145,2026-05-24,2026-06-23,General,Admitted
2687,104,2025-08-23,2026-06-14,Private,Under Observation
1423,46,2026-03-16,2026-06-26,Private,Under Observation
2438,143,2026-05-04,2026-07-03,ICU,Discharged
1948,59,2025-04-01,2026-06-12,General,Under Observation
1894,198,2025-03-08,2026-07-02,Private,Discharged
1719,153,2024-07-23,2026-06-12,ICU,Admitted
155,112,2025-02-15,2026-06-28,Emergency,Admitted
2467,147,2025-09-04,2026-07-06,General,Discharged
376,116,2024-06-30,2026-06-13,Private,Under Observation
2118,59,2026-03-12,2026-06-25,Private,Admitted
2985,179,2024-11-12,2026-07-06,ICU,Discharged
2186,184,2025-08-18,2026-06-28,ICU,Admitted
1871,76,2025-09-26,2026-07-06,Emergency,Discharged
73,57,2025-02-16,2026-07-04,General,Under Observation
39,75,2024-07-30,2026-06-15,ICU,Admitted
256,28,2024-10-31,2026-06-13,Emergency,Admitted
2581,73,2025-05-16,2026-06-28,Emergency,Discharged
501,101,2025-03-16,2026-06-17,ICU,Discharged
2307,129,2026-04-02,2026-06-23,General,Admitted
728,3,2025-02-17,2026-06-12,ICU,Discharged
2734,149,2024-11-07,2026-06-22,Private,Under Observation
1850,134,2024-08-11,2026-06-21,Emergency,Admitted
1648,53,2025-12-06,2026-07-01,Emergency,Discharged
1142,122,2026-01-17,2026-07-05,ICU,Discharged
2973,170,2025-03-10,2026-07-07,Emergency,Admitted
668,91,2024-08-01,2026-07-04,Emergency,Under Observation
503,154,2024-10-01,2026-07-06,General,Under Observation
2684,59,2024-08-08,2026-06-30,Emergency,Discharged
2124,5,2024-12-19,2026-06-23,General,Admitted
2460,46,2024-10-21,2026-07-08,Private,Discharged
2877,151,2024-10-25,2026-06-12,Private,Admitted
560,5,2024-08-20,2026-07-06,Emergency,Admitted
1085,52,2026-03-29,2026-06-30,Private,Under Observation
1251,76,2024-10-17,2026-07-08,Emergency,Under Observation
1099,35,2026-02-20,2026-07-01,Private,Under Observation
1816,175,2026-01-12,2026-06-09,ICU,Discharged
2840,84,2025-09-28,2026-06-30,ICU,Discharged
421,168,2024-09-11,2026-07-01,Emergency,Admitted
867,199,2025-07-06,2026-07-01,Private,Under Observation
1777,117,2024-10-27,2026-07-06,Emergency,Under Observation
1916,165,2025-02-02,2026-07-04,Emergency,Under Observation
2367,6,2025-07-11,2026-06-10,Emergency,Admitted
2747,33,2026-01-29,2026-06-13,Private,Under Observation
908,111,2024-12-01,2026-07-02,Emergency,Under Observation
893,77,2026-05-19,2026-06-14,ICU,Discharged
1286,182,2026-04-08,2026-06-09,Emergency,Admitted
2959,44,2025-10-11,2026-06-24,Private,Under Observation
1954,170,2026-02-27,2026-07-01,General,Under Observation
2869,194,2026-02-06,2026-06-09,Emergency,Under Observation
2179,90,2025-11-16,2026-06-14,General,Discharged
1521,199,2024-08-29,2026-07-05,Private,Under Observation
168,14,2024-10-22,2026-06-25,ICU,Under Observation
1491,172,2026-01-04,2026-06-12,Private,Under Observation
1681,121,2025-03-01,2026-06-24,Private,Discharged
365,140,2026-03-14,2026-06-25,Emergency,Under Observation
1281,149,2026-01-19,2026-06-24,ICU,Discharged
1077,43,2024-08-09,2026-06-10,ICU,Discharged
1837,131,2026-01-20,2026-06-25,General,Under Observation
1287,36,2025-10-08,2026-06-22,General,Admitted
2068,81,2026-01-14,2026-07-08,General,Admitted
974,140,2026-01-12,2026-06-09,Emergency,Under Observation
342,26,2025-09-02,2026-06-22,ICU,Admitted
346,80,2025-12-06,2026-07-04,Emergency,Under Observation
1504,38,2025-02-07,2026-07-04,Emergency,Discharged
2445,17,2025-07-22,2026-06-11,Private,Admitted
1212,61,2026-02-17,2026-06-25,ICU,Discharged
2977,30,2025-12-03,2026-06-13,General,Admitted
2647,117,2026-02-03,2026-06-27,Private,Under Observation
2176,74,2024-11-07,2026-06-11,Private,Under Observation
1801,62,2026-06-06,2026-06-13,General,Admitted
2532,1,2024-09-26,2026-06-29,Emergency,Discharged
1430,2,2025-04-14,2026-07-05,Emergency,Under Observation
84,163,2025-09-14,2026-06-22,General,Admitted
2569,70,2025-04-27,2026-06-12,ICU,Admitted
2353,139,2024-07-10,2026-07-01,ICU,Admitted
1594,170,2024-07-19,2026-06-12,Emergency,Discharged
2119,15,2024-07-09,2026-06-20,Private,Admitted
1476,56,2025-07-14,2026-06-09,General,Discharged
1610,111,2025-10-24,2026-06-10,General,Under Observation
1407,115,2025-06-04,2026-07-05,Private,Under Observation
259,129,2026-05-18,2026-06-12,General,Under Observation
2599,4,2025-04-23,2026-06-26,Emergency,Discharged
939,53,2026-04-04,2026-06-12,Emergency,Admitted
1218,143,2026-02-14,2026-06-19,Private,Discharged
2033,96,2024-06-12,2026-06-26,ICU,Under Observation
822,44,2026-04-08,2026-07-02,ICU,Discharged
178,13,2025-09-24,2026-06-11,General,Under Observation
549,104,2025-11-11,2026-07-03,Emergency,Under Observation
2368,191,2026-05-15,2026-06-17,ICU,Under Observation
835,128,2026-02-01,2026-06-26,General,Discharged
2038,96,2024-08-11,2026-06-26,General,Under Observation
2347,69,2025-06-24,2026-07-08,Emergency,Admitted
286,31,2025-01-16,2026-06-30,Private,Admitted
1057,150,2025-09-01,2026-07-05,General,Discharged
2198,64,2025-04-11,2026-06-23,ICU,Under Observation
148,80,2025-02-12,2026-06-26,ICU,Under Observation
2638,95,2026-02-09,2026-06-10,ICU,Discharged
1487,95,2025-09-28,2026-07-01,General,Under Observation
2124,75,2025-12-20,2026-06-17,Emergency,Discharged
2881,44,2025-10-11,2026-06-21,General,Admitted
137,159,2024-11-29,2026-07-08,Emergency,Discharged
376,39,2025-06-14,2026-06-15,General,Discharged
2080,190,2025-12-05,2026-07-06,Private,Discharged
232,50,2025-09-26,2026-06-24,ICU,Under Observation
112,66,2024-10-22,2026-07-02,Private,Discharged
2757,136,2024-10-16,2026-06-30,Emergency,Admitted
352,108,2025-03-14,2026-06-16,Emergency,Discharged
981,5,2025-09-22,2026-06-09,ICU,Discharged
2209,168,2025-01-08,2026-06-29,Private,Discharged
1501,122,2024-07-27,2026-07-02,General,Admitted
502,42,2024-09-22,2026-06-25,Private,Under Observation
397,132,2025-06-05,2026-06-26,Private,Admitted
1343,100,2026-01-30,2026-06-24,Private,Under Observation
2322,165,2026-05-17,2026-06-15,Emergency,Discharged
2897,150,2026-01-05,2026-06-27,Emergency,Admitted
1094,163,2024-09-02,2026-07-06,Emergency,Admitted
2717,133,2025-10-26,2026-06-20,ICU,Discharged
2927,165,2026-02-04,2026-07-05,Emergency,Discharged
2306,165,2025-08-18,2026-07-05,Private,Discharged
906,184,2026-01-23,2026-06-28,General,Discharged
1608,25,2025-11-25,2026-06-15,ICU,Discharged
597,140,2025-07-11,2026-06-19,ICU,Discharged
1664,124,2025-06-23,2026-06-27,ICU,Discharged
2880,15,2026-01-06,2026-06-22,Private,Under Observation
1925,165,2024-09-09,2026-07-01,General,Discharged
464,63,2024-11-09,2026-06-30,Private,Under Observation
1094,82,2024-07-15,2026-06-24,General,Under Observation
2789,138,2025-06-14,2026-06-19,ICU,Discharged
2275,77,2026-02-24,2026-06-14,Emergency,Under Observation
812,91,2025-01-04,2026-06-22,General,Admitted
2837,160,2026-02-04,2026-06-30,ICU,Discharged
1616,195,2025-04-11,2026-06-27,General,Admitted
2015,87,2024-12-28,2026-06-15,Emergency,Under Observation
214,19,2024-09-23,2026-06-17,Private,Admitted
1298,176,2025-12-03,2026-06-10,Emergency,Admitted
1855,6,2025-09-10,2026-06-23,General,Under Observation
2185,69,2025-01-07,2026-07-06,ICU,Under Observation
1028,125,2026-02-22,2026-06-14,General,Under Observation
2865,27,2025-10-04,2026-06-13,Emergency,Admitted
1280,29,2025-06-07,2026-06-23,Private,Admitted
1739,152,2024-10-29,2026-06-12,Private,Under Observation
310,110,2024-11-27,2026-07-04,Emergency,Admitted
529,139,2024-10-25,2026-06-30,Private,Under Observation
2979,11,2025-01-20,2026-06-24,Emergency,Under Observation
2068,22,2024-09-04,2026-07-03,ICU,Admitted
2467,162,2024-10-16,2026-07-05,ICU,Under Observation
2660,153,2024-12-13,2026-07-06,Private,Under Observation
1032,31,2025-04-23,2026-06-23,General,Discharged
2031,60,2024-07-31,2026-06-13,Emergency,Admitted
201,120,2026-01-04,2026-06-30,General,Discharged
495,143,2024-11-02,2026-06-26,General,Discharged
1481,125,2025-10-09,2026-07-05,Private,Admitted
2949,56,2026-03-23,2026-06-16,ICU,Under Observation
873,186,2024-10-31,2026-06-24,Emergency,Under Observation
2806,125,2025-12-02,2026-06-29,Private,Under Observation
2434,7,2025-12-05,2026-06-09,Emergency,Under Observation
2091,17,2026-05-16,2026-07-06,Private,Admitted
958,133,2024-11-16,2026-06-14,ICU,Under Observation
2293,28,2025-03-16,2026-07-03,General,Discharged
2683,110,2025-04-29,2026-06-30,ICU,Under Observation
337,194,2026-03-29,2026-06-17,ICU,Discharged
710,162,2025-06-21,2026-06-26,Emergency,Admitted
1401,198,2026-05-11,2026-06-12,ICU,Under Observation
490,113,2025-08-12,2026-06-29,Private,Admitted
453,180,2026-05-27,2026-06-23,ICU,Under Observation
2954,141,2025-06-01,2026-06-29,General,Discharged
1874,37,2026-03-26,2026-06-15,Private,Admitted
108,33,2025-02-03,2026-07-02,ICU,Under Observation
2245,122,2025-12-01,2026-06-11,Emergency,Admitted
2430,120,2025-09-19,2026-06-22,ICU,Admitted
241,68,2025-03-27,2026-06-27,ICU,Discharged
2091,54,2025-03-01,2026-07-06,ICU,Discharged
915,33,2026-06-07,2026-06-28,Emergency,Admitted
2252,91,2025-09-04,2026-06-12,Emergency,Admitted
766,91,2025-11-29,2026-07-01,General,Discharged
2758,20,2025-12-16,2026-07-05,General,Admitted
1269,102,2024-09-10,2026-06-09,Emergency,Discharged
1104,196,2026-02-25,2026-07-03,Private,Under Observation
2414,92,2025-07-01,2026-06-19,Private,Admitted
1104,62,2025-11-12,2026-06-11,Private,Admitted
834,59,2025-04-08,2026-06-24,Private,Under Observation
2376,65,2026-01-06,2026-06-14,General,Under Observation
1708,132,2025-07-17,2026-06-10,Private,Under Observation
1153,144,2025-04-10,2026-07-08,Emergency,Discharged
34,148,2024-09-28,2026-06-23,Emergency,Under Observation
1353,181,2024-12-07,2026-06-17,Emergency,Under Observation
2683,35,2025-02-18,2026-06-23,General,Under Observation
574,178,2025-05-28,2026-06-16,ICU,Under Observation
408,27,2025-06-16,2026-06-29,Private,Admitted
274,52,2026-04-19,2026-06-29,General,Admitted
1925,114,2026-01-18,2026-06-21,Private,Discharged
2589,84,2025-11-01,2026-06-17,ICU,Under Observation
670,53,2025-03-03,2026-07-08,Emergency,Admitted
2989,53,2025-01-11,2026-06-14,General,Admitted
1895,137,2025-05-16,2026-06-17,Private,Under Observation
136,89,2026-01-06,2026-06-27,General,Under Observation
934,140,2025-10-24,2026-06-24,Emergency,Under Observation
1059,80,2024-11-29,2026-07-05,ICU,Discharged
1787,161,2025-09-22,2026-06-30,ICU,Under Observation
669,148,2024-08-21,2026-06-14,Private,Discharged
1663,11,2024-12-02,2026-06-14,General,Under Observation
705,106,2025-02-19,2026-06-12,Private,Admitted
1765,51,2025-11-26,2026-07-05,ICU,Under Observation
2034,198,2024-09-28,2026-06-22,Emergency,Under Observation
1889,101,2025-11-21,2026-06-10,Private,Discharged
1283,124,2025-12-09,2026-06-14,ICU,Discharged
2591,78,2025-05-16,2026-07-05,Private,Admitted
1487,4,2024-07-03,2026-06-18,Private,Under Observation
292,187,2024-10-28,2026-06-26,ICU,Discharged
756,114,2026-04-21,2026-06-15,Private,Under Observation
2187,8,2026-06-02,2026-06-15,Emergency,Discharged
529,180,2025-03-13,2026-06-28,Private,Admitted
2812,12,2025-02-17,2026-06-13,Emergency,Under Observation
2440,59,2026-06-03,2026-06-16,Emergency,Discharged
1452,118,2024-11-03,2026-06-22,General,Under Observation
81,199,2025-02-15,2026-06-25,General,Admitted
777,177,2025-06-14,2026-07-02,Private,Discharged
2816,89,2025-09-23,2026-07-02,Private,Discharged
812,153,2026-04-12,2026-07-03,Emergency,Under Observation
2890,85,2024-08-24,2026-07-07,ICU,Discharged
2324,9,2025-01-20,2026-07-03,ICU,Admitted
2198,55,2024-09-06,2026-06-27,Emergency,Admitted
2196,147,2025-01-19,2026-06-20,General,Admitted
1559,64,2025-07-17,2026-06-14,General,Under Observation
1874,117,2026-02-06,2026-06-28,Emergency,Discharged
1455,178,2026-04-12,2026-06-25,Emergency,Under Observation
2571,60,2025-03-08,2026-06-14,ICU,Discharged
466,129,2026-01-17,2026-06-17,General,Under Observation
1911,167,2025-05-15,2026-06-21,ICU,Admitted
156,141,2025-03-18,2026-06-27,General,Admitted
1679,83,2024-06-20,2026-06-20,General,Under Observation
405,43,2024-08-27,2026-06-14,Emergency,Admitted
332,137,2026-04-19,2026-06-11,Emergency,Under Observation
2546,73,2025-04-20,2026-06-21,Private,Admitted
52,169,2024-12-18,2026-06-15,Private,Admitted
2566,7,2026-05-22,2026-06-22,General,Under Observation
1951,37,2024-08-30,2026-07-03,ICU,Discharged
537,151,2026-02-09,2026-06-12,Emergency,Admitted
2999,185,2025-12-16,2026-06-14,Emergency,Under Observation
2515,2,2026-03-27,2026-06-14,Private,Admitted
2676,70,2025-06-16,2026-07-05,Emergency,Under Observation
2425,47,2026-01-23,2026-06-25,Private,Under Observation
1971,144,2024-08-26,2026-06-12,General,Under Observation
327,139,2025-06-21,2026-06-18,General,Discharged
1797,67,2025-04-01,2026-07-04,Private,Admitted
809,133,2024-10-14,2026-07-03,General,Discharged
1458,195,2024-07-06,2026-06-21,General,Admitted
1827,134,2025-01-30,2026-06-19,General,Admitted
497,65,2024-07-16,2026-06-22,Emergency,Under Observation
2336,11,2025-10-31,2026-06-14,General,Under Observation
2135,98,2025-08-13,2026-06-14,ICU,Discharged
96,139,2026-05-10,2026-06-17,General,Under Observation
786,175,2025-06-27,2026-06-12,ICU,Under Observation
1092,148,2026-01-22,2026-06-29,General,Discharged
209,153,2024-06-11,2026-06-14,General,Discharged
1759,83,2025-04-04,2026-07-07,General,Admitted
2241,170,2024-12-13,2026-06-23,ICU,Discharged
973,128,2026-02-18,2026-06-20,General,Admitted
1984,53,2025-07-02,2026-06-22,ICU,Under Observation
634,9,2026-05-24,2026-07-07,ICU,Admitted
1321,183,2025-09-01,2026-07-07,Emergency,Discharged
2806,24,2025-12-30,2026-06-17,Emergency,Admitted
56,75,2025-10-17,2026-06-24,ICU,Admitted
2314,139,2025-11-14,2026-07-04,General,Under Observation
2785,61,2024-12-01,2026-07-04,General,Admitted
101,151,2025-02-01,2026-07-02,Emergency,Admitted
2050,21,2026-03-29,2026-06-21,General,Under Observation
206,154,2025-10-05,2026-06-16,ICU,Admitted
1163,193,2025-04-13,2026-07-05,ICU,Under Observation
439,186,2024-12-25,2026-07-07,ICU,Discharged
1056,161,2026-01-31,2026-06-13,Private,Discharged
1394,56,2024-07-01,2026-07-02,General,Admitted
2116,164,2026-04-09,2026-06-27,General,Under Observation
2759,67,2025-11-11,2026-06-11,General,Discharged
2757,111,2025-07-30,2026-06-09,General,Under Observation
1451,20,2024-06-20,2026-06-29,Emergency,Admitted
2990,123,2024-07-22,2026-07-07,ICU,Under Observation
1034,153,2026-03-31,2026-07-03,ICU,Discharged
2460,12,2026-04-01,2026-07-02,ICU,Under Observation
1664,147,2026-03-09,2026-06-21,Private,Admitted
695,42,2025-12-14,2026-06-14,Emergency,Under Observation
2725,123,2025-07-10,2026-06-25,Private,Under Observation
1212,113,2024-08-18,2026-07-08,General,Discharged
1968,141,2024-11-01,2026-07-07,ICU,Under Observation
1997,41,2025-11-24,2026-06-14,General,Admitted
2326,113,2024-12-08,2026-06-16,General,Admitted
2238,59,2025-08-04,2026-07-07,General,Discharged
2918,116,2025-01-29,2026-07-08,ICU,Admitted
1841,172,2025-08-20,2026-06-13,Private,Discharged
59,164,2025-06-01,2026-06-18,Private,Admitted
2286,133,2025-06-18,2026-06-30,ICU,Admitted
160,172,2024-12-08,2026-06-25,ICU,Admitted
2075,162,2024-09-28,2026-06-14,ICU,Discharged
2338,121,2025-04-18,2026-06-19,ICU,Admitted
1313,166,2025-07-25,2026-06-20,General,Discharged
921,6,2025-09-17,2026-07-03,Emergency,Discharged
596,9,2024-07-25,2026-06-29,Private,Admitted
334,200,2024-08-19,2026-06-28,General,Admitted
2377,133,2025-12-29,2026-06-24,General,Discharged
1195,43,2024-09-22,2026-06-14,General,Under Observation
2175,24,2025-09-15,2026-06-12,ICU,Admitted
646,71,2025-07-15,2026-06-12,Private,Discharged
756,129,2026-03-08,2026-06-15,General,Admitted
1342,162,2026-06-03,2026-06-26,ICU,Admitted
405,142,2026-03-19,2026-07-02,ICU,Admitted
24,67,2025-03-07,2026-07-04,ICU,Admitted
866,6,2024-09-06,2026-06-30,General,Under Observation
947,173,2025-10-03,2026-07-04,ICU,Discharged
487,187,2025-02-03,2026-07-04,Private,Discharged
1599,139,2025-05-01,2026-06-30,Emergency,Discharged
1634,144,2024-12-15,2026-06-29,ICU,Admitted
2079,165,2024-07-21,2026-07-07,Private,Discharged
520,67,2026-01-15,2026-06-25,Private,Discharged
2469,181,2025-09-08,2026-06-24,ICU,Under Observation
1340,77,2026-04-17,2026-07-06,Private,Under Observation
422,168,2025-09-30,2026-07-04,ICU,Under Observation
1632,70,2025-10-23,2026-06-18,Emergency,Admitted
1179,90,2024-08-28,2026-06-10,Private,Under Observation
2763,22,2025-11-14,2026-07-03,ICU,Discharged
842,112,2025-06-23,2026-06-16,ICU,Admitted
631,117,2025-06-24,2026-06-26,Private,Under Observation
658,98,2025-09-19,2026-07-03,General,Under Observation
1093,131,2025-06-17,2026-06-12,Emergency,Discharged
1879,77,2025-12-08,2026-06-17,General,Admitted
856,101,2024-12-14,2026-06-20,Emergency,Under Observation
301,179,2024-09-05,2026-06-21,Emergency,Discharged
2787,57,2025-01-27,2026-07-04,Emergency,Under Observation
1796,67,2024-10-04,2026-07-08,Private,Admitted
656,46,2025-05-11,2026-06-30,Emergency,Discharged
1786,168,2025-05-24,2026-06-09,Private,Admitted
284,140,2026-04-28,2026-07-02,General,Under Observation
2611,144,2026-03-12,2026-06-27,Private,Admitted
46,20,2024-11-30,2026-06-12,ICU,Under Observation
2000,19,2025-07-04,2026-07-03,General,Under Observation
1526,10,2026-04-20,2026-07-05,Private,Admitted
2229,88,2025-04-30,2026-06-27,Emergency,Discharged
131,161,2025-08-11,2026-07-08,Private,Admitted
99,86,2025-02-05,2026-06-23,General,Admitted
991,70,2024-08-14,2026-06-18,Private,Discharged
675,28,2025-06-18,2026-07-03,ICU,Under Observation
2167,165,2024-10-04,2026-07-07,Private,Admitted
551,140,2024-11-25,2026-06-28,ICU,Discharged
623,42,2025-08-19,2026-06-15,General,Under Observation
980,162,2025-10-05,2026-06-09,Private,Under Observation
440,59,2024-12-15,2026-06-19,ICU,Discharged
17,200,2024-06-28,2026-07-04,General,Discharged
1793,116,2026-02-16,2026-06-15,General,Under Observation
1627,21,2025-09-02,2026-06-16,Private,Under Observation
57,51,2026-04-16,2026-06-09,ICU,Discharged
2395,40,2025-09-22,2026-07-08,Private,Discharged
1864,1,2024-06-17,2026-07-04,General,Admitted
1085,153,2025-09-11,2026-06-17,Emergency,Discharged
187,105,2026-05-21,2026-06-18,ICU,Admitted
1758,86,2024-10-17,2026-06-12,General,Admitted
739,90,2025-05-24,2026-07-07,Emergency,Admitted
2810,102,2024-09-14,2026-06-13,Private,Admitted
629,162,2024-08-26,2026-06-15,Private,Admitted
261,54,2025-09-13,2026-07-07,General,Discharged
2917,13,2025-09-24,2026-06-29,ICU,Discharged
17,190,2025-12-05,2026-07-02,Private,Discharged
2048,194,2025-03-19,2026-06-26,ICU,Admitted
1190,191,2025-04-01,2026-07-07,ICU,Discharged
2706,6,2024-11-03,2026-07-04,General,Under Observation
2519,40,2024-09-08,2026-06-23,General,Admitted
919,142,2026-04-10,2026-06-22,General,Admitted
1863,108,2025-11-16,2026-06-17,ICU,Discharged
1255,176,2025-03-10,2026-06-10,General,Discharged
1719,12,2025-01-14,2026-06-15,ICU,Admitted
1386,116,2025-06-18,2026-06-17,Private,Discharged
147,72,2025-02-19,2026-06-16,General,Discharged
747,13,2024-06-12,2026-07-02,ICU,Discharged
676,150,2024-10-24,2026-06-19,General,Under Observation
35,199,2025-10-05,2026-06-24,Emergency,Admitted
1716,35,2025-01-30,2026-06-18,Private,Admitted
2441,19,2025-08-28,2026-06-23,Emergency,Admitted
2499,125,2025-02-02,2026-07-07,ICU,Admitted
2623,131,2025-08-06,2026-07-05,ICU,Discharged
2188,53,2025-07-30,2026-06-30,General,Admitted
2891,137,2024-07-27,2026-06-17,General,Admitted
1059,158,2024-08-24,2026-06-10,Private,Discharged
849,181,2025-04-14,2026-06-09,Private,Discharged
2057,89,2024-10-12,2026-06-28,ICU,Discharged
2829,56,2025-12-09,2026-07-07,ICU,Discharged
573,13,2025-02-14,2026-06-25,ICU,Admitted
2127,141,2025-01-19,2026-06-29,General,Under Observation
196,31,2024-06-23,2026-07-06,Emergency,Under Observation
2645,20,2024-11-09,2026-07-03,Emergency,Under Observation
2035,85,2025-07-11,2026-06-15,ICU,Discharged
605,31,2025-04-17,2026-06-10,ICU,Discharged
491,187,2026-02-02,2026-06-12,Private,Admitted
1682,104,2025-06-05,2026-06-16,General,Admitted
2288,195,2025-12-16,2026-06-28,Emergency,Discharged
1144,196,2024-08-01,2026-06-18,Emergency,Admitted
2144,15,2025-12-14,2026-06-22,Private,Admitted
1665,167,2026-04-03,2026-06-24,General,Discharged
2321,28,2024-12-05,2026-07-04,Private,Admitted
1551,112,2026-04-16,2026-06-21,ICU,Discharged
2792,66,2026-04-12,2026-06-19,Private,Admitted
1916,97,2025-11-27,2026-07-06,Private,Under Observation
96,164,2026-05-31,2026-07-05,General,Under Observation
1267,45,2026-04-07,2026-06-21,Private,Discharged
2642,165,2026-02-27,2026-07-08,ICU,Admitted
2769,127,2026-02-06,2026-06-09,Emergency,Discharged
572,194,2025-06-04,2026-06-28,ICU,Under Observation
1780,100,2026-05-26,2026-07-06,Private,Discharged
2910,168,2026-05-24,2026-06-13,ICU,Discharged
2147,136,2026-06-04,2026-06-16,Private,Under Observation
2722,108,2024-10-24,2026-06-22,Emergency,Discharged
1247,56,2025-07-09,2026-06-27,General,Discharged
917,89,2024-08-22,2026-06-24,Emergency,Discharged
1344,123,2026-02-11,2026-06-22,Emergency,Discharged
2732,57,2025-09-22,2026-06-30,ICU,Admitted
435,11,2025-04-17,2026-07-03,Emergency,Admitted
2062,107,2025-08-02,2026-06-29,Private,Discharged
664,114,2025-10-19,2026-06-23,Emergency,Admitted
1658,136,2025-11-21,2026-06-21,Private,Admitted
2320,97,2026-03-31,2026-06-14,ICU,Discharged
2563,92,2024-06-29,2026-07-02,General,Discharged
1400,126,2026-04-29,2026-06-21,Private,Under Observation
1663,184,2026-04-21,2026-06-27,General,Admitted
2456,162,2026-06-06,2026-06-10,General,Discharged
2308,84,2026-06-03,2026-06-28,Private,Discharged
2024,57,2026-01-19,2026-07-07,Emergency,Admitted
374,193,2024-11-26,2026-07-01,Emergency,Admitted
2902,195,2025-03-30,2026-06-20,ICU,Admitted
2769,146,2025-03-21,2026-06-23,Private,Under Observation
715,43,2024-06-15,2026-07-03,General,Under Observation
2063,73,2025-06-21,2026-06-25,General,Discharged
1127,175,2025-04-07,2026-06-28,General,Admitted
1613,175,2025-03-16,2026-06-22,ICU,Admitted
1479,127,2024-09-19,2026-06-29,ICU,Under Observation
308,36,2024-11-28,2026-06-18,Emergency,Admitted
43,75,2025-06-08,2026-06-13,Emergency,Admitted
236,122,2025-02-15,2026-06-21,Private,Admitted
2566,11,2025-03-31,2026-07-07,ICU,Discharged
1696,165,2025-10-14,2026-06-24,ICU,Discharged
486,132,2025-03-09,2026-06-11,General,Under Observation
2883,106,2024-10-11,2026-06-25,Emergency,Discharged
2921,172,2025-07-27,2026-07-05,Emergency,Discharged
2013,62,2025-12-06,2026-06-18,General,Under Observation
2527,126,2024-11-25,2026-06-24,General,Admitted
1571,150,2024-07-20,2026-06-24,ICU,Admitted
2561,18,2025-03-10,2026-07-06,General,Discharged
1694,150,2024-07-13,2026-06-15,Emergency,Discharged
2374,10,2024-10-31,2026-06-16,General,Admitted
255,128,2026-02-21,2026-07-03,Emergency,Admitted
2555,87,2025-01-26,2026-07-05,General,Admitted
2847,126,2025-11-10,2026-06-12,Private,Under Observation
2119,163,2025-06-08,2026-06-26,ICU,Under Observation
1181,25,2026-05-28,2026-06-22,ICU,Admitted
157,52,2025-04-22,2026-06-11,Private,Discharged
635,39,2024-06-15,2026-06-14,ICU,Under Observation
1470,187,2024-10-10,2026-06-18,General,Discharged
2732,130,2025-02-27,2026-06-20,ICU,Admitted
2983,153,2024-09-22,2026-06-21,General,Admitted
285,69,2026-01-22,2026-06-12,Private,Discharged
2885,51,2025-04-27,2026-06-12,Emergency,Under Observation
731,80,2024-12-27,2026-06-28,ICU,Discharged
162,152,2024-09-13,2026-06-30,Emergency,Under Observation
1534,193,2024-11-03,2026-07-03,Private,Discharged
722,129,2024-10-28,2026-06-20,General,Admitted
2939,7,2026-02-16,2026-06-15,Private,Discharged
1551,185,2025-06-04,2026-06-13,Private,Under Observation
635,113,2025-10-08,2026-06-25,Emergency,Discharged
1534,182,2025-01-06,2026-07-02,General,Admitted
352,186,2026-01-18,2026-06-23,Emergency,Under Observation
407,22,2024-10-31,2026-06-27,Emergency,Discharged
617,52,2026-06-05,2026-06-20,General,Discharged
224,65,2025-06-24,2026-07-07,Private,Discharged
2970,51,2024-11-09,2026-07-01,ICU,Discharged
360,52,2026-02-26,2026-06-22,Emergency,Admitted
582,50,2026-05-17,2026-06-30,Private,Admitted
409,161,2024-06-28,2026-06-23,ICU,Under Observation
1495,93,2025-07-01,2026-06-29,General,Admitted
2949,108,2025-08-27,2026-06-09,General,Under Observation
2455,78,2026-03-14,2026-06-28,Private,Admitted
572,131,2025-05-26,2026-06-23,General,Admitted
2045,54,2026-02-13,2026-06-27,General,Admitted
2198,4,2025-10-21,2026-07-08,ICU,Under Observation
146,44,2024-08-24,2026-06-30,ICU,Discharged
2568,100,2024-07-07,2026-06-21,ICU,Discharged
1956,149,2024-12-27,2026-07-04,ICU,Under Observation
1134,79,2024-06-28,2026-06-11,Emergency,Under Observation
2528,108,2025-12-25,2026-06-26,ICU,Under Observation
2555,153,2026-05-24,2026-06-27,Emergency,Admitted
2583,148,2025-02-14,2026-06-10,General,Under Observation
2692,70,2025-04-09,2026-06-17,Private,Discharged
2639,24,2024-11-24,2026-06-18,Private,Discharged
2765,95,2024-11-16,2026-06-14,Emergency,Discharged
920,158,2025-07-11,2026-06-11,ICU,Admitted
524,54,2025-05-17,2026-06-13,General,Discharged
313,165,2026-05-14,2026-06-20,General,Under Observation
2733,105,2024-12-15,2026-06-17,General,Admitted
1736,193,2024-08-10,2026-06-22,ICU,Admitted
2119,50,2024-12-16,2026-06-29,Private,Under Observation
606,50,2026-03-10,2026-06-20,General,Under Observation
2678,37,2025-03-14,2026-06-22,Emergency,Admitted
483,117,2024-10-08,2026-06-10,ICU,Admitted
724,93,2024-09-23,2026-06-22,Private,Admitted
1517,169,2025-10-10,2026-06-29,Emergency,Discharged
85,175,2025-04-19,2026-07-05,General,Discharged
1210,76,2024-11-07,2026-06-10,General,Admitted
2438,193,2025-11-20,2026-07-04,Emergency,Discharged
532,153,2026-02-27,2026-06-20,Private,Discharged
2469,144,2026-03-02,2026-06-17,Emergency,Discharged
1140,34,2025-02-24,2026-06-16,ICU,Discharged
2667,135,2024-08-03,2026-06-18,Emergency,Under Observation
483,95,2025-07-26,2026-06-24,Private,Under Observation
108,85,2025-05-21,2026-07-08,Private,Under Observation
1284,146,2025-11-11,2026-06-14,Private,Discharged
2617,123,2024-09-22,2026-06-22,Emergency,Under Observation
1697,7,2025-02-27,2026-06-09,Emergency,Under Observation
923,35,2026-02-12,2026-07-06,ICU,Under Observation
1384,136,2025-05-12,2026-06-13,Private,Admitted
424,64,2026-04-20,2026-06-16,Emergency,Admitted
594,55,2024-08-25,2026-06-11,General,Admitted
2804,8,2025-01-04,2026-06-28,ICU,Under Observation
1606,187,2026-03-18,2026-07-01,Private,Admitted
2675,29,2025-06-30,2026-06-15,General,Admitted
933,162,2026-04-07,2026-06-11,General,Discharged
624,70,2025-08-26,2026-06-12,Private,Discharged
1328,5,2024-06-22,2026-06-14,General,Discharged
1515,17,2025-04-19,2026-06-28,General,Admitted
2444,179,2025-01-21,2026-06-09,ICU,Discharged
198,6,2025-11-15,2026-06-30,Private,Discharged
426,135,2026-05-12,2026-07-08,General,Under Observation
2758,127,2025-12-22,2026-06-16,General,Admitted
2915,32,2025-04-08,2026-06-09,Emergency,Admitted
250,163,2025-03-30,2026-06-16,ICU,Admitted
2340,43,2024-06-16,2026-06-09,ICU,Admitted
990,143,2024-08-10,2026-07-06,General,Admitted
2497,35,2026-05-06,2026-07-08,ICU,Admitted
797,62,2026-03-20,2026-06-24,Emergency,Under Observation
2193,82,2025-11-17,2026-06-12,ICU,Admitted
1386,69,2026-03-14,2026-06-21,Emergency,Admitted
1407,89,2026-05-07,2026-06-25,ICU,Admitted
87,105,2026-03-04,2026-06-11,ICU,Discharged
1694,30,2025-11-08,2026-06-23,Emergency,Under Observation
2789,55,2025-06-28,2026-06-22,Emergency,Discharged
1590,36,2025-04-17,2026-06-10,ICU,Admitted
1679,21,2025-11-10,2026-06-09,Private,Discharged
1976,195,2025-04-27,2026-07-08,Private,Under Observation
850,52,2025-06-05,2026-07-01,General,Under Observation
2422,149,2025-04-08,2026-06-20,General,Admitted
2356,116,2025-10-09,2026-06-15,General,Discharged
1238,104,2026-05-01,2026-07-08,Private,Discharged
571,181,2025-10-10,2026-06-30,Emergency,Discharged
2710,5,2025-01-12,2026-07-07,Emergency,Admitted
1975,122,2026-05-09,2026-06-28,Private,Discharged
1287,52,2026-02-21,2026-06-28,General,Admitted
1340,89,2025-01-29,2026-06-21,General,Discharged
1498,60,2025-01-30,2026-06-21,ICU,Discharged
1711,10,2025-01-09,2026-07-05,ICU,Under Observation
2983,130,2026-03-31,2026-06-24,General,Under Observation
2492,34,2026-02-13,2026-06-21,Emergency,Admitted
1670,186,2025-05-27,2026-06-28,Emergency,Under Observation
385,137,2024-11-08,2026-06-19,Private,Under Observation
808,99,2025-07-19,2026-06-24,Emergency,Under Observation
154,163,2024-10-18,2026-07-02,Private,Under Observation
101,184,2025-03-10,2026-06-27,Private,Admitted
2184,79,2026-05-13,2026-06-30,Private,Admitted
1587,160,2025-06-23,2026-06-20,ICU,Under Observation
2725,177,2026-01-14,2026-06-30,Emergency,Discharged
2140,18,2026-03-18,2026-06-09,General,Under Observation
1012,93,2025-03-04,2026-06-23,Emergency,Admitted
1493,176,2024-06-29,2026-06-10,General,Admitted
2634,103,2025-01-21,2026-06-21,Private,Admitted
1359,26,2025-04-06,2026-06-19,General,Admitted
851,80,2026-04-18,2026-06-12,General,Under Observation
2180,135,2025-03-13,2026-07-08,Emergency,Admitted
527,126,2025-03-29,2026-06-29,ICU,Under Observation
603,124,2025-06-01,2026-06-16,General,Discharged
891,185,2025-08-11,2026-06-20,Emergency,Discharged
320,77,2026-03-03,2026-06-20,Private,Admitted
288,67,2024-07-12,2026-06-24,General,Discharged
2541,168,2026-05-19,2026-06-09,ICU,Discharged
293,32,2025-08-11,2026-06-12,Emergency,Admitted
2962,173,2026-01-16,2026-06-22,Private,Admitted
2952,192,2025-03-19,2026-06-14,General,Under Observation
1459,88,2026-04-08,2026-06-26,General,Admitted
448,64,2025-06-15,2026-06-24,ICU,Under Observation
596,86,2024-12-18,2026-06-09,ICU,Admitted
2637,28,2026-03-31,2026-07-04,ICU,Under Observation
883,125,2025-04-17,2026-06-29,Private,Admitted
1891,180,2025-03-31,2026-06-09,Private,Admitted
1256,186,2026-05-24,2026-06-09,Private,Discharged
1934,17,2025-07-18,2026-07-01,General,Under Observation
2562,76,2025-04-22,2026-07-02,General,Under Observation
449,150,2025-11-24,2026-06-30,ICU,Admitted
2968,193,2025-03-07,2026-06-21,General,Under Observation
2301,102,2026-01-15,2026-06-15,General,Under Observation
2556,53,2025-07-02,2026-06-19,General,Under Observation
1840,97,2025-12-17,2026-06-19,ICU,Discharged
2395,123,2025-03-31,2026-06-13,ICU,Discharged
1657,132,2025-03-28,2026-06-13,General,Under Observation
1659,141,2025-02-07,2026-06-19,ICU,Under Observation
944,166,2026-05-28,2026-06-10,ICU,Under Observation
557,139,2025-07-22,2026-07-01,Private,Admitted
376,105,2026-04-03,2026-06-25,Emergency,Discharged
45,19,2024-10-04,2026-06-17,Private,Under Observation
293,125,2024-06-18,2026-06-17,General,Admitted
475,37,2024-11-04,2026-06-23,Emergency,Admitted
1716,108,2025-08-05,2026-06-18,General,Discharged
2070,149,2025-02-23,2026-06-12,General,Discharged
98,135,2025-06-13,2026-06-18,Emergency,Discharged
1143,125,2025-01-27,2026-06-17,ICU,Admitted
2799,8,2025-08-10,2026-06-21,ICU,Admitted
1889,155,2025-03-28,2026-07-01,ICU,Admitted
75,138,2026-01-30,2026-07-03,ICU,Under Observation
684,191,2024-06-09,2026-06-18,ICU,Under Observation
1186,138,2025-02-20,2026-07-06,Emergency,Under Observation
2256,165,2026-05-04,2026-06-13,ICU,Discharged
1597,150,2025-01-09,2026-06-16,General,Under Observation
2228,116,2026-01-02,2026-06-14,General,Discharged
378,18,2024-07-05,2026-06-23,Emergency,Admitted
1152,157,2026-06-01,2026-07-06,General,Discharged
618,114,2026-02-22,2026-06-13,Private,Under Observation
1166,52,2025-08-19,2026-06-13,General,Discharged
19,8,2025-03-16,2026-06-13,General,Under Observation
822,177,2025-08-20,2026-07-07,Private,Under Observation
342,7,2026-01-26,2026-06-09,Emergency,Admitted
2318,49,2024-11-23,2026-06-23,Emergency,Discharged
630,133,2025-07-16,2026-07-03,General,Discharged
2673,119,2024-07-20,2026-06-21,Emergency,Discharged
1399,185,2025-05-15,2026-07-03,ICU,Discharged
2980,121,2025-07-13,2026-06-28,ICU,Admitted
1027,157,2025-10-22,2026-06-21,Private,Discharged
260,90,2025-11-21,2026-07-07,Emergency,Admitted
22,177,2025-11-22,2026-06-18,ICU,Under Observation
667,161,2025-01-09,2026-06-26,ICU,Under Observation
138,140,2025-01-24,2026-06-16,Private,Admitted
1433,13,2025-04-07,2026-07-05,General,Discharged
372,30,2025-02-15,2026-06-20,Emergency,Under Observation
839,70,2025-03-25,2026-06-14,General,Under Observation
160,78,2025-01-12,2026-06-29,Private,Under Observation
1581,160,2025-09-03,2026-07-01,ICU,Discharged
1320,37,2026-02-04,2026-06-26,Emergency,Under Observation
1995,147,2024-08-03,2026-06-20,Private,Admitted
885,88,2025-05-03,2026-06-27,ICU,Discharged
2898,120,2025-07-28,2026-06-24,Emergency,Discharged
763,17,2025-12-13,2026-07-06,Private,Discharged
1087,100,2026-04-30,2026-06-15,Emergency,Admitted
1242,147,2024-09-05,2026-06-10,Private,Under Observation
2825,146,2024-07-05,2026-06-12,Emergency,Under Observation
2557,176,2024-06-30,2026-07-05,Private,Discharged
2611,147,2025-03-09,2026-06-20,Private,Under Observation
1127,41,2025-08-30,2026-06-14,Private,Under Observation
1813,30,2025-08-04,2026-07-05,ICU,Discharged
1455,113,2025-09-04,2026-07-08,ICU,Admitted
1144,55,2026-05-16,2026-06-24,General,Admitted
1916,94,2024-08-06,2026-06-27,Private,Under Observation
535,138,2026-04-19,2026-06-18,Private,Discharged
1103,22,2025-05-16,2026-06-18,Emergency,Discharged
1490,90,2024-10-20,2026-06-09,Private,Discharged
631,157,2025-06-08,2026-06-12,Private,Under Observation
849,36,2024-10-31,2026-06-23,General,Discharged
2218,52,2025-09-20,2026-06-17,Private,Under Observation
1448,111,2024-09-22,2026-06-26,General,Admitted
620,94,2024-10-10,2026-06-23,Emergency,Under Observation
2002,111,2025-07-21,2026-06-22,General,Under Observation
1074,30,2025-03-22,2026-06-16,Private,Under Observation
1252,185,2025-03-22,2026-06-15,General,Under Observation
2579,174,2025-02-10,2026-07-04,Emergency,Admitted
957,16,2025-06-23,2026-06-14,Emergency,Admitted
2178,183,2025-12-10,2026-07-05,ICU,Admitted
2013,95,2025-05-15,2026-06-28,General,Admitted
1522,129,2024-09-19,2026-06-18,ICU,Under Observation
2873,181,2026-04-14,2026-06-13,ICU,Admitted
2721,63,2025-06-08,2026-06-20,General,Under Observation
126,54,2025-04-19,2026-07-05,Private,Admitted
2552,192,2025-05-30,2026-06-15,Emergency,Discharged
1077,171,2026-03-17,2026-06-24,Private,Admitted
536,142,2026-03-04,2026-07-06,ICU,Admitted
1872,165,2025-06-12,2026-06-21,Emergency,Admitted
1511,100,2026-02-09,2026-06-29,ICU,Discharged
1325,75,2026-05-31,2026-06-17,ICU,Under Observation
1521,192,2024-11-24,2026-06-13,General,Discharged
298,15,2025-11-01,2026-06-10,Private,Admitted
2921,190,2025-08-07,2026-07-02,Private,Admitted
1514,56,2025-03-29,2026-06-24,Emergency,Under Observation
220,191,2025-07-25,2026-06-17,Emergency,Under Observation
2994,62,2025-09-11,2026-07-04,ICU,Discharged
879,153,2024-08-11,2026-06-20,ICU,Admitted
689,75,2026-02-18,2026-06-26,General,Admitted
215,68,2025-05-12,2026-06-23,ICU,Under Observation
1163,138,2024-06-21,2026-07-06,ICU,Under Observation
2628,75,2024-09-01,2026-06-22,Private,Discharged
1202,89,2024-09-04,2026-07-08,General,Admitted
326,156,2025-06-09,2026-06-16,General,Discharged
1629,168,2025-05-25,2026-06-19,General,Discharged
2575,85,2025-06-09,2026-06-26,Private,Discharged
1462,67,2024-12-21,2026-06-19,Private,Admitted
2895,149,2024-10-24,2026-06-10,ICU,Under Observation
711,135,2024-09-17,2026-06-10,General,Under Observation
1516,167,2024-09-17,2026-06-29,General,Under Observation
739,58,2024-06-29,2026-07-01,Emergency,Admitted
534,192,2025-07-20,2026-06-20,Private,Under Observation
2415,182,2024-12-28,2026-07-05,Emergency,Discharged
2156,6,2026-03-29,2026-06-11,Emergency,Discharged
1570,190,2025-08-20,2026-06-23,General,Under Observation
485,200,2025-02-02,2026-07-03,Emergency,Under Observation
181,161,2026-05-12,2026-07-04,ICU,Admitted
2608,91,2024-08-28,2026-06-09,ICU,Under Observation
1327,99,2025-04-19,2026-06-09,ICU,Discharged
294,80,2026-04-24,2026-07-03,Emergency,Discharged
821,59,2025-02-06,2026-06-22,Private,Under Observation
1153,96,2025-08-21,2026-06-11,General,Under Observation
886,193,2026-02-25,2026-06-20,Private,Discharged
1667,84,2025-08-08,2026-07-06,ICU,Admitted
2563,159,2025-09-26,2026-06-30,General,Under Observation
2901,80,2025-08-31,2026-06-15,Emergency,Discharged
324,179,2025-04-11,2026-06-17,Private,Discharged
1923,9,2025-09-06,2026-07-04,ICU,Discharged
1803,110,2025-02-01,2026-06-23,General,Under Observation
1046,51,2025-07-17,2026-07-04,Emergency,Discharged
189,77,2025-01-09,2026-07-05,ICU,Admitted
536,175,2026-03-26,2026-06-10,Emergency,Admitted
2583,197,2025-04-04,2026-06-11,Private,Admitted
2087,80,2025-09-27,2026-06-25,Emergency,Admitted
1676,155,2025-08-20,2026-06-13,ICU,Admitted
459,27,2025-09-18,2026-07-04,Private,Under Observation
995,95,2025-01-08,2026-07-02,Emergency,Under Observation
1188,92,2024-10-25,2026-06-19,General,Under Observation
1875,167,2025-06-16,2026-06-26,Private,Admitted
2324,57,2024-08-24,2026-06-20,ICU,Discharged
753,134,2024-10-04,2026-06-23,Emergency,Discharged
25,93,2025-09-15,2026-06-22,General,Under Observation
1489,168,2024-08-25,2026-06-15,Private,Admitted
1149,27,2025-03-18,2026-06-12,Emergency,Discharged
1182,146,2026-04-07,2026-06-22,Emergency,Discharged
1445,157,2024-09-24,2026-06-29,Emergency,Discharged
1330,169,2025-03-07,2026-06-22,Private,Admitted
1600,92,2025-04-25,2026-06-25,Private,Discharged
2366,170,2024-10-26,2026-06-24,Emergency,Discharged
1970,190,2025-12-09,2026-07-02,Private,Discharged
2018,38,2025-12-30,2026-06-30,Emergency,Discharged
2308,135,2026-04-10,2026-06-14,Private,Under Observation
2816,71,2024-10-19,2026-07-06,Private,Discharged
1363,78,2026-01-02,2026-06-17,Emergency,Under Observation
1803,57,2025-04-21,2026-06-29,ICU,Admitted
2521,193,2026-04-04,2026-06-27,General,Admitted
221,64,2025-09-10,2026-06-28,ICU,Under Observation
501,109,2026-02-13,2026-06-27,Emergency,Admitted
2731,55,2024-10-29,2026-07-03,Private,Under Observation
2676,100,2026-01-02,2026-06-22,Emergency,Discharged
1516,47,2025-08-20,2026-06-12,Emergency,Discharged
1215,98,2024-08-21,2026-06-14,ICU,Admitted
1197,30,2024-07-17,2026-06-13,General,Discharged
1901,109,2025-10-21,2026-06-30,Private,Admitted
1336,18,2025-08-06,2026-06-16,General,Under Observation
383,55,2024-09-10,2026-06-20,ICU,Admitted
1769,137,2024-11-22,2026-07-03,ICU,Under Observation
2068,160,2024-11-07,2026-06-11,Emergency,Admitted
1592,162,2025-07-02,2026-06-09,Emergency,Discharged
2255,186,2026-03-30,2026-06-12,ICU,Under Observation
2580,197,2025-03-24,2026-06-30,General,Under Observation
2208,87,2025-01-07,2026-06-29,ICU,Admitted
1795,170,2025-03-10,2026-07-04,General,Admitted
197,167,2024-12-26,2026-06-27,General,Under Observation
2143,193,2025-04-16,2026-06-25,Emergency,Admitted
1207,54,2026-05-22,2026-06-19,Private,Admitted
1715,104,2024-09-03,2026-06-20,General,Discharged
1497,1,2025-12-25,2026-06-16,ICU,Admitted
1925,104,2024-12-13,2026-06-23,General,Under Observation
637,53,2026-05-14,2026-07-05,Private,Admitted
1863,143,2024-12-11,2026-07-04,Private,Admitted
72,162,2025-10-15,2026-07-01,General,Admitted
1046,165,2025-09-30,2026-07-08,ICU,Admitted
1994,105,2024-11-08,2026-06-29,Private,Under Observation
2257,175,2024-12-19,2026-06-13,General,Admitted
2335,145,2025-03-25,2026-06-19,ICU,Discharged
1789,31,2024-11-18,2026-07-08,Private,Admitted
1672,149,2026-03-20,2026-06-19,ICU,Admitted
2921,49,2024-08-27,2026-06-16,General,Admitted
576,189,2025-11-20,2026-06-19,ICU,Under Observation
1235,154,2026-05-08,2026-06-14,Private,Discharged
1537,137,2026-01-13,2026-07-08,General,Discharged
683,35,2026-02-22,2026-06-25,Emergency,Admitted
1559,51,2025-02-24,2026-06-20,Emergency,Admitted
910,68,2026-05-04,2026-06-14,General,Admitted
2659,113,2025-11-05,2026-06-11,Private,Under Observation
1920,178,2025-12-20,2026-06-26,Private,Discharged
1236,129,2026-01-20,2026-07-05,Emergency,Admitted
593,111,2025-08-07,2026-06-13,Emergency,Discharged
871,95,2026-04-27,2026-06-21,ICU,Under Observation
1457,91,2024-08-30,2026-06-12,Emergency,Admitted
2614,54,2025-08-07,2026-06-09,General,Admitted
1687,161,2024-06-16,2026-07-01,Emergency,Under Observation
1942,24,2025-12-02,2026-06-20,Private,Admitted
2356,145,2026-01-07,2026-06-19,Emergency,Discharged
1156,58,2025-03-31,2026-06-22,ICU,Discharged
1441,29,2025-05-16,2026-06-19,Private,Admitted
753,59,2026-01-28,2026-06-17,Emergency,Admitted
2518,163,2024-09-28,2026-06-20,Private,Under Observation
309,42,2024-08-16,2026-06-11,Emergency,Discharged
2378,158,2024-12-21,2026-06-13,Private,Discharged
2028,191,2026-01-28,2026-06-09,ICU,Under Observation
318,194,2026-05-18,2026-06-22,Private,Admitted
835,183,2025-09-05,2026-06-15,Emergency,Discharged
2196,132,2025-02-03,2026-06-21,ICU,Discharged
2139,6,2024-10-28,2026-06-10,ICU,Under Observation
668,172,2025-05-13,2026-06-11,Private,Under Observation
436,51,2024-08-29,2026-06-16,ICU,Under Observation
834,42,2026-04-23,2026-06-24,ICU,Admitted
2731,178,2026-02-04,2026-07-03,Private,Discharged
299,130,2025-09-20,2026-06-20,Private,Discharged
928,42,2024-11-29,2026-06-22,ICU,Under Observation
2642,40,2025-02-06,2026-06-16,Private,Discharged
2057,26,2025-04-12,2026-06-24,ICU,Under Observation
1571,62,2026-05-29,2026-06-13,Emergency,Discharged
1994,131,2025-04-24,2026-07-07,Emergency,Under Observation
79,97,2026-03-31,2026-06-24,General,Under Observation
589,166,2025-01-14,2026-07-07,ICU,Admitted
423,23,2026-03-28,2026-06-12,Private,Discharged
937,73,2025-05-24,2026-06-20,Emergency,Discharged
2325,75,2024-10-26,2026-07-08,General,Under Observation
822,33,2024-09-14,2026-06-14,ICU,Discharged
2703,48,2025-11-20,2026-06-14,Emergency,Discharged
2303,169,2024-06-12,2026-06-09,ICU,Admitted
1139,69,2025-07-16,2026-06-25,Emergency,Admitted
1287,179,2024-12-14,2026-07-04,General,Admitted
2536,136,2025-03-29,2026-06-20,ICU,Discharged
1717,175,2025-03-06,2026-07-02,ICU,Admitted
2332,191,2025-05-19,2026-06-25,Emergency,Under Observation
1599,190,2025-02-18,2026-06-24,Private,Under Observation
1195,116,2026-04-01,2026-06-26,General,Admitted
2398,73,2026-01-13,2026-06-24,Emergency,Discharged
226,110,2024-10-13,2026-06-22,ICU,Under Observation
1756,164,2024-08-16,2026-07-07,General,Admitted
1766,91,2025-04-23,2026-06-17,General,Admitted
2532,128,2024-06-28,2026-06-13,Private,Admitted
248,46,2024-12-26,2026-07-01,ICU,Discharged
2275,92,2024-07-29,2026-06-09,Emergency,Admitted
2389,75,2025-12-07,2026-06-14,ICU,Under Observation
158,90,2026-04-29,2026-06-17,General,Admitted
796,100,2025-12-10,2026-07-07,ICU,Discharged
46,12,2025-09-06,2026-06-30,General,Admitted
2951,81,2025-09-30,2026-06-26,Emergency,Admitted
2569,6,2026-01-09,2026-06-15,General,Admitted
2606,15,2025-01-14,2026-06-12,ICU,Under Observation
1728,72,2024-06-25,2026-06-29,ICU,Discharged
1733,43,2025-05-15,2026-06-24,General,Admitted
1300,63,2025-01-22,2026-06-28,General,Discharged
2345,165,2026-04-30,2026-06-19,General,Admitted
2603,123,2026-02-07,2026-06-22,General,Under Observation
725,112,2024-10-25,2026-06-29,ICU,Under Observation
1218,165,2026-03-07,2026-06-22,Private,Discharged
911,131,2025-01-28,2026-06-19,Private,Under Observation
588,103,2026-04-29,2026-06-18,ICU,Admitted
1694,55,2025-06-15,2026-06-10,General,Discharged
958,133,2025-02-20,2026-06-20,Private,Admitted
2665,146,2025-12-19,2026-07-03,General,Discharged
505,76,2025-06-18,2026-06-22,ICU,Admitted
661,80,2025-08-16,2026-06-21,General,Discharged
260,90,2026-05-11,2026-06-10,General,Under Observation
1594,63,2024-07-30,2026-06-28,Emergency,Admitted
1894,42,2024-12-30,2026-06-23,General,Admitted
2152,171,2026-01-14,2026-06-15,ICU,Under Observation
797,160,2025-05-04,2026-06-25,Emergency,Discharged
232,166,2025-09-13,2026-06-17,ICU,Admitted
2660,117,2025-11-21,2026-06-17,ICU,Admitted
2272,114,2026-05-29,2026-06-11,Private,Under Observation
2204,19,2026-02-12,2026-06-09,General,Under Observation
2431,121,2024-07-29,2026-06-22,ICU,Discharged
2093,37,2025-01-06,2026-06-25,General,Discharged
1616,182,2024-09-01,2026-07-08,General,Discharged
824,157,2024-08-25,2026-06-18,Emergency,Discharged
1223,128,2024-07-28,2026-07-07,Private,Discharged
1198,145,2025-09-21,2026-06-13,ICU,Discharged
153,50,2024-09-27,2026-07-08,General,Discharged
1922,100,2024-09-15,2026-07-06,Emergency,Discharged
1803,161,2026-01-24,2026-06-27,General,Discharged
2428,140,2026-01-02,2026-07-05,ICU,Under Observation
1678,52,2025-11-21,2026-06-23,General,Admitted
2959,80,2025-12-09,2026-06-20,General,Discharged
1682,54,2025-07-01,2026-06-16,Private,Discharged
2387,191,2024-07-23,2026-07-04,General,Discharged
515,131,2025-05-05,2026-06-22,General,Under Observation
717,129,2026-06-07,2026-06-11,Private,Discharged
2872,106,2024-09-06,2026-06-09,General,Under Observation
2995,100,2026-02-02,2026-06-26,Emergency,Admitted
859,166,2024-06-18,2026-07-04,Emergency,Discharged
2621,4,2024-06-09,2026-06-27,Private,Under Observation
2968,123,2026-04-26,2026-06-27,Emergency,Discharged
596,154,2025-10-03,2026-06-14,ICU,Discharged
1127,139,2025-06-10,2026-07-06,Private,Admitted
1850,107,2025-12-02,2026-06-17,ICU,Under Observation
1327,120,2025-02-21,2026-07-05,ICU,Admitted
1623,158,2026-04-06,2026-06-10,General,Under Observation
2112,149,2024-07-17,2026-06-30,ICU,Under Observation
1366,189,2024-07-25,2026-06-21,ICU,Admitted
446,112,2025-05-27,2026-06-14,Emergency,Under Observation
1120,160,2025-05-13,2026-06-13,Private,Under Observation
2171,125,2024-11-30,2026-06-13,Private,Under Observation
1736,96,2025-09-20,2026-07-02,ICU,Under Observation
421,93,2024-06-25,2026-07-07,General,Admitted
773,73,2024-08-16,2026-06-24,Emergency,Admitted
346,73,2025-10-22,2026-06-24,General,Discharged
114,64,2026-03-13,2026-07-06,Emergency,Discharged
341,31,2025-05-08,2026-07-06,Emergency,Discharged
1545,44,2025-03-23,2026-07-05,General,Under Observation
370,62,2024-08-14,2026-06-22,Private,Discharged
471,53,2024-09-01,2026-06-20,Private,Discharged
2444,165,2025-04-27,2026-06-14,General,Under Observation
1684,176,2025-05-01,2026-06-16,General,Admitted
1754,2,2024-10-13,2026-07-03,Emergency,Under Observation
2641,71,2024-07-07,2026-06-30,General,Under Observation
1211,37,2026-02-07,2026-06-27,Emergency,Admitted
1711,124,2026-04-07,2026-07-03,ICU,Discharged
2840,197,2026-03-19,2026-07-04,Emergency,Under Observation
356,87,2025-02-10,2026-07-06,General,Admitted
1544,154,2024-12-10,2026-07-06,General,Admitted
971,173,2024-12-22,2026-06-26,ICU,Under Observation
1470,198,2025-10-13,2026-06-17,General,Discharged
2271,182,2025-05-25,2026-06-09,ICU,Under Observation
1532,18,2024-12-04,2026-06-20,Private,Discharged
399,91,2025-04-04,2026-07-06,ICU,Admitted
1030,109,2025-02-06,2026-06-11,ICU,Under Observation
1569,46,2026-03-24,2026-06-23,Emergency,Under Observation
1892,130,2026-04-22,2026-06-28,Private,Admitted
882,89,2024-09-08,2026-07-02,Emergency,Under Observation
2440,177,2025-03-25,2026-06-25,General,Admitted
2842,22,2025-03-21,2026-06-10,Private,Discharged
1927,184,2024-12-20,2026-06-30,Private,Under Observation
342,131,2026-04-09,2026-06-25,ICU,Discharged
1658,5,2024-09-20,2026-06-24,Private,Under Observation
289,199,2025-07-20,2026-07-01,ICU,Under Observation
1703,33,2026-04-25,2026-06-30,ICU,Under Observation
2153,48,2024-11-30,2026-06-27,Emergency,Discharged
282,128,2025-03-31,2026-07-01,General,Discharged
746,33,2026-02-13,2026-06-15,Emergency,Discharged
1630,89,2025-01-13,2026-06-14,General,Discharged
2589,27,2025-03-20,2026-06-21,General,Under Observation
2749,183,2024-12-15,2026-06-22,Private,Under Observation
98,39,2026-04-05,2026-06-09,General,Admitted
1786,67,2025-11-15,2026-06-29,ICU,Discharged
1566,129,2026-04-18,2026-06-26,Emergency,Admitted
582,109,2024-07-24,2026-07-06,Private,Discharged
2279,170,2025-06-22,2026-06-13,Emergency,Admitted
870,106,2025-01-26,2026-06-25,Private,Admitted
447,113,2025-08-17,2026-06-19,ICU,Discharged
2936,182,2025-10-26,2026-07-06,Emergency,Admitted
1718,126,2025-01-11,2026-06-18,ICU,Admitted
291,111,2024-12-24,2026-06-25,ICU,Discharged
550,40,2026-03-07,2026-06-24,General,Discharged
1313,103,2025-01-20,2026-06-26,Private,Under Observation
790,76,2026-02-28,2026-06-22,General,Under Observation
725,183,2025-01-22,2026-07-07,Private,Admitted
1517,49,2024-09-21,2026-06-09,Emergency,Discharged
2964,47,2025-10-28,2026-06-24,ICU,Discharged
1484,59,2024-09-09,2026-06-30,ICU,Admitted
2074,3,2025-03-25,2026-06-22,General,Admitted
2116,185,2025-04-11,2026-06-15,ICU,Under Observation
2246,190,2026-06-01,2026-06-16,Emergency,Admitted
993,31,2025-01-02,2026-06-29,ICU,Admitted
1375,52,2025-01-11,2026-07-04,General,Admitted
1718,76,2025-05-23,2026-06-19,Emergency,Admitted
1377,182,2025-06-24,2026-06-19,ICU,Admitted
1091,99,2024-09-13,2026-06-27,Emergency,Discharged
1384,59,2025-07-11,2026-07-05,Private,Under Observation
1055,44,2026-03-23,2026-07-06,General,Under Observation
1414,44,2024-11-21,2026-06-16,Emergency,Admitted
1088,63,2024-11-28,2026-06-16,Emergency,Under Observation
1259,103,2025-01-01,2026-06-25,Emergency,Discharged
1462,135,2026-05-21,2026-06-16,General,Under Observation
855,119,2025-12-27,2026-07-04,Private,Discharged
1755,116,2025-03-23,2026-06-12,ICU,Admitted
2304,133,2025-07-28,2026-07-02,General,Discharged
2028,95,2026-06-02,2026-06-22,Private,Admitted
360,48,2024-09-18,2026-07-02,Private,Under Observation
1593,130,2024-06-21,2026-06-27,ICU,Admitted
775,109,2025-03-21,2026-06-25,General,Discharged
1389,30,2025-09-27,2026-06-16,Private,Under Observation
2187,145,2024-12-06,2026-06-21,ICU,Discharged
1452,69,2026-05-26,2026-07-02,ICU,Under Observation
2494,29,2026-03-14,2026-06-28,Private,Under Observation
933,70,2026-02-10,2026-07-01,Emergency,Admitted
368,114,2026-04-30,2026-06-16,General,Admitted
2204,141,2024-08-02,2026-06-24,General,Discharged
313,57,2025-07-24,2026-07-06,Private,Admitted
2339,32,2026-01-06,2026-06-20,Private,Under Observation
2276,130,2024-11-03,2026-06-24,ICU,Admitted
457,198,2026-05-30,2026-06-12,ICU,Under Observation
1533,125,2025-02-25,2026-06-23,Emergency,Admitted
929,95,2025-05-21,2026-07-04,Emergency,Admitted
131,139,2024-11-28,2026-06-21,Private,Admitted
742,47,2024-07-13,2026-06-24,General,Under Observation
986,24,2025-06-26,2026-06-18,Emergency,Discharged
2287,61,2024-09-25,2026-06-09,General,Admitted
708,181,2026-04-15,2026-06-11,General,Admitted
2064,104,2025-07-10,2026-07-08,Private,Admitted
1476,31,2025-03-20,2026-06-18,General,Under Observation
168,166,2025-07-19,2026-07-08,Emergency,Under Observation
185,59,2025-03-26,2026-07-08,General,Discharged
1256,149,2025-09-03,2026-06-29,ICU,Discharged
2856,192,2025-09-13,2026-07-04,ICU,Under Observation
2346,83,2024-11-23,2026-07-04,Private,Admitted
1349,22,2026-05-04,2026-06-30,General,Admitted
1944,4,2026-04-16,2026-06-16,General,Admitted
2263,69,2025-06-04,2026-07-07,Private,Discharged
2683,123,2025-09-29,2026-06-21,Private,Admitted
156,177,2025-04-27,2026-06-12,Emergency,Under Observation
2241,179,2024-08-08,2026-06-28,ICU,Discharged
1781,199,2025-05-18,2026-06-14,ICU,Under Observation
578,143,2025-05-04,2026-07-05,Private,Admitted
2068,12,2025-12-04,2026-06-18,Private,Discharged
35,167,2024-06-16,2026-06-11,Private,Discharged
1904,175,2026-05-17,2026-06-26,General,Admitted
2899,149,2025-08-19,2026-06-27,Emergency,Admitted
2609,109,2024-12-19,2026-06-24,Private,Discharged
2888,130,2025-10-08,2026-06-26,ICU,Discharged
1745,12,2025-07-18,2026-06-28,ICU,Discharged
2616,88,2025-03-26,2026-07-05,General,Under Observation
666,165,2026-05-25,2026-07-08,Emergency,Discharged
2482,160,2025-10-19,2026-07-02,ICU,Discharged
541,160,2024-07-15,2026-06-10,General,Admitted
465,146,2024-11-09,2026-07-05,General,Admitted
2686,134,2025-10-14,2026-07-02,Emergency,Under Observation
1331,19,2024-09-30,2026-06-21,General,Admitted
2929,36,2026-01-15,2026-07-07,General,Admitted
117,108,2024-07-26,2026-06-22,ICU,Admitted
2168,188,2025-09-21,2026-07-03,ICU,Admitted
2349,96,2025-02-22,2026-06-30,Emergency,Admitted
310,112,2025-08-10,2026-07-06,ICU,Under Observation
1896,67,2025-03-17,2026-07-07,General,Admitted
509,50,2024-07-29,2026-06-25,Emergency,Under Observation
1217,128,2025-06-22,2026-06-22,General,Admitted
2171,1,2025-03-11,2026-06-22,Emergency,Admitted
39,55,2025-05-24,2026-07-02,ICU,Under Observation
1095,122,2025-08-25,2026-06-30,Private,Admitted
1958,154,2025-11-02,2026-07-05,Private,Under Observation
1872,152,2025-03-14,2026-07-04,Emergency,Discharged
1195,83,2025-07-18,2026-07-06,ICU,Admitted
2963,65,2025-05-19,2026-06-28,General,Admitted
1441,131,2024-06-17,2026-07-01,Private,Under Observation
906,15,2025-07-26,2026-06-23,ICU,Admitted
2441,65,2025-08-16,2026-06-18,Emergency,Discharged
1638,128,2025-09-25,2026-06-13,ICU,Admitted
2133,162,2026-02-05,2026-06-18,Private,Under Observation
123,40,2024-09-02,2026-06-23,Emergency,Discharged
807,185,2025-05-12,2026-06-11,Private,Under Observation
1651,186,2024-09-28,2026-06-21,Emergency,Under Observation
1229,80,2025-07-15,2026-07-08,Private,Discharged
2623,163,2025-01-05,2026-06-10,General,Discharged
2582,105,2025-05-18,2026-06-27,General,Under Observation
1969,4,2025-10-28,2026-06-21,Emergency,Admitted
851,1,2025-02-01,2026-06-16,Emergency,Discharged
507,60,2024-12-13,2026-07-08,Emergency,Admitted
2698,190,2025-07-02,2026-06-19,ICU,Under Observation
2174,166,2026-04-19,2026-06-14,ICU,Admitted
2884,170,2025-08-09,2026-07-03,ICU,Under Observation
999,28,2025-01-24,2026-06-12,ICU,Discharged
2194,81,2024-08-09,2026-06-23,General,Under Observation
2842,142,2025-05-08,2026-07-02,Emergency,Admitted
2582,32,2025-10-31,2026-07-04,General,Admitted
1942,155,2025-05-08,2026-06-09,General,Discharged
317,88,2024-10-27,2026-06-20,ICU,Admitted
1847,33,2025-05-12,2026-06-30,ICU,Admitted
153,173,2026-01-16,2026-06-09,Emergency,Discharged
1866,107,2024-12-14,2026-07-02,Private,Under Observation
1699,120,2025-09-22,2026-06-15,Private,Admitted
2923,65,2024-11-10,2026-06-12,Private,Under Observation
801,157,2026-03-05,2026-06-16,ICU,Under Observation
2033,94,2024-10-22,2026-06-29,Emergency,Admitted
425,76,2025-10-27,2026-06-13,General,Under Observation
1830,160,2024-10-02,2026-06-25,ICU,Admitted
152,55,2026-01-21,2026-07-01,General,Admitted
1568,63,2026-02-13,2026-06-16,Emergency,Discharged
365,121,2025-09-09,2026-07-01,Private,Admitted
2339,61,2026-03-20,2026-06-16,General,Under Observation
1258,122,2025-06-15,2026-07-08,ICU,Admitted
500,162,2025-04-20,2026-06-18,ICU,Discharged
1863,117,2026-04-12,2026-06-12,Private,Discharged
114,149,2025-10-06,2026-07-08,ICU,Discharged
642,84,2025-07-03,2026-06-23,ICU,Discharged
2458,34,2024-09-04,2026-06-19,ICU,Under Observation
1622,145,2025-08-31,2026-06-27,General,Under Observation
336,148,2026-02-01,2026-06-09,Emergency,Under Observation
1239,40,2025-06-27,2026-06-11,Private,Admitted
2612,118,2024-07-30,2026-06-09,ICU,Discharged
2962,96,2026-03-09,2026-06-25,ICU,Discharged
1091,68,2025-09-18,2026-06-28,General,Under Observation
1433,196,2024-11-21,2026-07-02,General,Admitted
83,18,2025-03-08,2026-07-01,Emergency,Discharged
1424,91,2025-10-13,2026-07-06,Private,Under Observation
1146,18,2024-10-13,2026-06-11,Private,Discharged
852,157,2025-09-14,2026-06-12,Private,Under Observation
2506,118,2025-04-14,2026-07-01,ICU,Under Observation
1334,108,2026-01-12,2026-06-12,General,Under Observation
1274,71,2026-05-02,2026-06-15,ICU,Admitted
2510,134,2024-09-12,2026-07-02,Private,Discharged
1076,67,2025-05-16,2026-06-24,Private,Discharged
1116,98,2024-06-27,2026-06-17,General,Admitted
1481,153,2025-01-04,2026-06-27,General,Discharged
2555,144,2026-05-26,2026-07-02,Emergency,Discharged
2725,194,2025-01-05,2026-07-01,Private,Discharged
1901,199,2025-09-05,2026-06-24,Emergency,Admitted
72,188,2024-11-23,2026-06-15,General,Under Observation
1387,14,2024-08-29,2026-07-05,Emergency,Under Observation
462,200,2025-06-28,2026-06-30,General,Discharged
2728,10,2024-12-29,2026-07-07,Emergency,Admitted
1321,187,2025-01-27,2026-07-03,Emergency,Discharged
509,142,2025-04-08,2026-06-18,General,Under Observation
753,147,2025-12-10,2026-06-15,ICU,Under Observation
1805,165,2024-08-02,2026-07-07,ICU,Admitted
2462,168,2026-02-04,2026-06-13,General,Under Observation
527,8,2026-05-13,2026-06-10,General,Admitted
2881,110,2025-08-07,2026-07-04,Emergency,Admitted
26,135,2024-06-08,2026-06-10,ICU,Admitted
2146,182,2025-10-13,2026-06-17,General,Under Observation
21,141,2026-03-31,2026-06-20,Emergency,Discharged
200,127,2024-09-28,2026-07-03,ICU,Admitted
2237,101,2024-08-31,2026-06-25,ICU,Admitted
1791,21,2025-11-22,2026-07-06,ICU,Admitted
258,118,2024-07-11,2026-06-22,ICU,Under Observation
703,156,2024-11-19,2026-06-28,ICU,Under Observation
1181,193,2025-07-23,2026-06-14,Private,Admitted
2654,70,2025-01-01,2026-06-22,Private,Under Observation
2941,36,2026-04-17,2026-06-14,General,Under Observation
2164,108,2024-11-09,2026-07-08,Private,Discharged
2413,31,2025-01-16,2026-06-11,Private,Discharged
1376,126,2026-04-28,2026-06-17,Private,Discharged
1227,4,2025-12-11,2026-06-13,General,Under Observation
1368,89,2024-12-31,2026-06-13,General,Discharged
1838,9,2025-12-23,2026-06-12,Private,Admitted
1807,176,2025-08-09,2026-06-25,General,Admitted
1171,150,2024-11-30,2026-06-22,ICU,Under Observation
2806,132,2025-04-04,2026-06-16,Emergency,Discharged
2405,133,2025-03-14,2026-06-26,General,Discharged
2403,9,2026-02-15,2026-06-27,General,Admitted
1536,90,2026-03-04,2026-06-20,ICU,Under Observation
2133,107,2024-11-16,2026-06-21,ICU,Admitted
678,55,2025-02-14,2026-06-18,Private,Admitted
2882,145,2024-08-09,2026-07-01,Emergency,Under Observation
632,42,2026-04-09,2026-06-25,ICU,Under Observation
611,97,2025-04-24,2026-06-20,Private,Admitted
2659,44,2024-12-02,2026-06-09,Emergency,Under Observation
2330,100,2026-03-15,2026-06-30,Private,Under Observation
642,138,2026-01-03,2026-06-18,Emergency,Admitted
792,14,2025-05-26,2026-06-26,ICU,Admitted
1359,46,2025-08-04,2026-06-10,Private,Admitted
2588,170,2025-08-27,2026-07-08,ICU,Discharged
218,189,2025-11-30,2026-06-22,Private,Discharged
2980,163,2026-05-13,2026-06-28,ICU,Admitted
1622,114,2024-08-07,2026-06-13,Private,Under Observation
2513,2,2025-04-06,2026-06-29,ICU,Under Observation
2894,13,2025-02-21,2026-06-17,Private,Admitted
1299,12,2025-07-25,2026-06-28,Emergency,Under Observation
494,114,2025-08-27,2026-06-23,ICU,Admitted
827,156,2024-08-13,2026-06-12,General,Discharged
2216,3,2024-09-10,2026-06-11,ICU,Discharged
1047,56,2025-08-07,2026-06-10,General,Discharged
2017,46,2025-12-06,2026-06-18,ICU,Admitted
389,75,2026-01-09,2026-06-25,Emergency,Admitted
2573,10,2024-10-10,2026-06-26,Emergency,Discharged
107,187,2025-08-07,2026-06-24,ICU,Under Observation
2810,77,2025-03-07,2026-06-15,ICU,Under Observation
2586,70,2025-08-24,2026-06-13,General,Discharged
1505,116,2024-09-09,2026-07-01,ICU,Admitted
264,165,2025-01-03,2026-06-21,Private,Discharged
1050,102,2025-10-15,2026-06-27,Private,Under Observation
2588,77,2025-07-02,2026-06-09,Private,Discharged
259,161,2025-12-22,2026-06-17,Private,Under Observation
2513,136,2025-06-22,2026-07-02,Emergency,Under Observation
1320,44,2026-03-05,2026-06-23,Emergency,Admitted
1445,183,2026-03-23,2026-07-05,Private,Discharged
856,77,2024-08-26,2026-06-17,General,Under Observation
1210,166,2025-12-23,2026-06-19,ICU,Under Observation
2816,163,2024-06-29,2026-07-02,ICU,Discharged
1193,172,2024-08-22,2026-06-12,ICU,Under Observation
878,57,2024-12-17,2026-07-07,Emergency,Admitted
1812,178,2024-09-08,2026-06-21,General,Discharged
1871,15,2026-02-03,2026-06-16,Private,Under Observation
1576,193,2026-01-15,2026-07-01,Private,Admitted
547,27,2025-07-03,2026-06-10,General,Discharged
380,102,2025-05-30,2026-06-27,ICU,Discharged
1263,156,2024-09-20,2026-06-13,Emergency,Admitted
1923,84,2024-06-12,2026-06-13,Private,Admitted
2437,96,2024-09-30,2026-07-06,Emergency,Discharged
215,145,2024-08-31,2026-07-01,Private,Under Observation
1264,35,2026-05-10,2026-06-16,Private,Discharged
2788,156,2025-02-06,2026-06-30,ICU,Admitted
959,8,2024-11-05,2026-07-04,Private,Admitted
2586,57,2024-10-16,2026-06-14,ICU,Under Observation
2397,76,2024-09-03,2026-06-18,General,Under Observation
2148,51,2025-07-17,2026-07-08,Emergency,Under Observation
933,180,2024-07-19,2026-06-28,Emergency,Admitted
174,15,2024-11-27,2026-06-18,Emergency,Admitted
1481,37,2025-08-24,2026-07-01,Private,Admitted
2891,18,2025-09-24,2026-07-02,ICU,Admitted
2508,174,2024-06-24,2026-07-08,ICU,Admitted
26,122,2024-06-16,2026-06-22,General,Discharged
2966,66,2024-10-02,2026-06-30,Private,Discharged
883,177,2025-03-24,2026-06-29,Emergency,Admitted
466,133,2024-12-15,2026-06-24,General,Discharged
2326,75,2024-07-25,2026-06-19,Emergency,Admitted
2742,133,2024-10-09,2026-07-07,Emergency,Under Observation
2611,186,2025-06-10,2026-06-29,Private,Discharged
1960,136,2025-12-09,2026-06-11,Emergency,Admitted
1357,171,2024-10-14,2026-06-15,Emergency,Discharged
467,102,2025-07-21,2026-06-24,Emergency,Discharged
2621,189,2025-07-30,2026-06-26,General,Under Observation
2960,57,2025-01-18,2026-06-28,General,Admitted
1387,14,2025-03-13,2026-06-14,General,Admitted
1504,131,2024-08-09,2026-06-11,General,Discharged
2235,135,2024-12-21,2026-06-14,Emergency,Under Observation
2485,26,2025-02-07,2026-06-14,ICU,Admitted
712,26,2025-06-16,2026-06-21,Emergency,Under Observation
1206,184,2026-02-17,2026-06-18,General,Discharged
2059,175,2026-02-01,2026-06-22,Private,Admitted
641,132,2026-03-10,2026-06-17,Emergency,Admitted
2107,185,2025-12-05,2026-06-28,Private,Under Observation
2700,39,2026-01-18,2026-06-28,ICU,Admitted
429,156,2025-05-14,2026-06-19,General,Admitted
2465,157,2025-08-21,2026-07-01,Private,Admitted
2735,131,2024-09-26,2026-07-05,ICU,Under Observation
2671,200,2026-01-09,2026-07-02,General,Discharged
1298,101,2024-09-12,2026-06-29,Emergency,Discharged
1620,108,2024-09-20,2026-06-18,ICU,Under Observation
2757,199,2025-01-14,2026-06-19,General,Discharged
1865,155,2025-12-27,2026-07-05,Private,Under Observation
2560,75,2024-06-11,2026-06-23,ICU,Admitted
2958,87,2025-01-11,2026-06-20,Private,Discharged
496,188,2024-10-25,2026-06-19,Emergency,Under Observation
978,84,2025-03-05,2026-06-13,General,Under Observation
632,7,2024-08-30,2026-06-16,Private,Under Observation
766,107,2025-10-23,2026-06-15,Private,Admitted
978,33,2026-01-03,2026-06-12,Emergency,Discharged
2744,19,2025-05-18,2026-06-18,Private,Under Observation
2784,35,2025-12-04,2026-07-07,Emergency,Under Observation
2480,177,2024-09-30,2026-06-15,ICU,Admitted
505,46,2025-01-14,2026-06-27,Private,Discharged
776,16,2025-12-30,2026-06-11,Private,Under Observation
553,47,2024-07-15,2026-07-08,Private,Discharged
2543,36,2024-11-19,2026-06-24,Emergency,Discharged
2223,53,2025-06-23,2026-07-05,Private,Admitted
1451,86,2024-10-24,2026-06-28,General,Admitted
320,13,2024-08-05,2026-06-24,Private,Discharged
2852,60,2025-11-14,2026-06-19,ICU,Admitted
992,4,2024-12-29,2026-06-27,ICU,Admitted
2953,106,2025-12-05,2026-07-04,Private,Discharged
1207,122,2026-05-27,2026-07-02,General,Admitted
1771,115,2024-06-20,2026-07-04,Private,Admitted
463,163,2025-10-27,2026-07-04,ICU,Discharged
2562,151,2025-10-14,2026-06-23,General,Admitted
2008,52,2025-10-05,2026-06-18,Private,Discharged
1700,17,2024-12-20,2026-07-05,Private,Under Observation
2575,84,2026-01-14,2026-06-14,Private,Admitted
703,6,2024-07-30,2026-07-08,ICU,Admitted
1376,197,2025-03-16,2026-06-21,General,Discharged
424,140,2024-10-28,2026-07-03,Emergency,Under Observation
1909,26,2025-03-19,2026-06-10,Private,Discharged
2459,172,2024-09-02,2026-06-15,ICU,Under Observation
2697,132,2025-08-10,2026-06-11,General,Discharged
123,154,2025-05-11,2026-07-04,Emergency,Under Observation
520,43,2025-08-20,2026-06-29,ICU,Under Observation
903,135,2024-11-18,2026-07-03,ICU,Discharged
1579,66,2025-07-24,2026-06-20,General,Under Observation
2664,32,2026-03-25,2026-06-25,General,Discharged
703,44,2026-01-24,2026-07-02,Private,Discharged
1493,138,2025-04-02,2026-06-21,Private,Admitted
1858,16,2025-04-19,2026-07-05,General,Admitted
1380,119,2024-12-13,2026-06-17,Private,Discharged
2559,162,2026-03-22,2026-07-08,Private,Under Observation
663,104,2025-11-17,2026-06-23,Private,Under Observation
1260,112,2025-10-05,2026-06-13,ICU,Under Observation
745,79,2024-10-16,2026-06-24,Private,Admitted
2910,20,2024-10-23,2026-07-01,ICU,Admitted
2520,127,2025-09-14,2026-07-03,Private,Discharged
412,20,2024-10-06,2026-06-17,ICU,Discharged
765,141,2026-04-06,2026-07-01,Emergency,Admitted
1943,86,2025-03-20,2026-07-05,General,Discharged
1420,127,2025-06-06,2026-07-06,ICU,Under Observation
1266,83,2024-12-02,2026-07-04,Emergency,Discharged
801,158,2024-09-21,2026-07-08,Emergency,Under Observation
2953,50,2026-01-20,2026-06-24,ICU,Under Observation
1883,60,2025-03-12,2026-06-26,ICU,Under Observation
2632,80,2024-10-23,2026-06-15,General,Discharged
2803,64,2025-11-07,2026-07-05,General,Under Observation
2463,166,2024-10-19,2026-07-05,Emergency,Admitted
170,138,2025-02-19,2026-06-15,Emergency,Admitted
2226,45,2026-04-22,2026-06-18,Private,Discharged
1156,15,2024-12-03,2026-06-30,Private,Admitted
1361,133,2025-11-15,2026-06-29,Emergency,Under Observation
772,27,2024-07-03,2026-06-09,Emergency,Discharged
1463,172,2025-10-09,2026-06-11,Emergency,Discharged
1800,127,2024-11-23,2026-06-22,General,Under Observation
1638,137,2025-04-06,2026-06-25,Emergency,Admitted
1877,146,2024-09-13,2026-06-29,ICU,Under Observation
1199,110,2025-02-26,2026-07-07,Private,Admitted
2565,166,2024-11-28,2026-06-24,General,Admitted
1747,66,2025-03-19,2026-06-26,Private,Discharged
673,137,2025-12-29,2026-06-09,Private,Under Observation
1898,79,2025-02-16,2026-06-11,ICU,Discharged
2244,187,2024-08-02,2026-07-04,General,Under Observation
955,131,2026-05-15,2026-07-08,Emergency,Under Observation
2775,4,2024-11-27,2026-07-04,ICU,Admitted
374,170,2025-04-08,2026-07-07,ICU,Discharged
502,62,2025-07-18,2026-06-18,Private,Admitted
340,123,2026-04-08,2026-06-26,ICU,Admitted
458,73,2024-07-13,2026-07-04,Private,Discharged
2276,198,2026-01-31,2026-06-26,Emergency,Discharged
1415,110,2025-12-10,2026-07-07,General,Admitted
989,9,2026-05-30,2026-06-24,Emergency,Admitted
1190,144,2024-11-29,2026-06-24,Emergency,Under Observation
475,47,2024-11-02,2026-06-25,Emergency,Under Observation
2190,76,2025-11-12,2026-06-09,ICU,Admitted
2646,44,2025-04-26,2026-06-30,Private,Admitted
71,176,2025-02-08,2026-07-07,Emergency,Admitted
525,187,2025-04-06,2026-06-20,Emergency,Under Observation
2249,2,2026-01-26,2026-06-21,ICU,Admitted
344,125,2024-11-01,2026-06-27,ICU,Discharged
1644,39,2025-05-17,2026-06-26,Emergency,Admitted
1434,108,2025-05-03,2026-06-10,Emergency,Under Observation
2068,149,2024-12-26,2026-07-04,Private,Admitted
907,112,2026-05-25,2026-06-20,Emergency,Admitted
1641,75,2025-08-13,2026-06-27,General,Admitted
2571,13,2025-12-28,2026-06-15,General,Admitted
336,40,2025-11-11,2026-06-15,Private,Admitted
1548,120,2026-01-29,2026-06-21,Private,Admitted
640,200,2024-06-15,2026-06-21,ICU,Discharged
675,196,2025-09-14,2026-06-22,ICU,Under Observation
293,62,2026-04-16,2026-06-29,Emergency,Under Observation
2022,91,2024-08-29,2026-07-08,Emergency,Admitted
2749,79,2026-05-11,2026-07-03,General,Under Observation
2948,181,2024-11-22,2026-06-10,Emergency,Discharged
2534,160,2025-02-22,2026-06-19,General,Under Observation
480,80,2025-09-08,2026-06-16,ICU,Discharged
1607,140,2025-03-12,2026-06-15,General,Admitted
2562,54,2024-06-17,2026-06-18,Private,Under Observation
1044,107,2025-09-29,2026-06-09,Emergency,Discharged
1751,158,2026-01-08,2026-07-01,Emergency,Admitted
1625,144,2024-06-13,2026-07-04,Emergency,Under Observation
534,141,2025-09-16,2026-06-26,Private,Admitted
2134,45,2024-11-21,2026-06-21,ICU,Admitted
895,44,2025-12-29,2026-06-16,Emergency,Discharged
2166,41,2026-02-09,2026-07-07,Emergency,Discharged
488,100,2025-02-11,2026-06-10,ICU,Admitted
1408,19,2026-05-08,2026-07-05,Emergency,Discharged
1712,190,2025-07-05,2026-06-20,Emergency,Admitted
1572,22,2025-07-18,2026-07-03,Emergency,Discharged
961,36,2026-05-28,2026-06-11,Emergency,Discharged
657,143,2024-07-21,2026-06-19,ICU,Admitted
1467,80,2025-01-29,2026-06-27,Emergency,Discharged
1683,109,2025-02-24,2026-07-04,General,Admitted
682,153,2025-03-12,2026-06-20,Emergency,Under Observation
830,108,2025-11-25,2026-06-22,Private,Under Observation
719,118,2025-07-31,2026-07-04,General,Discharged
1590,88,2025-05-11,2026-06-23,Private,Under Observation
2399,125,2024-09-16,2026-07-04,Emergency,Under Observation
1860,141,2025-06-17,2026-06-23,General,Discharged
2795,156,2024-07-27,2026-06-22,ICU,Under Observation
1141,75,2025-04-25,2026-06-13,ICU,Discharged
2105,99,2024-12-27,2026-06-28,Emergency,Discharged
426,68,2026-02-14,2026-06-12,Emergency,Under Observation
2103,30,2025-05-12,2026-07-05,Emergency,Under Observation
1349,75,2025-02-18,2026-07-02,ICU,Admitted
411,76,2024-12-09,2026-07-02,Emergency,Under Observation
2690,84,2026-02-12,2026-06-19,Emergency,Under Observation
2113,102,2025-12-21,2026-06-15,ICU,Discharged
2739,118,2024-07-27,2026-06-25,Emergency,Admitted
2281,180,2024-09-08,2026-06-21,General,Under Observation
2432,177,2025-06-05,2026-06-29,ICU,Discharged
1239,11,2025-09-23,2026-06-21,Private,Admitted
1630,157,2024-07-31,2026-07-03,Emergency,Under Observation
1097,186,2025-09-26,2026-07-03,Private,Admitted
491,144,2026-05-25,2026-07-01,ICU,Under Observation
1380,170,2026-01-11,2026-06-16,Private,Admitted
2809,6,2024-07-08,2026-06-19,Private,Discharged
2803,69,2025-09-26,2026-07-08,General,Under Observation
683,124,2025-08-26,2026-07-02,Emergency,Under Observation
884,183,2025-02-10,2026-07-06,ICU,Under Observation
842,70,2026-04-24,2026-06-18,General,Discharged
2204,157,2026-03-30,2026-06-26,Emergency,Admitted
2696,17,2025-08-19,2026-06-13,Emergency,Admitted
972,171,2025-03-09,2026-06-22,Emergency,Under Observation
6,136,2026-01-07,2026-06-09,Private,Under Observation
1072,48,2025-01-03,2026-06-21,Private,Discharged
384,138,2025-10-11,2026-06-21,ICU,Under Observation
1594,63,2026-04-15,2026-06-19,General,Under Observation
537,93,2025-12-01,2026-06-11,General,Discharged
363,113,2024-10-10,2026-06-09,ICU,Under Observation
2531,60,2024-11-26,2026-06-27,ICU,Under Observation
240,155,2025-10-10,2026-06-29,Private,Admitted
2186,102,2026-02-21,2026-07-01,General,Under Observation
2515,129,2026-02-19,2026-06-30,General,Under Observation
2932,16,2025-01-13,2026-06-26,ICU,Under Observation
1199,46,2026-01-26,2026-06-09,Private,Discharged
641,157,2026-04-26,2026-06-22,ICU,Under Observation
1043,200,2024-11-11,2026-07-08,General,Discharged
419,188,2025-04-11,2026-06-21,General,Under Observation
2951,134,2024-09-30,2026-06-19,General,Under Observation
1376,29,2025-06-23,2026-07-08,ICU,Under Observation
2350,146,2025-05-27,2026-06-21,Private,Under Observation
682,79,2025-10-29,2026-06-13,Private,Under Observation
2963,11,2025-08-30,2026-06-27,General,Admitted
1153,168,2025-10-02,2026-07-07,ICU,Admitted
1056,32,2025-02-28,2026-06-27,General,Admitted
1904,169,2025-03-16,2026-06-19,ICU,Discharged
1,179,2026-02-07,2026-06-18,General,Discharged
1832,79,2025-04-24,2026-06-19,General,Discharged
1742,47,2025-07-26,2026-06-09,ICU,Admitted
1243,158,2025-01-29,2026-06-23,ICU,Admitted
178,8,2024-08-05,2026-06-29,ICU,Admitted
1784,167,2025-12-02,2026-06-12,ICU,Admitted
2111,35,2024-06-16,2026-06-19,Emergency,Discharged
2248,26,2025-05-11,2026-06-18,Private,Admitted
184,109,2025-10-04,2026-06-16,ICU,Discharged
552,64,2025-09-09,2026-06-24,ICU,Admitted
1140,127,2025-07-09,2026-06-29,General,Under Observation
253,101,2026-03-14,2026-06-13,General,Admitted
1757,93,2026-05-14,2026-06-25,Emergency,Under Observation
1896,176,2025-06-06,2026-07-03,Private,Discharged
1443,101,2024-12-19,2026-06-25,ICU,Discharged
1532,31,2025-12-10,2026-06-16,General,Under Observation
2296,116,2025-06-28,2026-06-29,Emergency,Discharged
246,87,2026-04-23,2026-06-11,General,Under Observation
1842,170,2025-12-06,2026-07-06,ICU,Discharged
737,75,2024-11-01,2026-06-28,Emergency,Discharged
588,64,2026-01-21,2026-07-07,ICU,Discharged
26,11,2025-05-27,2026-06-18,ICU,Discharged
1542,64,2026-01-20,2026-06-26,General,Under Observation
2950,175,2025-05-14,2026-06-23,Emergency,Discharged
1938,193,2025-11-12,2026-07-05,Private,Under Observation
2245,159,2025-02-24,2026-06-13,Emergency,Under Observation
1282,29,2025-02-10,2026-06-18,Private,Discharged
2051,197,2025-01-13,2026-06-26,General,Discharged
1655,151,2024-09-17,2026-06-24,ICU,Under Observation
1141,100,2026-01-06,2026-06-23,Emergency,Admitted
1942,37,2025-05-20,2026-06-12,General,Discharged
1548,111,2024-07-03,2026-06-27,Emergency,Admitted
2275,190,2024-08-19,2026-07-07,Emergency,Discharged
217,145,2024-09-05,2026-06-16,Private,Under Observation
1203,126,2025-10-01,2026-06-16,ICU,Discharged
2193,107,2024-12-18,2026-06-25,ICU,Discharged
1696,91,2025-05-29,2026-06-24,ICU,Discharged
2670,7,2025-05-07,2026-06-20,Emergency,Discharged
2675,141,2025-09-07,2026-07-02,Private,Admitted
2545,157,2024-10-09,2026-06-15,Emergency,Discharged
2489,163,2026-05-23,2026-06-24,General,Admitted
2020,154,2024-11-28,2026-06-27,General,Admitted
182,95,2025-01-06,2026-06-13,ICU,Discharged
2593,128,2024-08-06,2026-06-24,Emergency,Under Observation
486,149,2025-01-29,2026-06-19,Emergency,Under Observation
537,99,2025-05-08,2026-07-03,ICU,Admitted
1027,59,2025-02-11,2026-06-15,General,Under Observation
2006,46,2025-01-21,2026-06-13,Emergency,Discharged
969,150,2026-01-17,2026-06-22,Private,Under Observation
1735,106,2026-01-11,2026-07-01,Emergency,Under Observation
751,110,2026-05-29,2026-06-30,General,Under Observation
300,154,2024-12-23,2026-06-12,Private,Admitted
1704,141,2025-09-27,2026-06-19,General,Discharged
2004,94,2025-10-18,2026-06-09,General,Discharged
1085,99,2025-06-27,2026-06-10,Emergency,Discharged
1928,167,2024-06-10,2026-06-30,General,Admitted
2832,81,2026-05-12,2026-06-27,ICU,Discharged
2185,108,2024-08-08,2026-06-11,ICU,Discharged
1094,20,2024-06-08,2026-06-23,General,Admitted
482,9,2025-11-27,2026-07-01,Emergency,Admitted
2866,56,2025-08-24,2026-07-06,Emergency,Admitted
2050,64,2026-01-16,2026-06-20,Emergency,Under Observation
1658,156,2025-07-29,2026-06-21,ICU,Discharged
414,24,2025-05-04,2026-06-18,General,Admitted
374,87,2025-07-10,2026-07-04,Private,Admitted
200,27,2024-08-24,2026-07-06,Emergency,Under Observation
182,157,2024-07-22,2026-07-05,ICU,Discharged
1057,37,2024-08-17,2026-06-12,Emergency,Under Observation
2804,120,2024-06-13,2026-06-17,General,Under Observation
1348,192,2025-03-12,2026-06-14,ICU,Admitted
2845,139,2025-06-16,2026-06-10,General,Under Observation
1793,70,2025-06-16,2026-07-08,ICU,Discharged
2372,173,2026-04-21,2026-06-17,Private,Under Observation
1447,49,2025-02-25,2026-06-22,Emergency,Admitted
810,2,2025-11-08,2026-06-23,General,Discharged
2968,68,2024-11-05,2026-06-19,Private,Discharged
1273,142,2025-02-25,2026-06-24,Private,Discharged
1636,31,2025-03-10,2026-06-27,ICU,Admitted
619,184,2025-11-06,2026-06-09,ICU,Discharged
2070,63,2025-05-06,2026-07-02,ICU,Discharged
1867,29,2025-12-03,2026-06-30,Emergency,Admitted
909,2,2025-07-08,2026-06-11,Emergency,Admitted
1420,116,2026-01-01,2026-06-21,ICU,Admitted
2156,93,2024-08-30,2026-07-06,Private,Under Observation
1501,54,2024-10-04,2026-06-24,Private,Admitted
1807,39,2025-02-16,2026-06-12,General,Discharged
641,94,2025-05-19,2026-07-07,Private,Under Observation
1960,44,2026-03-02,2026-06-20,General,Discharged
2276,122,2025-01-07,2026-06-22,General,Admitted
1188,77,2025-11-01,2026-06-13,Private,Admitted
2368,149,2024-10-23,2026-06-19,ICU,Discharged
2962,77,2024-07-12,2026-06-18,Private,Under Observation
1370,58,2025-04-07,2026-06-17,General,Discharged
2629,94,2024-10-24,2026-06-27,Private,Under Observation
2003,178,2024-10-31,2026-06-23,General,Admitted
973,71,2026-01-11,2026-06-18,General,Admitted
2300,103,2024-08-23,2026-06-30,Private,Discharged
538,135,2025-08-31,2026-06-22,General,Discharged
1525,110,2025-11-11,2026-06-26,Emergency,Under Observation
693,48,2025-01-07,2026-07-04,ICU,Discharged
1174,53,2026-02-16,2026-07-02,General,Admitted
309,54,2025-07-17,2026-06-22,General,Discharged
488,12,2024-07-11,2026-07-02,Private,Admitted
1203,1,2025-07-13,2026-06-23,Emergency,Under Observation
2414,67,2024-11-19,2026-07-07,ICU,Discharged
2855,70,2024-10-21,2026-06-22,Private,Admitted
1381,165,2025-04-13,2026-06-14,Private,Admitted
2569,192,2025-07-20,2026-06-13,Emergency,Admitted
2084,14,2024-10-22,2026-06-13,ICU,Under Observation
357,143,2026-02-13,2026-07-03,Private,Discharged
514,50,2025-10-01,2026-06-13,Emergency,Under Observation
1394,141,2025-04-20,2026-06-29,Emergency,Discharged
1845,112,2026-03-31,2026-06-14,Private,Under Observation
2323,186,2025-10-19,2026-06-29,Private,Discharged
609,133,2025-10-31,2026-07-02,ICU,Discharged
2624,200,2024-07-07,2026-07-02,ICU,Admitted
1612,149,2024-11-26,2026-06-23,General,Discharged
2777,164,2024-12-31,2026-07-01,Emergency,Admitted
846,25,2025-04-07,2026-06-19,Emergency,Discharged
1947,107,2026-05-11,2026-06-26,Private,Discharged
2446,98,2025-04-12,2026-06-30,Emergency,Discharged
479,11,2024-10-18,2026-06-11,Emergency,Under Observation
2547,165,2024-07-21,2026-07-07,Private,Under Observation
1825,17,2025-11-23,2026-06-12,ICU,Discharged
1888,58,2025-07-07,2026-06-20,Private,Discharged
1335,108,2026-03-05,2026-06-24,Private,Under Observation
558,74,2024-12-07,2026-07-08,General,Discharged
488,21,2024-07-19,2026-06-28,Emergency,Discharged
2402,93,2025-06-01,2026-07-05,Emergency,Under Observation
1347,140,2024-12-05,2026-06-28,ICU,Discharged
898,110,2026-03-30,2026-07-01,Emergency,Under Observation
2186,80,2025-07-18,2026-07-05,Emergency,Admitted
737,30,2025-02-28,2026-06-22,Emergency,Discharged
598,140,2025-10-18,2026-07-02,General,Under Observation
772,68,2026-02-14,2026-07-02,Private,Under Observation
1427,6,2026-03-23,2026-06-10,Private,Discharged
741,89,2025-01-14,2026-06-28,Private,Discharged
1512,71,2026-04-17,2026-06-24,Emergency,Admitted
2199,13,2026-05-10,2026-06-13,ICU,Under Observation
2851,12,2024-11-11,2026-07-01,General,Admitted
1798,197,2025-10-01,2026-06-11,Private,Discharged
2966,28,2026-05-08,2026-07-02,Emergency,Admitted
1610,101,2026-05-27,2026-06-22,Private,Discharged
975,178,2025-11-01,2026-06-24,Private,Discharged
1123,59,2025-01-15,2026-06-14,Emergency,Admitted
226,12,2025-04-04,2026-06-10,ICU,Discharged
1317,36,2025-12-27,2026-06-23,Private,Admitted
2590,45,2025-04-12,2026-06-26,Emergency,Admitted
2144,148,2024-11-04,2026-06-21,General,Discharged
2600,82,2026-02-07,2026-06-09,Private,Admitted
2635,109,2025-07-20,2026-06-19,Private,Discharged
1912,35,2024-06-16,2026-06-17,Emergency,Under Observation
1730,36,2024-10-02,2026-06-12,ICU,Discharged
1230,189,2024-09-26,2026-07-08,Emergency,Under Observation
2751,5,2025-01-10,2026-06-16,Private,Admitted
1260,122,2025-07-25,2026-07-07,ICU,Admitted
1106,73,2025-06-29,2026-06-27,General,Discharged
2994,100,2026-02-19,2026-06-11,ICU,Admitted
1175,51,2024-07-21,2026-06-09,General,Under Observation
793,166,2026-05-03,2026-07-08,General,Admitted
2115,70,2024-09-30,2026-06-23,Emergency,Discharged
2712,162,2025-09-02,2026-06-27,General,Admitted
1215,101,2026-05-26,2026-06-13,Emergency,Admitted
1563,183,2025-05-29,2026-06-18,Emergency,Admitted
1367,45,2026-04-30,2026-06-29,General,Discharged
1310,187,2025-02-19,2026-07-08,Private,Admitted
1642,127,2025-03-06,2026-06-14,General,Discharged
1842,103,2024-08-06,2026-06-28,General,Admitted
402,198,2025-03-15,2026-06-10,General,Discharged
2530,126,2024-11-21,2026-06-13,Private,Admitted
2204,27,2024-06-15,2026-06-22,Private,Under Observation
2568,48,2025-08-31,2026-07-01,ICU,Discharged
351,61,2026-03-21,2026-06-12,Private,Admitted
2276,80,2025-05-21,2026-06-17,Private,Under Observation
996,58,2025-07-08,2026-06-29,Emergency,Discharged
656,111,2026-02-25,2026-06-25,General,Under Observation
2019,178,2025-03-17,2026-06-24,ICU,Admitted
2389,19,2025-09-03,2026-06-26,Emergency,Admitted
2456,158,2025-12-18,2026-06-13,Emergency,Under Observation
1076,99,2024-11-13,2026-06-22,ICU,Discharged
2614,178,2026-03-04,2026-06-15,General,Under Observation
1601,112,2026-01-31,2026-06-24,ICU,Discharged
2753,125,2025-07-24,2026-06-24,Emergency,Admitted
2220,177,2025-03-07,2026-07-05,Private,Discharged
2552,22,2025-08-21,2026-07-08,Emergency,Admitted
1506,172,2025-12-18,2026-07-08,Emergency,Discharged
1078,112,2024-10-11,2026-06-16,General,Discharged
1464,194,2026-05-06,2026-06-30,General,Admitted
576,153,2024-07-14,2026-06-20,Private,Discharged
931,182,2026-04-01,2026-06-20,Emergency,Admitted
1399,138,2024-11-10,2026-07-03,ICU,Discharged
713,66,2024-07-21,2026-07-01,General,Under Observation
1474,64,2025-11-16,2026-07-01,General,Admitted
323,72,2025-09-15,2026-06-29,General,Discharged
2036,129,2025-10-20,2026-06-23,ICU,Under Observation
2914,157,2024-09-27,2026-07-04,Private,Under Observation
1890,41,2024-12-20,2026-07-05,Private,Admitted
2594,186,2025-03-16,2026-06-19,Emergency,Admitted
590,87,2026-04-12,2026-07-02,ICU,Under Observation
1069,132,2026-03-19,2026-06-12,Private,Discharged
2825,96,2026-03-08,2026-07-04,General,Discharged
2334,137,2025-08-09,2026-06-11,ICU,Under Observation
594,24,2025-11-10,2026-06-25,General,Discharged
552,136,2025-04-16,2026-06-21,ICU,Admitted
2485,168,2024-11-21,2026-07-04,General,Under Observation
2539,41,2025-07-16,2026-06-13,ICU,Under Observation
2474,163,2025-07-24,2026-06-18,Private,Discharged
759,8,2024-06-19,2026-06-10,General,Under Observation
436,130,2025-09-18,2026-07-02,ICU,Admitted
1422,50,2024-11-02,2026-06-29,General,Under Observation
2990,115,2024-06-15,2026-06-29,ICU,Discharged
1077,112,2024-08-29,2026-07-02,ICU,Discharged
2226,70,2025-11-05,2026-07-01,Emergency,Under Observation
1703,199,2026-02-07,2026-07-06,General,Admitted
1882,27,2025-04-03,2026-06-11,General,Under Observation
1322,82,2025-10-04,2026-06-17,General,Discharged
2054,127,2025-08-04,2026-06-17,Emergency,Under Observation
2719,139,2026-05-18,2026-07-02,ICU,Admitted
2998,70,2025-11-01,2026-06-28,Private,Discharged
1390,170,2024-11-01,2026-06-19,Emergency,Admitted
1689,182,2025-01-10,2026-06-12,Emergency,Discharged
514,8,2025-07-21,2026-06-22,General,Admitted
2199,120,2024-10-18,2026-06-15,General,Under Observation
1706,200,2025-02-27,2026-06-22,Private,Admitted
260,105,2025-08-28,2026-07-04,Private,Under Observation
603,176,2024-12-10,2026-06-14,Emergency,Under Observation
1143,155,2025-05-28,2026-06-13,Emergency,Under Observation
2265,57,2025-10-24,2026-06-10,Emergency,Under Observation
327,67,2026-05-08,2026-07-08,Emergency,Discharged
837,198,2024-07-04,2026-06-30,Emergency,Admitted
972,128,2024-07-21,2026-06-14,Private,Under Observation
811,44,2026-04-06,2026-06-18,General,Under Observation
819,152,2024-11-22,2026-06-13,Emergency,Under Observation
981,154,2025-11-09,2026-06-19,General,Discharged
408,143,2025-02-26,2026-07-03,General,Under Observation
2740,147,2026-03-20,2026-06-24,Private,Discharged
1666,167,2026-04-10,2026-07-02,Emergency,Discharged
93,8,2025-10-28,2026-06-15,ICU,Discharged
1685,178,2025-01-28,2026-06-15,Emergency,Admitted
43,24,2025-05-13,2026-06-20,ICU,Discharged
752,107,2025-05-05,2026-06-27,Private,Under Observation
1097,18,2025-09-18,2026-06-15,General,Under Observation
2327,11,2026-01-08,2026-06-12,Private,Under Observation
2784,146,2026-02-15,2026-06-11,Emergency,Under Observation
1738,33,2025-08-15,2026-06-11,General,Admitted
1369,110,2025-04-26,2026-06-17,Private,Discharged
1474,48,2025-04-27,2026-06-23,Emergency,Admitted
779,194,2024-06-29,2026-07-08,General,Discharged
1590,105,2025-11-29,2026-07-05,General,Discharged
2861,41,2024-11-17,2026-07-07,General,Discharged
2754,188,2024-07-25,2026-06-28,ICU,Admitted
1551,177,2026-03-08,2026-06-22,Emergency,Admitted
1270,194,2026-04-13,2026-07-01,ICU,Admitted
2945,6,2025-11-28,2026-07-06,General,Discharged
127,192,2026-06-03,2026-07-05,Emergency,Admitted
2671,182,2024-09-20,2026-06-18,General,Discharged
2126,36,2026-06-07,2026-06-29,ICU,Under Observation
2748,39,2025-03-08,2026-06-17,General,Discharged
420,33,2026-02-18,2026-06-25,General,Under Observation
1742,146,2024-06-27,2026-07-02,Private,Under Observation
2300,156,2024-08-03,2026-06-19,ICU,Under Observation
2543,80,2026-06-06,2026-06-13,Emergency,Discharged
1933,105,2024-08-08,2026-07-05,Emergency,Under Observation
773,41,2025-09-17,2026-06-15,ICU,Under Observation
1293,154,2026-03-10,2026-06-18,ICU,Discharged
2320,75,2026-06-02,2026-07-01,Private,Under Observation
1837,6,2024-12-24,2026-07-04,Emergency,Under Observation
2766,45,2024-12-26,2026-06-10,Emergency,Discharged
1948,37,2026-04-14,2026-06-10,ICU,Under Observation
1133,46,2025-08-26,2026-06-13,Emergency,Admitted
2171,85,2025-09-27,2026-06-24,ICU,Discharged
2,154,2025-09-15,2026-06-18,General,Admitted
864,13,2026-05-07,2026-07-03,Emergency,Under Observation
693,37,2026-02-08,2026-07-08,ICU,Under Observation
1679,15,2024-12-31,2026-06-24,Private,Under Observation
2689,194,2024-06-24,2026-06-17,Emergency,Under Observation
647,42,2025-03-11,2026-06-29,General,Under Observation
1862,160,2025-12-09,2026-07-08,Private,Discharged
805,72,2025-07-18,2026-07-03,ICU,Under Observation
2613,145,2026-04-13,2026-06-24,Private,Discharged
2858,46,2026-01-11,2026-06-28,General,Admitted
1605,110,2026-03-14,2026-07-04,Emergency,Discharged
435,36,2025-12-03,2026-06-19,General,Admitted
1581,43,2025-05-28,2026-06-22,Private,Admitted
1377,9,2025-04-07,2026-06-13,General,Under Observation
2623,134,2026-04-28,2026-07-02,ICU,Admitted
2914,101,2025-05-31,2026-06-10,ICU,Admitted
1347,121,2025-11-04,2026-06-10,ICU,Admitted
1382,63,2026-03-29,2026-06-25,General,Under Observation
1488,154,2025-01-13,2026-06-25,Private,Discharged
2938,149,2025-12-05,2026-07-08,Private,Admitted
2120,16,2025-04-13,2026-06-21,Emergency,Under Observation
1817,171,2026-01-25,2026-06-10,Emergency,Under Observation
410,199,2025-12-12,2026-06-29,Emergency,Discharged
1045,138,2026-04-17,2026-07-04,General,Admitted
310,164,2025-09-25,2026-06-23,Emergency,Discharged
380,160,2025-09-05,2026-07-08,Private,Under Observation
2866,12,2026-03-04,2026-06-27,Emergency,Discharged
1985,179,2025-05-06,2026-06-28,Emergency,Admitted
1635,82,2026-04-22,2026-06-20,Private,Discharged
2866,105,2025-07-29,2026-06-23,ICU,Admitted
1158,7,2024-09-15,2026-06-26,General,Under Observation
1450,5,2024-08-18,2026-06-27,ICU,Discharged
1282,103,2024-09-30,2026-06-16,General,Under Observation
589,90,2025-04-26,2026-06-30,ICU,Discharged
804,75,2024-12-31,2026-06-22,Private,Under Observation
2327,167,2024-07-06,2026-06-09,General,Under Observation
1137,85,2025-11-05,2026-06-15,ICU,Discharged
437,176,2025-01-14,2026-06-10,Private,Discharged
2403,155,2024-08-28,2026-07-05,Private,Under Observation
246,187,2024-08-07,2026-06-10,General,Admitted
609,197,2025-05-20,2026-06-25,General,Under Observation
1044,12,2025-01-19,2026-06-15,Emergency,Admitted
2730,198,2024-07-14,2026-06-19,Private,Under Observation
2191,124,2026-03-04,2026-06-17,Private,Discharged
29,126,2026-06-06,2026-06-16,General,Under Observation
1560,189,2025-09-29,2026-06-19,Emergency,Discharged
2351,147,2025-12-08,2026-07-02,Private,Discharged
2423,185,2025-03-20,2026-06-11,Emergency,Discharged
1492,72,2025-10-11,2026-06-10,ICU,Discharged
220,95,2025-06-17,2026-06-22,Emergency,Admitted
189,41,2025-06-01,2026-07-01,Private,Discharged
2959,182,2025-08-06,2026-06-30,Emergency,Discharged
1818,127,2024-09-03,2026-07-07,Private,Under Observation
2452,4,2025-02-25,2026-06-28,Private,Discharged
1802,148,2025-07-20,2026-06-19,Private,Discharged
1092,172,2026-02-22,2026-06-26,Private,Admitted
2353,40,2026-02-14,2026-07-07,Emergency,Under Observation
1340,34,2025-06-04,2026-06-10,Private,Under Observation
1345,133,2025-01-27,2026-07-08,Private,Admitted
2417,127,2025-11-17,2026-06-28,Emergency,Admitted
2078,185,2024-09-10,2026-07-08,Emergency,Under Observation
1987,60,2025-12-23,2026-07-07,Private,Under Observation
253,51,2025-02-28,2026-06-19,ICU,Admitted
1586,146,2024-08-27,2026-06-17,ICU,Discharged
2961,47,2025-05-09,2026-07-05,Private,Admitted
78,6,2024-12-02,2026-06-30,ICU,Discharged
2350,63,2025-08-19,2026-07-02,General,Discharged
2820,110,2025-04-26,2026-06-25,ICU,Admitted
9,84,2024-08-15,2026-06-28,Private,Discharged
2120,175,2024-12-11,2026-06-16,Private,Discharged
2745,119,2025-09-09,2026-06-13,Private,Discharged
769,109,2025-05-29,2026-07-01,ICU,Discharged
2227,191,2024-12-06,2026-06-16,ICU,Under Observation
2981,93,2025-03-29,2026-06-22,ICU,Admitted
603,140,2024-08-14,2026-06-28,General,Admitted
557,42,2025-09-23,2026-06-13,Private,Admitted
1529,11,2024-07-11,2026-06-09,Private,Admitted
2274,32,2025-01-10,2026-06-09,General,Admitted
2066,186,2026-05-18,2026-06-21,General,Under Observation
2011,95,2024-11-16,2026-06-16,General,Discharged
1647,194,2025-04-24,2026-06-28,Emergency,Discharged
2495,123,2025-02-11,2026-06-18,General,Admitted
1866,174,2024-10-09,2026-06-13,General,Under Observation
2743,7,2026-02-06,2026-06-23,ICU,Under Observation
629,6,2025-04-29,2026-06-23,General,Discharged
1961,31,2025-03-29,2026-07-06,ICU,Discharged
66,18,2025-11-29,2026-07-02,Emergency,Admitted
1024,39,2026-01-08,2026-07-07,General,Discharged
2808,193,2024-08-29,2026-06-18,Private,Under Observation
1507,105,2025-01-24,2026-06-18,ICU,Under Observation
500,43,2024-12-22,2026-07-07,Private,Discharged
1422,21,2025-07-24,2026-07-02,ICU,Under Observation
2038,118,2025-07-13,2026-06-22,Emergency,Discharged
2525,136,2025-09-04,2026-06-29,ICU,Under Observation
789,173,2024-08-23,2026-06-09,ICU,Under Observation
638,197,2025-07-17,2026-06-19,General,Under Observation
1789,175,2024-12-15,2026-06-10,Private,Admitted
1023,191,2025-12-10,2026-06-26,Emergency,Discharged
740,33,2024-10-03,2026-06-14,General,Discharged
2919,52,2025-12-22,2026-06-30,Private,Discharged
919,54,2026-05-12,2026-06-29,General,Under Observation
1444,157,2025-07-02,2026-07-07,General,Discharged
742,121,2025-12-31,2026-06-22,ICU,Admitted
2990,87,2024-07-30,2026-06-18,Private,Admitted
1846,193,2026-03-30,2026-06-16,Private,Admitted
388,144,2025-09-16,2026-07-04,Private,Discharged
2284,43,2024-10-12,2026-06-11,Private,Discharged
2823,86,2025-07-26,2026-07-08,General,Discharged
2156,133,2025-04-27,2026-07-01,Emergency,Discharged
2200,43,2025-04-26,2026-06-22,ICU,Admitted
39,190,2025-04-19,2026-06-20,General,Discharged
793,10,2026-01-07,2026-06-17,General,Discharged
852,190,2025-06-19,2026-06-11,Emergency,Discharged
2581,51,2026-02-28,2026-07-06,Emergency,Under Observation
2982,90,2025-06-13,2026-06-22,Emergency,Discharged
1041,127,2025-10-06,2026-06-25,ICU,Discharged
2701,23,2024-07-10,2026-06-18,Private,Under Observation
1290,179,2025-11-23,2026-06-26,Emergency,Under Observation
558,169,2024-09-10,2026-06-13,General,Under Observation
696,72,2025-07-04,2026-07-02,ICU,Discharged
2746,106,2024-12-03,2026-06-21,Private,Admitted
2189,152,2026-04-09,2026-06-19,Private,Admitted
53,169,2024-09-26,2026-07-08,Emergency,Under Observation
2970,185,2025-10-21,2026-06-29,ICU,Discharged
2825,198,2026-02-28,2026-06-16,ICU,Admitted
1520,111,2025-10-12,2026-07-02,ICU,Under Observation
1944,159,2026-01-07,2026-07-06,Private,Discharged
1391,77,2025-02-09,2026-07-06,ICU,Discharged
2418,173,2025-08-16,2026-07-03,Private,Under Observation
369,100,2026-01-23,2026-07-04,Emergency,Admitted
1780,112,2024-10-16,2026-06-13,General,Under Observation
69,56,2026-03-29,2026-06-29,ICU,Admitted
382,147,2025-02-06,2026-06-17,ICU,Admitted
851,78,2024-10-31,2026-06-09,General,Discharged
1499,162,2024-10-21,2026-07-03,Private,Under Observation
1627,105,2024-09-22,2026-07-01,ICU,Discharged
2054,173,2025-02-23,2026-06-13,General,Admitted
2266,152,2026-04-06,2026-07-05,Private,Discharged
2513,168,2025-04-12,2026-07-01,Private,Discharged
2875,101,2025-08-06,2026-06-15,Emergency,Under Observation
1800,140,2026-05-04,2026-06-29,General,Discharged
339,97,2024-06-14,2026-06-19,General,Admitted
2652,90,2026-04-08,2026-06-15,Emergency,Admitted
785,115,2024-12-07,2026-06-21,General,Discharged
647,21,2026-01-07,2026-06-13,Emergency,Under Observation
126,176,2025-05-28,2026-07-02,Private,Under Observation
1977,195,2025-04-08,2026-06-15,Emergency,Under Observation
2023,151,2025-01-06,2026-06-10,Private,Admitted
1437,197,2025-01-13,2026-06-26,ICU,Discharged
1760,21,2025-04-29,2026-07-08,Private,Under Observation
2838,193,2024-07-10,2026-06-15,ICU,Admitted
630,105,2026-02-06,2026-06-15,Emergency,Admitted
1575,160,2024-09-16,2026-06-10,General,Admitted
1404,63,2025-07-23,2026-06-18,General,Discharged
667,157,2025-06-11,2026-07-04,Private,Under Observation
993,161,2024-10-28,2026-06-19,ICU,Under Observation
118,58,2025-01-16,2026-07-04,General,Admitted
1479,43,2025-10-16,2026-06-09,ICU,Discharged
1236,17,2025-10-13,2026-07-07,ICU,Under Observation
533,70,2025-02-05,2026-06-27,Private,Under Observation
852,97,2024-10-29,2026-06-30,Emergency,Discharged
2115,72,2024-12-03,2026-07-01,ICU,Discharged
1743,112,2025-04-03,2026-06-10,General,Discharged
89,110,2025-09-18,2026-06-26,Emergency,Discharged
467,22,2024-12-24,2026-07-06,Emergency,Discharged
2476,119,2025-11-23,2026-06-11,Private,Admitted
770,191,2025-05-02,2026-06-30,Emergency,Discharged
2086,149,2026-04-07,2026-06-16,Emergency,Discharged
2188,165,2025-05-03,2026-07-03,ICU,Admitted
2855,66,2025-02-10,2026-06-14,Emergency,Admitted
2758,57,2025-07-16,2026-06-27,General,Admitted
2801,88,2025-05-05,2026-06-29,Emergency,Admitted
481,164,2024-10-05,2026-07-03,Private,Discharged
1702,89,2025-05-01,2026-06-24,ICU,Under Observation
571,32,2025-12-08,2026-07-05,Emergency,Admitted
953,44,2024-07-21,2026-06-23,Private,Under Observation
1047,89,2025-08-13,2026-06-23,General,Discharged
738,94,2024-12-29,2026-06-19,General,Under Observation
597,156,2025-07-24,2026-06-27,ICU,Discharged
122,180,2026-01-14,2026-07-07,Emergency,Admitted
1828,155,2024-09-26,2026-06-22,General,Discharged
114,121,2025-02-26,2026-06-18,ICU,Under Observation
1992,128,2025-08-15,2026-06-19,Emergency,Under Observation
1780,11,2024-08-07,2026-07-06,ICU,Discharged
2893,32,2024-09-17,2026-06-26,ICU,Under Observation
655,70,2026-06-05,2026-06-12,Emergency,Discharged
788,142,2025-09-10,2026-06-11,Emergency,Discharged
223,33,2026-01-28,2026-06-24,General,Under Observation
1244,112,2025-06-19,2026-06-18,General,Admitted
687,142,2026-03-08,2026-06-23,ICU,Under Observation
2364,86,2025-07-05,2026-06-28,ICU,Discharged
2627,132,2025-09-29,2026-07-06,Emergency,Under Observation
2242,135,2025-06-30,2026-07-04,Private,Discharged
1003,168,2025-04-30,2026-06-29,ICU,Under Observation
1282,179,2024-11-23,2026-07-05,Private,Under Observation
1143,154,2025-04-11,2026-06-14,ICU,Admitted
2603,45,2025-05-28,2026-06-30,ICU,Admitted
461,9,2024-12-29,2026-06-24,ICU,Admitted
212,172,2026-03-24,2026-06-28,Private,Admitted
634,83,2026-01-01,2026-06-23,Emergency,Under Observation
2389,24,2025-05-12,2026-06-15,General,Admitted
139,170,2025-02-25,2026-06-20,General,Discharged
1467,200,2025-06-02,2026-07-06,Emergency,Discharged
192,177,2025-11-19,2026-06-19,Private,Admitted
1078,20,2025-11-02,2026-07-04,ICU,Admitted
2445,88,2025-06-24,2026-06-20,ICU,Admitted
2307,153,2026-05-13,2026-07-01,General,Admitted
1653,97,2025-01-07,2026-06-29,General,Admitted
133,22,2026-03-15,2026-06-24,General,Admitted
2358,5,2025-11-13,2026-06-11,Emergency,Under Observation
1556,186,2025-11-04,2026-07-03,Emergency,Admitted
81,8,2026-03-16,2026-06-18,Private,Under Observation
2235,2,2025-07-18,2026-07-01,General,Discharged
380,176,2026-05-08,2026-06-13,General,Discharged
441,12,2025-09-20,2026-07-03,ICU,Admitted
1867,6,2026-03-02,2026-06-27,Emergency,Under Observation
2723,6,2026-05-24,2026-06-11,Emergency,Under Observation
768,95,2026-01-20,2026-07-02,ICU,Under Observation
589,52,2026-01-23,2026-06-26,ICU,Admitted
2059,63,2025-05-25,2026-06-21,Private,Discharged
232,131,2026-06-03,2026-06-18,ICU,Discharged
2462,184,2025-03-05,2026-06-28,Private,Discharged
1495,112,2026-06-02,2026-06-21,Emergency,Under Observation
2158,198,2024-08-16,2026-06-12,ICU,Admitted
2474,180,2025-12-19,2026-07-06,Emergency,Under Observation
1290,186,2024-11-30,2026-06-22,General,Discharged
2830,112,2026-04-14,2026-06-14,ICU,Under Observation
1833,20,2024-07-02,2026-06-20,General,Admitted
1869,130,2025-07-21,2026-06-29,Private,Admitted
1191,96,2024-12-31,2026-06-09,General,Discharged
2272,70,2025-12-06,2026-06-16,Emergency,Discharged
2374,157,2024-07-04,2026-06-23,ICU,Under Observation
437,99,2026-05-29,2026-06-13,ICU,Admitted
1375,122,2025-11-29,2026-06-29,Emergency,Under Observation
930,171,2026-05-24,2026-06-23,ICU,Discharged
2172,40,2025-03-26,2026-06-10,Emergency,Admitted
143,186,2025-07-02,2026-06-25,General,Discharged
1932,195,2025-11-18,2026-07-03,General,Under Observation
998,151,2025-08-22,2026-06-15,Emergency,Admitted
2623,190,2024-10-27,2026-06-19,Private,Admitted
286,21,2025-08-31,2026-06-18,ICU,Discharged
1406,23,2026-01-09,2026-07-03,ICU,Under Observation
304,162,2025-10-19,2026-06-30,General,Discharged
2477,6,2025-05-31,2026-07-02,Private,Admitted
84,21,2025-07-22,2026-06-15,General,Under Observation
1486,121,2025-07-19,2026-07-08,Emergency,Discharged
787,177,2025-02-15,2026-06-09,ICU,Admitted
2655,44,2025-04-08,2026-07-07,General,Discharged
1165,9,2024-10-06,2026-06-13,Emergency,Under Observation
2497,90,2025-12-11,2026-07-08,Emergency,Under Observation
88,27,2026-05-29,2026-07-06,ICU,Discharged
910,39,2024-12-14,2026-06-23,Emergency,Admitted
1739,124,2024-06-21,2026-06-19,Emergency,Discharged
801,198,2026-02-13,2026-06-29,Private,Discharged
2375,186,2024-09-06,2026-06-15,Private,Discharged
1384,176,2024-10-02,2026-06-12,General,Admitted
567,143,2026-06-04,2026-06-14,General,Admitted
2964,54,2025-11-12,2026-07-07,General,Under Observation
2201,137,2025-10-03,2026-06-09,Private,Under Observation
389,70,2025-12-28,2026-07-06,General,Under Observation
2494,129,2025-02-08,2026-06-25,ICU,Discharged
141,138,2025-08-12,2026-07-03,ICU,Under Observation
99,34,2024-07-06,2026-07-04,General,Admitted
81,168,2024-06-22,2026-06-17,ICU,Discharged
1552,2,2025-12-21,2026-06-24,General,Discharged
1153,89,2024-10-31,2026-06-13,Private,Discharged
2190,6,2025-06-05,2026-06-23,Private,Discharged
1581,84,2026-05-22,2026-06-22,ICU,Admitted
1260,122,2025-04-14,2026-06-23,ICU,Discharged
1220,114,2026-06-08,2026-06-17,Emergency,Discharged
1603,107,2025-05-26,2026-06-24,Private,Admitted
885,81,2026-04-10,2026-06-27,Private,Discharged
2462,173,2026-02-05,2026-07-05,Private,Discharged
2583,165,2026-03-09,2026-07-02,General,Discharged
2270,51,2025-09-26,2026-06-10,Emergency,Under Observation
2725,1,2025-08-27,2026-06-19,ICU,Discharged
1830,13,2025-07-17,2026-06-22,Emergency,Admitted
972,118,2024-08-14,2026-06-12,ICU,Discharged
323,160,2025-08-27,2026-06-24,General,Under Observation
2629,180,2025-06-18,2026-07-07,General,Admitted
2162,174,2026-02-17,2026-06-10,Emergency,Admitted
1757,148,2025-10-05,2026-06-17,General,Under Observation
641,5,2025-01-18,2026-06-28,General,Under Observation
201,30,2026-03-21,2026-06-29,ICU,Under Observation
957,12,2024-08-28,2026-06-15,General,Discharged
258,140,2025-02-26,2026-06-12,General,Under Observation
1244,20,2026-01-27,2026-06-17,ICU,Admitted
702,184,2025-09-12,2026-06-19,General,Under Observation
2918,44,2025-02-22,2026-06-15,General,Under Observation
2202,79,2026-05-30,2026-06-27,Private,Discharged
376,6,2024-07-24,2026-07-06,ICU,Under Observation
1006,88,2024-09-24,2026-06-26,General,Under Observation
332,198,2026-03-22,2026-06-13,Private,Under Observation
1102,12,2025-05-04,2026-06-18,General,Discharged
476,136,2025-06-12,2026-06-25,Emergency,Discharged
120,73,2025-02-24,2026-06-17,Private,Admitted
1777,93,2025-02-19,2026-06-28,Private,Under Observation
748,146,2025-07-21,2026-06-24,Emergency,Discharged
1766,39,2025-09-28,2026-07-01,Private,Admitted
2922,88,2025-10-22,2026-07-04,General,Admitted
1622,85,2024-11-01,2026-07-07,Private,Under Observation
83,183,2024-12-31,2026-06-30,General,Admitted
1903,18,2025-11-17,2026-07-04,Emergency,Admitted
946,117,2025-07-17,2026-06-27,ICU,Under Observation
165,88,2025-01-15,2026-07-06,ICU,Discharged
1564,185,2025-11-16,2026-06-17,Emergency,Admitted
1650,137,2026-04-01,2026-07-03,General,Discharged
2318,125,2025-10-23,2026-07-08,ICU,Discharged
563,111,2025-12-12,2026-06-25,General,Discharged
549,155,2025-02-04,2026-06-26,Private,Under Observation
46,174,2024-07-01,2026-06-25,General,Under Observation
1576,31,2024-08-26,2026-06-26,Emergency,Admitted
1546,105,2025-03-17,2026-07-05,Private,Discharged
2810,23,2026-01-30,2026-06-29,Private,Under Observation
2791,41,2025-05-15,2026-07-02,ICU,Under Observation
2662,63,2026-01-17,2026-06-22,Emergency,Under Observation
602,28,2025-04-06,2026-06-20,Emergency,Discharged
1557,151,2026-04-30,2026-06-20,ICU,Admitted
2031,179,2026-01-18,2026-07-04,General,Under Observation
2396,193,2025-09-19,2026-06-23,Emergency,Admitted
1579,60,2025-01-29,2026-07-02,General,Discharged
609,2,2026-04-12,2026-07-01,General,Discharged
2205,4,2024-06-10,2026-06-18,General,Discharged
2120,127,2025-05-21,2026-06-29,Private,Under Observation
967,120,2025-03-11,2026-06-14,ICU,Admitted
1477,189,2025-11-25,2026-07-08,ICU,Under Observation
1847,109,2026-03-14,2026-07-04,Emergency,Under Observation
223,67,2026-04-26,2026-06-23,Emergency,Under Observation
2486,185,2025-02-19,2026-06-17,ICU,Discharged
1218,35,2024-07-06,2026-06-25,ICU,Under Observation
89,126,2024-10-20,2026-06-14,Emergency,Under Observation
2126,152,2025-02-18,2026-06-14,General,Admitted
2693,129,2024-10-04,2026-06-11,General,Discharged
1958,71,2024-06-23,2026-06-24,General,Discharged
146,148,2026-05-23,2026-06-22,Private,Admitted
334,181,2025-12-05,2026-06-11,Private,Discharged
984,164,2026-01-10,2026-06-18,ICU,Admitted
1395,150,2026-03-08,2026-06-09,Private,Discharged
496,171,2026-02-12,2026-07-02,ICU,Admitted
1691,9,2025-04-07,2026-06-29,Emergency,Discharged
2963,10,2026-01-25,2026-06-28,Private,Admitted
1543,78,2024-09-16,2026-06-13,Private,Under Observation
1609,165,2025-08-23,2026-06-09,Private,Under Observation
2812,80,2025-07-06,2026-06-19,Emergency,Discharged
670,25,2024-07-20,2026-07-07,Private,Admitted
172,144,2024-12-09,2026-06-25,General,Admitted
2945,148,2026-05-31,2026-06-23,Emergency,Admitted
852,172,2025-11-16,2026-06-22,General,Discharged
670,190,2025-02-15,2026-06-27,ICU,Admitted
2499,182,2025-02-10,2026-06-17,General,Discharged
88,156,2024-11-18,2026-06-15,Emergency,Under Observation
1460,63,2026-04-01,2026-06-18,Private,Discharged
995,51,2026-03-26,2026-06-13,Private,Admitted
24,191,2025-08-21,2026-06-15,Emergency,Under Observation
926,45,2025-03-26,2026-06-14,Emergency,Under Observation
1574,162,2025-10-11,2026-06-20,Emergency,Admitted
1084,105,2024-11-11,2026-06-19,Emergency,Discharged
1555,87,2025-05-17,2026-06-25,Private,Under Observation
76,37,2024-09-17,2026-07-05,General,Discharged
517,199,2025-10-16,2026-07-02,Private,Under Observation
2982,53,2025-09-22,2026-06-22,ICU,Discharged
651,184,2026-01-02,2026-06-23,ICU,Under Observation
624,151,2025-10-14,2026-06-18,Private,Under Observation
1275,36,2024-07-23,2026-06-30,Emergency,Under Observation
2663,185,2026-05-18,2026-07-08,Private,Discharged
1120,141,2026-04-17,2026-06-25,ICU,Admitted
1687,30,2025-01-09,2026-06-11,General,Admitted
2060,128,2024-10-13,2026-07-07,ICU,Under Observation
2690,25,2025-11-19,2026-07-04,ICU,Admitted
1407,11,2026-03-08,2026-07-07,General,Under Observation
1946,53,2025-10-24,2026-06-15,Private,Under Observation
610,48,2025-12-26,2026-06-12,General,Admitted
2569,11,2025-06-04,2026-06-10,General,Under Observation
1149,70,2025-06-01,2026-06-15,General,Discharged
1342,162,2024-10-14,2026-07-02,Emergency,Admitted
806,93,2025-12-06,2026-06-17,ICU,Under Observation
1550,151,2024-09-23,2026-06-21,Private,Discharged
440,189,2025-02-19,2026-06-09,Private,Under Observation
895,51,2025-09-08,2026-06-11,Private,Admitted
1716,105,2026-01-12,2026-07-07,General,Discharged
1491,40,2025-06-29,2026-06-13,ICU,Discharged
1413,42,2026-02-27,2026-06-16,Emergency,Under Observation
2317,104,2026-05-14,2026-06-12,ICU,Under Observation
2630,37,2024-12-05,2026-06-18,General,Admitted
2308,157,2025-07-12,2026-07-07,General,Admitted
63,103,2024-12-04,2026-06-27,ICU,Discharged
1541,199,2026-02-04,2026-06-16,ICU,Under Observation
1672,196,2025-02-19,2026-07-02,General,Discharged
2785,199,2025-04-13,2026-06-22,ICU,Admitted
258,91,2025-09-29,2026-07-05,General,Discharged
2124,40,2024-09-24,2026-06-09,General,Under Observation
203,87,2025-01-07,2026-06-16,General,Discharged
937,88,2025-01-07,2026-06-25,Emergency,Admitted
1030,110,2025-12-04,2026-06-20,General,Under Observation
400,186,2024-11-04,2026-07-03,General,Under Observation
406,4,2025-10-12,2026-06-22,Emergency,Discharged
1273,127,2026-01-23,2026-07-01,ICU,Under Observation
59,170,2025-12-19,2026-06-24,Emergency,Discharged
656,14,2024-10-24,2026-06-28,General,Under Observation
2444,108,2025-03-29,2026-06-14,Private,Discharged
2405,44,2025-06-09,2026-06-16,ICU,Discharged
1726,129,2025-02-15,2026-07-07,ICU,Under Observation
425,130,2026-01-18,2026-07-01,Private,Under Observation
542,6,2025-12-17,2026-06-10,General,Admitted
168,16,2026-03-23,2026-06-21,Emergency,Discharged
1595,153,2024-12-14,2026-06-29,ICU,Under Observation
1571,129,2025-07-08,2026-07-07,ICU,Admitted
645,3,2024-08-05,2026-06-18,General,Under Observation
2975,73,2024-07-22,2026-06-09,Emergency,Admitted
1364,112,2025-01-15,2026-06-20,Private,Discharged
187,30,2024-12-23,2026-06-22,General,Discharged
2377,92,2024-08-03,2026-07-08,General,Under Observation
2523,149,2024-10-13,2026-06-14,Private,Discharged
2732,90,2025-08-12,2026-06-09,Emergency,Under Observation
1928,160,2026-02-15,2026-06-20,Private,Discharged
630,117,2025-07-15,2026-07-05,General,Under Observation
1554,25,2024-11-20,2026-06-23,General,Discharged
569,50,2025-11-26,2026-06-23,ICU,Under Observation
2311,21,2025-08-01,2026-06-20,ICU,Discharged
49,63,2025-07-20,2026-07-07,ICU,Discharged
1610,25,2025-06-20,2026-06-20,Emergency,Under Observation
1,5,2025-05-11,2026-06-29,General,Admitted
2723,103,2025-09-17,2026-06-19,Emergency,Discharged
2042,10,2025-10-15,2026-06-15,Emergency,Admitted
1146,173,2026-04-02,2026-06-19,General,Under Observation
870,35,2024-07-26,2026-07-02,ICU,Discharged
2527,127,2025-12-18,2026-06-30,Emergency,Discharged
2436,67,2025-10-13,2026-06-28,Private,Admitted
1796,135,2024-08-24,2026-07-02,Emergency,Under Observation
853,72,2025-07-11,2026-06-15,Private,Admitted
844,99,2026-01-15,2026-06-12,ICU,Under Observation
479,151,2024-08-07,2026-07-06,ICU,Discharged
796,51,2025-01-20,2026-07-06,Emergency,Under Observation
1451,5,2025-04-08,2026-07-06,Private,Discharged
981,63,2025-05-24,2026-07-05,Emergency,Admitted
2985,52,2025-06-23,2026-06-25,General,Admitted
1706,135,2026-03-23,2026-07-07,Emergency,Under Observation
2433,191,2024-06-15,2026-06-30,ICU,Admitted
1963,27,2025-06-05,2026-06-27,Private,Under Observation
1126,94,2025-10-25,2026-06-16,Emergency,Admitted
226,94,2024-06-15,2026-06-24,General,Admitted
2337,135,2024-12-26,2026-06-22,Private,Under Observation
2531,196,2026-02-22,2026-06-13,Emergency,Admitted
1737,49,2024-12-27,2026-06-11,ICU,Admitted
1335,67,2025-10-01,2026-07-04,Private,Discharged
1586,123,2026-04-20,2026-06-16,Private,Admitted
1050,153,2025-11-10,2026-06-24,Emergency,Under Observation
2045,147,2024-12-07,2026-06-21,ICU,Discharged
2700,106,2026-01-14,2026-06-29,Private,Discharged
1750,79,2025-06-01,2026-06-22,General,Under Observation
177,8,2026-01-31,2026-06-18,General,Admitted
1162,176,2025-05-06,2026-06-27,General,Admitted
132,12,2024-10-19,2026-06-14,Emergency,Discharged
1795,3,2026-02-08,2026-06-21,General,Discharged
770,151,2024-09-30,2026-07-07,Emergency,Admitted
783,140,2024-10-15,2026-06-13,Private,Under Observation
861,57,2024-09-04,2026-07-03,Emergency,Admitted
550,199,2024-08-18,2026-06-26,Emergency,Admitted
327,81,2024-11-19,2026-07-06,Private,Admitted
959,36,2026-04-23,2026-07-04,Private,Discharged
1405,56,2024-08-03,2026-06-19,Private,Discharged
2072,155,2024-12-12,2026-06-12,General,Under Observation
531,37,2024-09-14,2026-07-05,General,Admitted
2887,170,2025-10-26,2026-06-10,ICU,Discharged
2821,134,2025-07-08,2026-07-07,Private,Admitted
1084,182,2025-11-03,2026-06-25,General,Under Observation
1373,8,2025-08-24,2026-06-29,Emergency,Discharged
1009,130,2024-06-12,2026-06-11,Private,Admitted
49,22,2025-03-18,2026-06-24,General,Under Observation
1710,8,2025-09-07,2026-07-02,General,Under Observation
309,6,2026-01-03,2026-06-10,Private,Under Observation
580,185,2026-01-06,2026-06-26,ICU,Under Observation
2135,161,2024-06-16,2026-07-02,Emergency,Admitted
2105,141,2025-12-15,2026-06-13,Private,Discharged
1393,128,2025-08-05,2026-06-21,Emergency,Admitted
1307,76,2025-01-25,2026-07-04,ICU,Admitted
657,102,2024-07-04,2026-06-20,General,Under Observation
1744,19,2025-06-15,2026-06-26,General,Under Observation
225,57,2026-01-30,2026-06-26,ICU,Under Observation
2761,101,2025-06-02,2026-06-26,General,Under Observation
820,60,2025-06-24,2026-06-17,ICU,Under Observation
165,185,2025-07-26,2026-06-19,ICU,Admitted
2524,94,2025-05-08,2026-06-28,Private,Admitted
1343,174,2026-01-03,2026-06-20,ICU,Admitted
2294,194,2026-01-21,2026-07-03,Emergency,Discharged
328,192,2024-10-05,2026-07-07,Private,Discharged
843,69,2025-12-26,2026-07-06,ICU,Under Observation
993,193,2025-12-28,2026-06-27,General,Under Observation
1913,142,2026-04-12,2026-06-30,ICU,Under Observation
2522,1,2025-10-14,2026-07-08,General,Under Observation
320,64,2024-07-06,2026-06-28,Emergency,Discharged
1737,104,2026-02-16,2026-06-27,Private,Admitted
806,28,2026-04-29,2026-07-06,Private,Under Observation
127,175,2024-06-25,2026-06-09,General,Discharged
1194,161,2025-08-13,2026-06-28,ICU,Admitted
825,112,2024-09-13,2026-06-23,Emergency,Admitted
1598,102,2025-08-10,2026-06-11,ICU,Admitted
260,108,2026-01-22,2026-06-20,ICU,Admitted
1222,31,2025-03-23,2026-06-12,ICU,Admitted
1775,77,2025-07-02,2026-06-12,General,Discharged
941,38,2025-07-01,2026-07-06,Private,Under Observation
2039,74,2025-07-12,2026-06-14,Private,Admitted
2462,169,2026-04-09,2026-06-17,General,Admitted
1782,181,2024-11-25,2026-07-06,Emergency,Discharged
1531,135,2026-01-30,2026-06-18,ICU,Discharged
1122,21,2024-10-04,2026-06-15,General,Discharged
902,192,2024-10-07,2026-06-13,Private,Admitted
1270,155,2026-05-11,2026-06-29,Private,Discharged
2357,77,2025-12-26,2026-06-16,ICU,Admitted
1468,191,2025-05-10,2026-06-11,Emergency,Discharged
333,132,2025-05-20,2026-07-05,ICU,Admitted
847,63,2025-08-17,2026-06-09,Private,Discharged
2984,172,2026-02-28,2026-06-09,Private,Admitted
684,119,2024-11-25,2026-06-16,Emergency,Discharged
1562,10,2026-01-27,2026-06-25,General,Under Observation
68,167,2025-08-30,2026-07-01,ICU,Discharged
2272,181,2025-07-12,2026-06-18,General,Under Observation
136,145,2025-09-18,2026-06-29,Private,Admitted
332,136,2025-11-04,2026-07-06,ICU,Discharged
2509,196,2025-07-20,2026-07-01,General,Under Observation
1191,95,2025-04-02,2026-07-06,Private,Under Observation
2561,128,2025-05-07,2026-06-14,General,Discharged
2709,193,2025-08-08,2026-07-03,Emergency,Under Observation
1435,92,2025-11-06,2026-07-06,General,Discharged
660,122,2024-11-27,2026-07-03,ICU,Under Observation
1832,5,2025-02-19,2026-06-11,General,Discharged
2810,36,2026-01-13,2026-06-12,Emergency,Admitted
564,55,2024-06-09,2026-06-23,Private,Discharged
2535,165,2026-05-04,2026-06-18,ICU,Admitted
423,54,2024-12-20,2026-07-04,Private,Discharged
397,184,2024-10-27,2026-06-10,General,Admitted
1383,128,2026-03-13,2026-06-14,General,Admitted
567,132,2026-04-01,2026-06-16,General,Admitted
731,74,2025-12-14,2026-06-30,General,Admitted
188,64,2024-10-06,2026-07-04,ICU,Admitted
2270,6,2024-06-23,2026-07-03,General,Discharged
1498,163,2025-02-19,2026-06-17,Private,Admitted
1160,139,2024-09-10,2026-06-16,ICU,Under Observation
857,138,2025-02-22,2026-06-30,ICU,Under Observation
671,44,2025-04-23,2026-06-25,Private,Under Observation
1295,126,2025-12-11,2026-07-06,ICU,Discharged
482,42,2025-12-23,2026-06-20,General,Admitted
75,193,2026-04-11,2026-06-26,Private,Admitted
973,108,2025-09-29,2026-06-22,General,Discharged
2388,47,2026-01-10,2026-06-18,Private,Discharged
452,77,2025-08-21,2026-06-22,Private,Admitted
232,72,2025-06-28,2026-07-06,Emergency,Discharged
1109,105,2024-07-22,2026-07-05,Emergency,Under Observation
2831,194,2026-02-24,2026-06-12,General,Discharged
591,128,2025-12-09,2026-06-19,Emergency,Admitted
2296,111,2024-06-23,2026-06-13,General,Under Observation
988,116,2026-05-22,2026-07-07,Private,Discharged
2900,193,2024-08-10,2026-07-08,Emergency,Under Observation
756,153,2024-11-06,2026-07-07,Emergency,Admitted
2467,153,2025-07-14,2026-06-09,General,Under Observation
2335,78,2024-07-03,2026-07-02,Emergency,Discharged
2293,112,2025-03-07,2026-06-19,Private,Admitted
833,174,2024-07-30,2026-07-08,General,Admitted
851,150,2024-09-26,2026-06-22,Emergency,Discharged
2603,71,2025-11-05,2026-06-16,General,Admitted
27,90,2026-01-14,2026-07-08,ICU,Discharged
467,138,2025-07-26,2026-07-04,Emergency,Under Observation
1522,109,2025-04-20,2026-06-25,General,Under Observation
2363,48,2025-09-18,2026-06-20,ICU,Under Observation
1887,174,2025-01-23,2026-07-07,Emergency,Discharged
1869,137,2025-08-05,2026-06-18,Emergency,Under Observation
1770,47,2024-11-29,2026-06-26,Private,Admitted
1561,10,2025-11-13,2026-07-02,ICU,Under Observation
1085,12,2026-02-04,2026-07-06,General,Admitted
184,92,2025-10-27,2026-06-12,ICU,Under Observation
2132,107,2025-06-05,2026-06-24,Emergency,Under Observation
2177,78,2025-08-03,2026-06-27,Private,Admitted
422,36,2025-08-20,2026-06-22,Emergency,Under Observation
2829,130,2025-08-02,2026-06-29,ICU,Under Observation
700,100,2025-06-20,2026-07-04,Private,Under Observation
1186,199,2025-12-03,2026-06-19,ICU,Admitted
1654,91,2025-06-16,2026-06-11,ICU,Admitted
1466,155,2025-07-22,2026-06-24,Private,Discharged
669,23,2025-01-04,2026-06-09,Emergency,Under Observation
1198,128,2025-04-13,2026-06-28,ICU,Discharged
1735,98,2026-03-11,2026-06-18,General,Under Observation
2048,69,2025-03-18,2026-06-15,Emergency,Discharged
299,134,2025-01-19,2026-07-03,ICU,Admitted
2931,193,2026-05-16,2026-07-03,General,Admitted
242,20,2024-07-27,2026-06-28,General,Under Observation
2635,73,2025-11-21,2026-06-16,Emergency,Admitted
18,163,2025-11-05,2026-06-25,Private,Discharged
194,65,2024-08-08,2026-07-02,ICU,Under Observation
1519,125,2025-09-26,2026-06-25,ICU,Admitted
312,128,2025-08-14,2026-06-28,Emergency,Under Observation
431,121,2026-01-30,2026-06-11,ICU,Under Observation
2139,55,2024-11-28,2026-06-15,ICU,Admitted
2948,40,2026-05-05,2026-06-11,Private,Discharged
1692,66,2025-03-10,2026-07-06,General,Admitted
2021,99,2024-09-18,2026-06-20,General,Admitted
1809,152,2025-12-03,2026-06-28,General,Admitted
2940,146,2025-08-08,2026-06-15,Private,Admitted
2637,132,2026-02-05,2026-06-23,Private,Under Observation
2416,138,2024-12-09,2026-06-15,General,Admitted
1151,125,2026-03-07,2026-06-18,General,Under Observation
724,164,2025-07-10,2026-06-11,Private,Admitted
2564,125,2025-12-10,2026-07-02,General,Under Observation
2499,11,2025-09-03,2026-06-29,Emergency,Discharged
2164,86,2026-04-20,2026-07-04,Emergency,Discharged
2810,33,2026-05-30,2026-06-25,ICU,Admitted
1099,181,2024-09-18,2026-06-15,General,Under Observation
1130,33,2025-01-07,2026-06-15,Private,Admitted
696,104,2024-11-25,2026-06-11,ICU,Discharged
386,7,2024-11-15,2026-06-28,Emergency,Admitted
1946,184,2025-05-24,2026-07-07,Emergency,Discharged
1873,59,2024-10-08,2026-06-17,ICU,Under Observation
2948,133,2024-08-30,2026-06-28,Emergency,Admitted
2409,51,2025-10-14,2026-06-10,ICU,Under Observation
2043,91,2025-09-27,2026-07-02,General,Admitted
1248,127,2025-07-27,2026-06-15,Private,Admitted
182,181,2024-12-15,2026-06-24,General,Admitted
2004,3,2026-03-27,2026-07-04,ICU,Admitted
1700,186,2024-06-27,2026-07-08,Private,Discharged
1877,20,2025-05-28,2026-06-28,Private,Discharged
190,171,2025-09-29,2026-06-26,Emergency,Admitted
720,79,2024-10-20,2026-06-14,ICU,Admitted
888,148,2025-06-22,2026-06-10,ICU,Discharged
1625,15,2024-07-18,2026-06-15,Private,Discharged
2931,163,2026-03-09,2026-07-08,Private,Admitted
1915,45,2026-02-02,2026-06-30,Emergency,Under Observation
981,84,2024-12-21,2026-06-25,Private,Under Observation
1079,109,2026-04-14,2026-06-16,Emergency,Admitted
970,167,2025-06-13,2026-06-19,General,Admitted
1211,154,2024-10-26,2026-06-15,Emergency,Admitted
489,137,2025-01-11,2026-06-16,Emergency,Under Observation
2732,78,2025-10-26,2026-06-20,Private,Under Observation
1378,173,2024-11-17,2026-06-22,ICU,Discharged
558,167,2026-03-02,2026-06-14,General,Admitted
1292,198,2026-02-12,2026-07-01,General,Discharged
2609,145,2024-09-15,2026-06-18,Emergency,Under Observation
625,50,2025-08-04,2026-06-21,Private,Admitted
1109,184,2024-09-24,2026-06-27,ICU,Under Observation
3,56,2025-03-30,2026-06-09,Private,Admitted
220,180,2024-12-10,2026-06-28,Private,Under Observation
157,39,2024-09-06,2026-07-04,Emergency,Admitted
259,21,2024-10-08,2026-06-27,Private,Under Observation
158,40,2025-04-17,2026-06-14,ICU,Discharged
1992,150,2026-03-23,2026-06-28,Private,Under Observation
399,72,2026-04-02,2026-07-04,General,Discharged
2114,35,2025-01-04,2026-07-07,Private,Discharged
2866,43,2024-07-12,2026-06-09,ICU,Under Observation
1478,59,2025-07-25,2026-06-13,Emergency,Discharged
1153,48,2025-02-02,2026-06-09,Emergency,Admitted
2511,14,2024-06-30,2026-06-23,ICU,Under Observation
1006,87,2025-08-19,2026-06-09,Private,Under Observation
1682,84,2025-10-17,2026-06-12,General,Discharged
1362,39,2024-07-15,2026-06-09,ICU,Discharged
102,160,2025-09-27,2026-06-13,Private,Admitted
2872,105,2026-04-09,2026-06-17,ICU,Admitted
172,172,2024-11-27,2026-06-19,General,Under Observation
2439,11,2025-03-16,2026-06-26,Emergency,Discharged
29,172,2026-03-15,2026-06-30,Emergency,Under Observation
1871,137,2026-03-16,2026-06-18,ICU,Admitted
1895,90,2024-09-16,2026-06-24,General,Discharged
2390,141,2026-02-05,2026-06-19,ICU,Discharged
125,161,2024-11-12,2026-06-13,ICU,Discharged
2994,100,2025-07-22,2026-06-23,Private,Under Observation
145,196,2026-01-01,2026-07-01,Private,Discharged
2115,141,2025-09-19,2026-06-27,Private,Discharged
2567,114,2025-12-20,2026-06-27,Private,Discharged
1301,76,2026-02-18,2026-06-19,ICU,Discharged
488,156,2026-04-13,2026-06-23,General,Admitted
1231,187,2026-04-22,2026-06-24,Emergency,Discharged
1151,61,2024-12-05,2026-06-19,General,Admitted
1848,149,2025-04-01,2026-07-08,ICU,Admitted
520,156,2024-09-05,2026-06-28,General,Discharged
408,82,2024-10-27,2026-06-21,Emergency,Under Observation
1694,132,2026-02-03,2026-06-16,General,Under Observation
2854,150,2024-08-22,2026-06-20,ICU,Admitted
1756,198,2024-10-07,2026-06-18,Private,Under Observation
68,84,2024-08-04,2026-06-16,Private,Admitted
909,112,2024-06-18,2026-06-29,ICU,Admitted
1108,154,2026-01-14,2026-06-29,Private,Admitted
2123,170,2025-09-11,2026-06-28,ICU,Admitted
2512,86,2025-03-08,2026-06-28,ICU,Admitted
2530,172,2026-03-28,2026-06-13,Private,Discharged
356,186,2026-05-04,2026-06-21,ICU,Admitted
910,23,2026-04-09,2026-06-27,Emergency,Admitted
179,132,2025-10-09,2026-07-01,General,Under Observation
669,12,2024-08-08,2026-06-20,Private,Admitted
2158,76,2025-04-06,2026-07-06,Private,Under Observation
2290,71,2026-03-14,2026-06-19,Private,Under Observation
1094,63,2025-04-01,2026-06-26,ICU,Under Observation
745,200,2025-05-02,2026-06-28,Private,Discharged
212,106,2024-06-29,2026-06-30,Private,Under Observation
2210,54,2026-03-07,2026-06-27,Private,Discharged
1148,196,2025-10-27,2026-07-07,General,Admitted
1334,39,2026-04-21,2026-06-13,ICU,Under Observation
2003,111,2024-07-09,2026-07-07,Private,Discharged
2700,36,2026-04-30,2026-06-13,ICU,Under Observation
1517,8,2025-02-11,2026-07-04,Private,Under Observation
2653,50,2025-12-27,2026-06-12,Private,Under Observation
1902,94,2025-02-13,2026-06-24,Private,Discharged
429,10,2025-03-06,2026-06-30,ICU,Under Observation
1050,84,2024-11-20,2026-06-13,ICU,Under Observation
1258,59,2025-04-29,2026-06-24,Private,Admitted
1418,138,2025-09-29,2026-06-11,Private,Admitted
2163,90,2025-01-27,2026-07-02,Private,Admitted
497,152,2025-03-06,2026-06-16,Emergency,Admitted
682,39,2025-06-30,2026-07-08,ICU,Discharged
1136,42,2025-12-07,2026-06-22,Private,Admitted
2500,53,2025-09-18,2026-06-10,ICU,Admitted
2826,22,2025-01-30,2026-06-23,General,Discharged
443,79,2025-10-22,2026-06-26,General,Admitted
2804,153,2026-05-19,2026-06-14,ICU,Admitted
1554,110,2025-11-02,2026-07-04,Private,Discharged
885,98,2025-01-16,2026-06-19,General,Under Observation
149,184,2024-06-13,2026-06-30,Emergency,Under Observation
2828,91,2024-10-26,2026-06-15,Emergency,Discharged
2677,96,2025-12-02,2026-06-13,Private,Admitted
1058,168,2026-04-27,2026-06-12,General,Discharged
2030,172,2026-01-23,2026-06-30,General,Discharged
1182,122,2024-09-20,2026-07-01,General,Under Observation
773,108,2024-10-21,2026-06-30,ICU,Under Observation
2177,66,2026-03-11,2026-06-10,Emergency,Discharged
2891,188,2026-02-14,2026-06-20,General,Admitted
69,131,2024-08-13,2026-07-08,Private,Discharged
1914,105,2025-07-14,2026-06-14,ICU,Admitted
1703,72,2024-12-11,2026-06-28,General,Admitted
565,55,2026-04-24,2026-07-07,General,Under Observation
2034,164,2025-12-27,2026-07-06,Private,Admitted
2825,108,2025-05-18,2026-06-20,ICU,Under Observation
2379,102,2025-08-28,2026-07-06,Emergency,Under Observation
413,198,2024-09-30,2026-06-28,Private,Under Observation
157,11,2024-12-04,2026-06-17,ICU,Under Observation
2270,95,2024-10-01,2026-07-05,Private,Discharged
2322,139,2026-04-18,2026-06-09,ICU,Admitted
773,129,2025-01-24,2026-07-03,Private,Discharged
2183,182,2024-11-05,2026-06-17,ICU,Admitted
1343,190,2024-07-21,2026-06-19,General,Under Observation
1117,106,2024-08-19,2026-06-29,General,Discharged
738,17,2025-02-01,2026-06-23,Emergency,Under Observation
2707,156,2026-04-28,2026-07-02,Emergency,Admitted
184,29,2024-08-13,2026-06-25,ICU,Admitted
945,79,2024-08-01,2026-06-25,Emergency,Under Observation
276,169,2024-08-05,2026-07-05,Emergency,Under Observation
1449,16,2026-04-28,2026-07-04,ICU,Discharged
1971,162,2026-02-16,2026-06-21,Emergency,Under Observation
2040,115,2026-02-14,2026-06-16,General,Discharged
2807,128,2024-12-17,2026-06-30,Private,Admitted
1587,140,2025-06-10,2026-07-04,ICU,Discharged
2624,159,2026-02-22,2026-07-03,General,Under Observation
2469,91,2025-04-29,2026-06-16,ICU,Discharged
277,83,2025-03-28,2026-06-17,Private,Under Observation
1377,39,2026-01-10,2026-06-22,Emergency,Discharged
1645,100,2025-02-15,2026-06-15,ICU,Admitted
599,149,2024-10-14,2026-06-12,Emergency,Discharged
2622,30,2025-04-14,2026-06-15,Emergency,Under Observation
2735,200,2026-01-25,2026-06-16,ICU,Admitted
153,73,2026-02-22,2026-06-25,Private,Discharged
1452,30,2025-08-03,2026-06-29,General,Discharged
2200,138,2025-09-18,2026-06-15,ICU,Admitted
2493,12,2026-05-08,2026-06-24,Private,Admitted
2615,128,2024-12-12,2026-06-18,Emergency,Under Observation
783,61,2026-02-01,2026-06-13,ICU,Under Observation
533,19,2025-08-14,2026-06-15,Emergency,Under Observation
2619,190,2024-09-26,2026-06-16,Private,Under Observation
68,147,2025-12-02,2026-06-15,Emergency,Under Observation
2635,61,2025-09-17,2026-06-29,Emergency,Admitted
553,26,2026-04-13,2026-06-28,General,Discharged
809,66,2024-12-05,2026-06-09,Emergency,Discharged
1286,16,2025-06-20,2026-06-19,Private,Admitted
2457,59,2025-07-03,2026-06-22,Private,Admitted
1554,95,2025-01-30,2026-06-20,General,Under Observation
315,152,2024-08-23,2026-07-05,Emergency,Discharged
577,15,2025-05-03,2026-06-20,Emergency,Discharged
1294,47,2025-04-26,2026-06-25,General,Admitted
1034,59,2025-08-04,2026-06-09,Emergency,Discharged
2975,138,2024-08-31,2026-06-18,General,Admitted
2426,147,2025-05-15,2026-06-29,ICU,Discharged
845,135,2026-01-25,2026-07-02,Private,Admitted
275,26,2025-11-26,2026-06-23,Emergency,Discharged
614,92,2024-09-07,2026-06-30,General,Under Observation
2619,54,2024-12-24,2026-06-28,ICU,Under Observation
2496,77,2024-09-19,2026-06-16,ICU,Under Observation
2038,93,2025-11-07,2026-06-21,Emergency,Discharged
1523,72,2025-06-21,2026-07-08,General,Discharged
1919,139,2025-11-13,2026-07-05,ICU,Discharged
444,130,2024-11-07,2026-06-09,Private,Under Observation
2697,194,2025-05-19,2026-07-01,ICU,Under Observation
613,80,2025-03-16,2026-06-15,Private,Admitted
1685,181,2024-11-16,2026-07-05,Private,Discharged
2186,137,2025-01-11,2026-06-28,General,Discharged
1852,132,2024-12-01,2026-06-09,Emergency,Under Observation
2015,42,2025-11-23,2026-07-06,Private,Admitted
2597,128,2024-06-28,2026-06-29,Private,Admitted
190,178,2025-08-03,2026-06-16,ICU,Under Observation
909,56,2026-03-13,2026-06-20,ICU,Admitted
1508,119,2026-02-07,2026-07-05,ICU,Under Observation
1053,54,2024-12-08,2026-06-22,General,Discharged
2103,146,2024-12-10,2026-06-12,Private,Admitted
703,7,2025-06-05,2026-06-15,Private,Discharged
2677,163,2025-09-07,2026-06-24,Private,Under Observation
588,108,2025-05-13,2026-06-15,Emergency,Admitted
503,8,2026-02-17,2026-07-03,ICU,Admitted
1921,103,2024-06-25,2026-07-01,Private,Discharged
561,155,2025-02-18,2026-06-11,Emergency,Admitted
2939,152,2025-06-27,2026-07-06,Emergency,Discharged
1293,144,2025-03-30,2026-06-14,General,Under Observation
287,161,2024-10-23,2026-07-04,Emergency,Admitted
1635,125,2024-06-30,2026-06-27,ICU,Under Observation
1533,162,2025-01-31,2026-06-11,General,Under Observation
540,192,2025-06-17,2026-06-22,ICU,Under Observation
566,170,2025-07-04,2026-06-30,Emergency,Admitted
1037,189,2026-01-26,2026-06-13,ICU,Under Observation
2732,131,2024-07-28,2026-06-24,Emergency,Admitted
1211,106,2024-10-02,2026-07-04,ICU,Admitted
150,197,2026-02-28,2026-07-03,Private,Discharged
281,132,2025-05-03,2026-06-17,Emergency,Discharged
2709,182,2025-08-31,2026-06-29,Emergency,Discharged
1617,37,2026-05-18,2026-07-01,Private,Under Observation
23,16,2025-04-18,2026-06-22,General,Under Observation
629,137,2024-06-11,2026-06-29,General,Under Observation
1782,43,2025-02-26,2026-06-09,General,Under Observation
1904,27,2025-10-19,2026-06-26,Emergency,Discharged
2409,12,2025-12-11,2026-07-06,General,Under Observation
153,78,2025-02-23,2026-06-29,General,Under Observation
1076,128,2025-01-27,2026-06-27,General,Discharged
1599,22,2024-10-26,2026-06-10,Emergency,Admitted
839,164,2025-01-23,2026-06-21,General,Discharged
521,124,2025-07-21,2026-07-03,Emergency,Admitted
1476,113,2024-10-30,2026-06-14,Emergency,Discharged
2754,94,2026-04-23,2026-07-01,Emergency,Discharged
394,182,2026-04-02,2026-06-20,ICU,Discharged
101,190,2024-09-23,2026-07-04,ICU,Admitted
1742,139,2025-02-24,2026-07-08,Emergency,Admitted
1557,140,2025-03-20,2026-07-08,General,Admitted
1984,1,2024-09-29,2026-06-11,ICU,Under Observation
2723,53,2024-07-05,2026-06-16,General,Discharged
2293,63,2024-09-15,2026-06-27,ICU,Under Observation
730,113,2025-10-13,2026-06-26,ICU,Under Observation
2375,11,2024-10-29,2026-07-08,Emergency,Under Observation
909,65,2025-07-27,2026-06-09,ICU,Discharged
2759,98,2025-09-20,2026-06-12,ICU,Discharged
404,7,2025-12-24,2026-06-21,Emergency,Under Observation
2581,129,2026-01-21,2026-06-19,Private,Under Observation
2061,17,2025-08-17,2026-07-04,Private,Discharged
69,103,2025-01-10,2026-06-09,Private,Under Observation
2668,6,2024-10-02,2026-06-23,Private,Admitted
2424,91,2024-06-09,2026-06-14,ICU,Under Observation
2105,90,2026-06-06,2026-07-05,ICU,Admitted
1418,23,2025-01-23,2026-06-19,Private,Under Observation
153,156,2025-03-26,2026-07-01,Emergency,Under Observation
2315,157,2025-01-22,2026-07-05,Private,Discharged
1866,122,2026-06-03,2026-06-24,Private,Under Observation
2441,162,2025-04-19,2026-06-10,ICU,Under Observation
311,47,2025-07-17,2026-07-03,ICU,Under Observation
1132,144,2025-01-17,2026-06-18,General,Under Observation
2590,163,2024-10-26,2026-07-02,Emergency,Admitted
2014,72,2025-11-04,2026-07-07,Private,Under Observation
2566,79,2026-02-16,2026-06-18,ICU,Under Observation
1741,186,2024-09-05,2026-06-15,Private,Under Observation
973,50,2026-05-08,2026-06-22,General,Discharged
731,79,2025-01-23,2026-07-08,ICU,Discharged
2125,36,2025-06-26,2026-07-02,General,Admitted
2294,130,2024-11-29,2026-06-23,Emergency,Discharged
155,122,2025-03-09,2026-06-25,ICU,Under Observation
289,92,2026-05-02,2026-07-02,ICU,Admitted
2980,166,2024-10-15,2026-06-11,Private,Discharged
161,18,2024-09-08,2026-06-15,ICU,Admitted
421,191,2026-02-19,2026-06-20,Private,Discharged
2050,20,2025-05-05,2026-07-05,Private,Admitted
601,136,2026-02-11,2026-07-08,ICU,Under Observation
293,122,2025-04-06,2026-06-25,Emergency,Under Observation
924,6,2025-07-05,2026-06-09,Emergency,Under Observation
1670,151,2025-07-09,2026-06-12,ICU,Admitted
1253,67,2024-10-24,2026-06-25,ICU,Admitted
356,187,2025-10-10,2026-06-25,ICU,Under Observation
1514,157,2026-03-17,2026-06-13,General,Admitted
1352,70,2024-08-21,2026-06-10,General,Admitted
668,156,2026-05-27,2026-06-27,General,Discharged
1505,191,2025-11-10,2026-07-05,ICU,Admitted
1548,193,2025-05-30,2026-06-15,Emergency,Under Observation
1888,167,2025-06-12,2026-06-21,Private,Under Observation
2627,179,2024-11-02,2026-07-08,Private,Admitted
2369,99,2026-01-22,2026-06-12,Private,Discharged
2951,5,2025-06-01,2026-07-02,ICU,Admitted
1219,2,2026-06-04,2026-06-13,Private,Admitted
1535,165,2025-03-01,2026-06-23,Emergency,Under Observation
1666,138,2025-08-22,2026-06-24,Emergency,Discharged
2711,4,2026-05-25,2026-07-02,Emergency,Discharged
1327,44,2025-05-22,2026-07-01,Emergency,Under Observation
1319,52,2025-06-06,2026-06-13,General,Discharged
221,192,2025-03-07,2026-06-11,Emergency,Under Observation
2737,111,2025-12-24,2026-06-25,General,Admitted
1169,3,2024-06-15,2026-07-08,ICU,Discharged
1517,108,2024-11-16,2026-06-19,General,Discharged
990,171,2024-08-19,2026-06-19,Emergency,Under Observation
451,127,2024-07-09,2026-06-30,General,Admitted
877,60,2026-02-05,2026-06-16,Private,Under Observation
2471,181,2025-09-08,2026-06-29,Emergency,Under Observation
2218,148,2025-12-31,2026-06-22,ICU,Discharged
204,26,2025-09-21,2026-06-11,Private,Under Observation
1555,65,2024-06-18,2026-06-22,ICU,Admitted
202,158,2026-04-17,2026-06-23,Private,Under Observation
2109,3,2026-05-12,2026-06-16,Emergency,Admitted
139,193,2025-03-21,2026-07-06,General,Discharged
2878,149,2025-03-11,2026-06-28,Private,Discharged
2760,150,2024-07-26,2026-06-17,Private,Under Observation
1732,173,2026-06-03,2026-06-18,Emergency,Admitted
2066,146,2025-08-27,2026-06-14,Private,Admitted
1458,198,2025-11-16,2026-06-26,Private,Discharged
148,43,2025-01-15,2026-06-29,Private,Discharged
2983,32,2025-01-17,2026-06-29,Emergency,Admitted
464,2,2024-08-15,2026-06-24,Private,Under Observation
2158,10,2025-12-09,2026-06-18,Emergency,Under Observation
2905,7,2025-02-04,2026-06-15,Emergency,Admitted
1950,167,2025-03-23,2026-06-29,Emergency,Discharged
2002,32,2025-11-25,2026-07-01,Private,Discharged
1632,156,2025-02-02,2026-06-23,ICU,Under Observation
2192,16,2024-06-12,2026-06-28,Private,Admitted
2600,132,2025-01-11,2026-06-29,General,Discharged
316,47,2025-09-20,2026-06-20,General,Under Observation
385,21,2026-01-13,2026-07-03,ICU,Admitted
224,68,2025-09-06,2026-06-20,General,Under Observation
689,137,2025-11-02,2026-06-27,Private,Discharged
25,170,2024-06-12,2026-07-02,General,Under Observation
2036,132,2026-01-26,2026-06-25,ICU,Discharged
1798,82,2024-08-16,2026-07-05,ICU,Admitted
1887,39,2025-02-28,2026-06-23,ICU,Admitted
2971,44,2025-04-12,2026-06-21,Emergency,Under Observation
1069,89,2025-11-06,2026-07-01,ICU,Under Observation
1528,87,2026-04-18,2026-06-15,Emergency,Admitted
2812,192,2025-08-22,2026-06-27,Emergency,Under Observation
1120,142,2026-01-09,2026-06-20,ICU,Discharged
2532,99,2025-12-16,2026-07-01,General,Discharged
135,49,2024-10-10,2026-06-12,Private,Under Observation
1974,152,2024-12-02,2026-06-12,General,Discharged
1170,24,2025-02-03,2026-06-25,General,Under Observation
1747,198,2025-02-05,2026-06-23,Emergency,Discharged
1405,200,2025-05-14,2026-06-28,Emergency,Admitted
2568,176,2025-06-03,2026-06-26,General,Under Observation
627,57,2026-06-06,2026-06-19,Private,Admitted
1505,128,2025-12-16,2026-07-04,Emergency,Under Observation
928,87,2024-08-26,2026-06-16,ICU,Discharged
308,53,2026-04-15,2026-06-26,Emergency,Under Observation
2775,160,2024-09-13,2026-06-12,Emergency,Discharged
2933,9,2025-03-21,2026-07-03,Emergency,Under Observation
1794,124,2026-05-16,2026-06-15,ICU,Discharged
373,49,2025-06-28,2026-06-12,General,Under Observation
1699,107,2025-03-08,2026-07-08,General,Under Observation
1064,21,2025-03-14,2026-06-10,Private,Discharged
1176,39,2025-09-12,2026-07-06,Emergency,Discharged
1190,82,2024-12-13,2026-07-04,Private,Admitted
2247,136,2024-12-21,2026-06-18,ICU,Admitted
2550,25,2025-06-13,2026-07-03,ICU,Admitted
2781,85,2024-11-22,2026-06-10,ICU,Admitted
1135,90,2024-06-14,2026-06-29,Private,Admitted
420,110,2024-09-29,2026-07-04,Private,Discharged
1523,96,2025-10-08,2026-07-06,Emergency,Under Observation
1296,141,2026-02-24,2026-06-23,Emergency,Admitted
714,76,2026-03-24,2026-06-30,General,Admitted
409,65,2026-03-15,2026-07-03,General,Admitted
2605,16,2025-08-01,2026-06-27,General,Under Observation
2478,181,2024-11-19,2026-06-16,Private,Admitted
1065,188,2024-09-28,2026-06-11,Emergency,Discharged
2547,25,2026-01-14,2026-06-24,Private,Discharged
117,131,2026-03-26,2026-06-11,Private,Discharged
2973,10,2026-01-12,2026-07-03,General,Admitted
435,170,2025-11-21,2026-06-14,General,Admitted
2940,46,2025-08-09,2026-06-22,General,Admitted
1804,12,2025-12-13,2026-06-28,Emergency,Under Observation
967,97,2025-06-07,2026-06-09,ICU,Admitted
2819,63,2024-06-16,2026-06-26,ICU,Admitted
414,185,2024-07-25,2026-07-07,General,Discharged
1311,133,2024-10-04,2026-06-12,Private,Discharged
1559,154,2024-11-21,2026-06-27,Private,Admitted
916,153,2025-04-03,2026-06-26,Emergency,Discharged
2733,145,2026-01-25,2026-06-17,General,Under Observation
554,90,2025-03-19,2026-06-16,ICU,Admitted
718,26,2024-10-31,2026-06-28,General,Discharged
1548,159,2025-05-22,2026-06-26,Emergency,Under Observation
1239,44,2025-03-14,2026-06-14,Emergency,Admitted
2723,160,2026-01-29,2026-07-04,Emergency,Under Observation
1966,49,2025-07-28,2026-06-10,Emergency,Discharged
2800,28,2025-10-28,2026-06-10,ICU,Discharged
1904,198,2025-02-01,2026-07-08,Private,Discharged
453,191,2026-06-04,2026-06-30,Private,Admitted
2745,6,2025-01-11,2026-07-08,General,Under Observation
217,48,2025-11-30,2026-06-22,Emergency,Under Observation
495,8,2025-05-24,2026-06-28,Emergency,Admitted
1310,14,2025-10-20,2026-06-24,General,Admitted
1024,99,2025-07-30,2026-06-29,Emergency,Discharged
277,64,2025-11-22,2026-06-30,Private,Admitted
1831,22,2024-08-22,2026-06-21,Private,Discharged
1340,101,2026-05-12,2026-07-02,Private,Under Observation
2715,94,2024-10-23,2026-06-24,ICU,Discharged
1233,1,2026-05-09,2026-06-11,Emergency,Discharged
199,37,2025-02-12,2026-06-16,Emergency,Admitted
2834,136,2024-10-30,2026-06-19,Private,Admitted
1290,140,2025-08-30,2026-06-30,Emergency,Admitted
2183,47,2026-04-16,2026-06-28,Private,Discharged
2804,1,2025-07-09,2026-06-14,ICU,Under Observation
2869,192,2024-07-01,2026-07-08,Private,Admitted
1455,15,2026-01-16,2026-06-10,Emergency,Discharged
419,146,2026-01-20,2026-07-02,Emergency,Under Observation
891,11,2025-06-23,2026-06-24,Private,Under Observation
316,63,2025-05-06,2026-06-26,Emergency,Admitted
2972,146,2025-11-06,2026-06-20,ICU,Discharged
1213,150,2026-02-13,2026-06-19,Private,Discharged
899,121,2025-07-13,2026-06-28,Emergency,Under Observation
1633,18,2024-06-14,2026-07-04,Emergency,Admitted
366,120,2024-11-08,2026-06-18,Emergency,Discharged
1784,141,2025-01-01,2026-06-14,Private,Admitted
1817,80,2025-12-26,2026-07-04,Private,Admitted
901,188,2026-01-25,2026-06-28,General,Discharged
1767,119,2025-04-27,2026-07-03,General,Admitted
1001,146,2024-10-06,2026-06-25,Private,Discharged
32,66,2024-07-18,2026-07-04,General,Under Observation
707,107,2025-11-20,2026-06-16,Private,Admitted
1292,106,2026-01-11,2026-06-10,ICU,Under Observation
1458,122,2025-12-25,2026-06-23,Private,Discharged
2289,148,2025-07-24,2026-06-24,Private,Discharged
1997,62,2024-07-08,2026-07-04,Private,Discharged
2500,139,2024-09-21,2026-06-26,ICU,Under Observation
2212,127,2026-03-13,2026-06-15,ICU,Admitted
779,86,2026-05-29,2026-06-13,Emergency,Admitted
1723,120,2025-06-08,2026-06-27,ICU,Admitted
2748,103,2025-03-24,2026-07-07,ICU,Under Observation
2847,127,2024-11-12,2026-06-28,Private,Discharged
511,19,2024-08-14,2026-06-20,Emergency,Under Observation
2435,158,2024-09-21,2026-06-30,ICU,Admitted
1307,165,2025-02-08,2026-06-11,Emergency,Discharged
242,87,2025-11-08,2026-06-21,Emergency,Admitted
1347,103,2025-05-11,2026-07-01,General,Under Observation
2232,143,2025-11-01,2026-06-28,Private,Admitted
1104,10,2025-07-06,2026-06-20,Private,Admitted
2521,40,2025-10-27,2026-07-06,Private,Under Observation
760,73,2025-12-09,2026-06-28,Emergency,Under Observation
1154,142,2025-02-13,2026-06-23,Private,Under Observation
472,54,2026-03-12,2026-06-14,Private,Admitted
800,13,2026-01-16,2026-07-06,General,Discharged
1615,53,2025-05-14,2026-07-08,ICU,Admitted
2326,185,2026-03-18,2026-06-21,Private,Discharged
1974,159,2024-12-05,2026-06-30,General,Discharged
1129,174,2026-03-20,2026-07-04,General,Admitted
1136,60,2024-12-31,2026-06-14,Emergency,Discharged
383,14,2026-05-22,2026-06-13,ICU,Under Observation
463,114,2024-09-19,2026-06-10,ICU,Under Observation
123,119,2025-11-05,2026-07-05,ICU,Under Observation
1292,47,2025-12-09,2026-07-03,General,Under Observation
1913,13,2026-01-21,2026-07-07,Emergency,Admitted
1168,152,2025-09-25,2026-06-29,Emergency,Admitted
1670,107,2025-08-02,2026-06-25,Emergency,Under Observation
985,23,2026-01-03,2026-06-25,Private,Under Observation
2948,116,2025-03-27,2026-06-14,ICU,Discharged
1907,111,2025-03-11,2026-06-14,Private,Under Observation
1665,193,2025-09-28,2026-06-30,ICU,Discharged
2778,187,2025-02-26,2026-07-01,Private,Admitted
186,115,2024-07-23,2026-07-05,General,Discharged
516,141,2026-04-28,2026-06-11,General,Discharged
2533,196,2026-01-10,2026-07-04,Emergency,Admitted
1170,150,2025-04-25,2026-06-23,ICU,Discharged
1267,185,2025-05-21,2026-06-17,General,Admitted
2452,199,2024-07-19,2026-06-25,General,Admitted
2465,44,2024-06-19,2026-06-28,ICU,Discharged
1447,87,2025-07-02,2026-06-09,ICU,Under Observation
2255,54,2025-01-18,2026-07-01,General,Admitted
921,55,2026-03-30,2026-06-10,Emergency,Under Observation
2473,68,2025-07-07,2026-06-25,General,Under Observation
806,194,2025-05-07,2026-06-22,Emergency,Under Observation
31,151,2025-04-07,2026-06-11,ICU,Discharged
1911,101,2025-05-28,2026-07-02,Private,Discharged
1927,78,2026-03-29,2026-06-18,Private,Admitted
1181,104,2025-11-29,2026-06-25,Private,Admitted
1268,102,2024-12-24,2026-06-18,Emergency,Discharged
996,15,2024-10-14,2026-06-11,General,Under Observation
1376,49,2026-05-28,2026-06-27,Private,Discharged
1217,159,2025-08-09,2026-07-01,General,Admitted
2806,108,2025-10-19,2026-06-27,Emergency,Admitted
55,104,2024-12-20,2026-06-20,Private,Under Observation
1164,25,2025-02-20,2026-06-09,Emergency,Under Observation
285,108,2025-03-22,2026-07-07,ICU,Discharged
1534,37,2025-02-05,2026-06-28,General,Discharged
657,13,2026-02-22,2026-06-10,General,Discharged
2026,113,2025-05-30,2026-06-09,General,Discharged
379,36,2024-08-01,2026-06-13,ICU,Under Observation
1360,74,2026-05-02,2026-06-12,General,Under Observation
2880,141,2024-07-16,2026-06-13,Emergency,Discharged
2922,22,2024-10-31,2026-06-15,ICU,Under Observation
1012,56,2025-08-03,2026-07-02,General,Under Observation
381,106,2024-11-06,2026-07-02,General,Discharged
336,112,2025-03-06,2026-07-04,Emergency,Discharged
1004,75,2026-03-01,2026-07-03,ICU,Under Observation
2943,165,2025-12-17,2026-06-15,Private,Under Observation
873,41,2026-03-14,2026-06-28,Emergency,Admitted
565,188,2026-04-05,2026-06-19,ICU,Discharged
1940,173,2026-02-22,2026-06-26,Emergency,Under Observation
819,50,2025-04-03,2026-06-29,Private,Discharged
2787,24,2025-02-08,2026-07-07,Private,Under Observation
2894,184,2026-05-09,2026-06-29,Private,Under Observation
1545,16,2024-11-26,2026-07-07,Emergency,Admitted
875,84,2025-12-29,2026-06-13,General,Discharged
2100,25,2025-04-16,2026-06-30,General,Under Observation
1486,72,2025-05-23,2026-06-20,ICU,Under Observation
543,165,2026-03-08,2026-07-06,Emergency,Discharged
28,177,2026-03-10,2026-06-28,Private,Under Observation
90,178,2025-12-05,2026-06-30,Emergency,Under Observation
15,181,2025-04-01,2026-06-17,General,Admitted
2277,75,2025-03-14,2026-06-09,Emergency,Admitted
2196,174,2025-11-12,2026-06-19,Private,Under Observation
664,131,2026-01-05,2026-06-13,Private,Under Observation
294,91,2025-05-07,2026-06-14,Private,Discharged
2135,46,2025-10-23,2026-06-18,Emergency,Admitted
1958,31,2024-08-11,2026-07-05,Private,Admitted
2664,100,2026-05-30,2026-06-24,ICU,Discharged
956,110,2024-08-05,2026-06-13,General,Under Observation
2214,59,2024-12-26,2026-07-08,Private,Under Observation
1590,11,2025-02-23,2026-06-10,Private,Under Observation
2519,73,2025-12-13,2026-06-10,Emergency,Admitted
1501,83,2025-08-01,2026-06-14,General,Discharged
2883,134,2025-08-07,2026-07-05,Emergency,Discharged
2182,179,2025-12-02,2026-06-24,ICU,Admitted
2250,12,2025-05-24,2026-06-30,General,Under Observation
1448,156,2025-06-14,2026-06-15,Emergency,Discharged
871,97,2026-02-05,2026-06-19,General,Discharged
2463,169,2025-07-26,2026-06-10,General,Discharged
2445,121,2025-08-13,2026-06-29,Private,Admitted
225,34,2026-04-30,2026-07-04,ICU,Admitted
919,192,2025-06-30,2026-06-14,Emergency,Admitted
1969,100,2024-07-17,2026-06-16,General,Admitted
2533,193,2026-04-08,2026-06-24,ICU,Discharged
2729,66,2026-01-22,2026-06-19,Emergency,Admitted
2005,48,2026-05-20,2026-06-17,Emergency,Under Observation
461,192,2025-04-29,2026-07-07,Emergency,Discharged
504,105,2024-06-19,2026-06-25,ICU,Under Observation
2087,141,2024-11-25,2026-06-24,Emergency,Discharged
587,53,2025-05-20,2026-06-20,Private,Admitted
2836,27,2025-02-27,2026-06-16,Private,Under Observation
2918,146,2025-11-06,2026-06-12,Private,Under Observation
2478,53,2026-02-07,2026-06-14,ICU,Under Observation
1705,197,2024-10-29,2026-06-16,Emergency,Admitted
955,61,2024-09-20,2026-07-07,Emergency,Discharged
1193,136,2024-07-15,2026-07-05,Emergency,Discharged
241,120,2024-12-30,2026-07-01,Private,Admitted
115,53,2024-11-04,2026-06-30,Private,Discharged
2036,131,2024-12-05,2026-06-14,ICU,Admitted
551,183,2025-08-07,2026-06-30,ICU,Discharged
2305,64,2025-03-25,2026-07-05,General,Admitted
443,132,2026-03-05,2026-06-26,ICU,Discharged
715,140,2026-01-03,2026-06-24,Emergency,Admitted
2660,196,2025-08-03,2026-06-22,ICU,Discharged
1050,189,2025-04-06,2026-06-27,Private,Discharged
2869,194,2025-06-10,2026-07-05,ICU,Admitted
2878,45,2024-12-28,2026-06-16,Private,Admitted
1944,100,2026-05-13,2026-06-30,ICU,Admitted
2974,126,2025-07-24,2026-06-15,ICU,Under Observation
334,25,2025-12-24,2026-06-26,Emergency,Admitted
975,84,2025-09-19,2026-07-03,Private,Admitted
891,179,2025-05-10,2026-06-09,ICU,Under Observation
47,196,2025-02-26,2026-06-29,Emergency,Under Observation
2897,67,2024-12-27,2026-06-12,Private,Admitted
1296,131,2026-04-04,2026-06-18,ICU,Admitted
2394,104,2024-06-21,2026-07-02,Emergency,Under Observation
170,116,2026-06-08,2026-06-29,ICU,Discharged
162,48,2024-08-20,2026-07-06,ICU,Admitted
2897,117,2026-01-24,2026-07-08,ICU,Admitted
2832,140,2026-04-22,2026-07-01,ICU,Discharged
2894,22,2025-11-16,2026-06-28,Private,Under Observation
2051,150,2026-02-14,2026-06-17,Private,Discharged
2088,27,2024-10-05,2026-07-05,ICU,Admitted
993,104,2025-07-07,2026-06-27,Private,Admitted
661,104,2025-04-24,2026-06-30,Emergency,Discharged
1177,58,2025-01-05,2026-07-03,ICU,Admitted
689,40,2026-03-17,2026-06-19,ICU,Discharged
816,137,2025-02-16,2026-06-24,General,Under Observation
1585,159,2024-06-29,2026-06-19,General,Admitted
2584,150,2024-11-02,2026-07-04,Private,Admitted
743,195,2025-11-14,2026-07-07,ICU,Under Observation
1406,13,2024-12-07,2026-06-20,Private,Under Observation
1001,142,2024-12-18,2026-07-07,Emergency,Admitted
538,43,2024-11-07,2026-06-25,ICU,Admitted
1684,36,2025-02-03,2026-07-05,ICU,Under Observation
2798,42,2025-07-10,2026-06-09,Emergency,Discharged
298,114,2025-11-11,2026-07-07,General,Discharged
2518,14,2025-09-18,2026-07-07,Emergency,Admitted
780,17,2024-10-30,2026-07-05,ICU,Discharged
1695,104,2025-08-03,2026-07-04,General,Admitted
2734,131,2026-03-29,2026-07-06,ICU,Admitted
1385,146,2025-02-20,2026-07-04,ICU,Discharged
2014,41,2025-08-10,2026-06-15,General,Discharged
2305,146,2026-04-21,2026-07-01,General,Discharged
897,88,2026-03-24,2026-06-10,Private,Discharged
2309,45,2024-10-08,2026-06-18,ICU,Under Observation
2314,113,2025-06-16,2026-07-02,General,Under Observation
700,66,2025-02-27,2026-07-03,Emergency,Under Observation
2226,93,2025-08-03,2026-07-08,Private,Discharged
743,148,2024-12-26,2026-06-21,Emergency,Discharged
1243,124,2024-12-24,2026-06-28,ICU,Discharged
1467,83,2024-07-12,2026-06-15,ICU,Under Observation
331,41,2025-12-29,2026-06-16,General,Under Observation
2106,116,2024-09-13,2026-07-07,ICU,Admitted
222,180,2025-06-19,2026-06-25,Private,Under Observation
907,179,2024-11-01,2026-06-28,General,Discharged
59,91,2024-07-02,2026-07-04,Private,Discharged
2278,182,2025-11-08,2026-06-11,Emergency,Admitted
423,107,2026-03-05,2026-06-11,General,Admitted
285,164,2026-01-24,2026-06-11,Emergency,Discharged
2459,83,2024-08-21,2026-06-14,ICU,Under Observation
2200,37,2025-05-23,2026-06-11,ICU,Under Observation
2834,73,2025-03-05,2026-06-10,ICU,Admitted
2776,102,2026-02-25,2026-07-02,General,Under Observation
2268,97,2025-10-07,2026-07-08,Private,Discharged
509,118,2025-05-31,2026-06-29,Emergency,Admitted
1774,149,2026-04-08,2026-06-24,Emergency,Under Observation
461,31,2025-09-09,2026-06-11,ICU,Admitted
2589,142,2025-07-12,2026-06-13,General,Discharged
1281,35,2024-08-30,2026-06-17,Emergency,Discharged
1289,73,2025-03-15,2026-07-02,Private,Admitted
951,168,2024-10-19,2026-07-04,Emergency,Under Observation
2128,130,2025-01-14,2026-06-22,ICU,Admitted
1785,120,2026-04-04,2026-06-24,Private,Under Observation
2248,32,2025-03-29,2026-07-08,Private,Under Observation
194,200,2026-04-26,2026-06-23,ICU,Discharged
1861,97,2025-12-03,2026-06-26,Emergency,Under Observation
2309,143,2024-07-14,2026-06-23,ICU,Discharged
1249,148,2026-05-09,2026-07-08,General,Under Observation
2272,131,2025-09-11,2026-06-25,Private,Admitted
2435,92,2024-10-06,2026-06-19,ICU,Under Observation
963,98,2025-10-14,2026-07-08,Emergency,Admitted
1774,48,2025-05-05,2026-06-09,General,Discharged
1711,125,2025-09-29,2026-07-04,General,Under Observation
2945,58,2024-10-31,2026-06-10,Emergency,Under Observation
2906,96,2025-07-17,2026-07-07,Private,Discharged
93,17,2026-03-03,2026-06-24,Private,Under Observation
1121,99,2024-07-05,2026-06-26,ICU,Discharged
1689,186,2025-07-14,2026-07-08,General,Under Observation
1984,14,2024-08-15,2026-06-18,Emergency,Under Observation
239,144,2025-02-17,2026-06-24,Emergency,Under Observation
409,80,2024-10-28,2026-06-18,Private,Discharged
2906,172,2025-08-15,2026-06-12,Private,Under Observation
657,126,2026-02-19,2026-06-27,ICU,Under Observation
130,100,2025-10-14,2026-06-16,ICU,Discharged
1392,182,2024-11-22,2026-06-10,Emergency,Discharged
2660,132,2025-02-12,2026-06-14,Private,Admitted
2008,177,2024-12-22,2026-06-21,Private,Under Observation
2759,92,2025-04-20,2026-06-28,Private,Under Observation
2433,199,2024-11-13,2026-06-28,Emergency,Admitted
1693,13,2024-12-20,2026-07-02,Private,Admitted
2437,182,2026-01-16,2026-07-02,Private,Discharged
583,177,2024-09-11,2026-06-16,Emergency,Admitted
2859,55,2025-06-14,2026-07-05,Emergency,Discharged
108,62,2026-02-28,2026-06-26,General,Admitted
1193,20,2024-11-08,2026-07-06,General,Admitted
1365,46,2025-01-19,2026-07-07,Emergency,Under Observation
1209,198,2025-09-02,2026-06-20,Private,Under Observation
1343,44,2024-06-08,2026-06-20,Private,Admitted
772,131,2024-08-15,2026-06-20,ICU,Under Observation
1972,63,2024-11-05,2026-06-23,General,Discharged
1769,21,2026-05-16,2026-06-27,Private,Discharged
1201,169,2024-11-25,2026-06-10,Private,Under Observation
1351,80,2025-09-28,2026-06-30,Emergency,Discharged
28,31,2025-10-16,2026-06-19,Emergency,Under Observation
1307,27,2026-05-31,2026-06-24,Private,Discharged
2593,98,2025-02-02,2026-07-05,ICU,Discharged
2868,185,2025-09-25,2026-06-22,Private,Under Observation
2226,41,2024-10-10,2026-06-28,Private,Under Observation
2910,165,2025-07-21,2026-07-05,General,Discharged
2512,163,2024-10-05,2026-06-19,Private,Admitted
1372,120,2025-11-11,2026-06-21,Private,Admitted
2713,1,2025-05-10,2026-07-03,General,Discharged
125,153,2025-11-22,2026-06-09,Private,Admitted
1285,23,2025-12-16,2026-06-28,Private,Under Observation
354,77,2024-12-12,2026-06-26,General,Discharged
2066,146,2024-07-26,2026-06-22,General,Admitted
2617,144,2026-05-06,2026-06-16,Emergency,Admitted
1548,117,2024-09-13,2026-06-20,General,Under Observation
2276,138,2024-11-26,2026-06-15,ICU,Under Observation
502,174,2024-11-17,2026-06-27,General,Admitted
1173,74,2026-06-08,2026-06-26,ICU,Under Observation
1830,197,2025-04-24,2026-06-28,Private,Admitted
915,19,2024-11-18,2026-06-09,Emergency,Admitted
2736,87,2025-11-15,2026-06-27,General,Admitted
610,199,2025-12-14,2026-06-13,Private,Under Observation
2251,146,2025-08-20,2026-06-11,Private,Under Observation
2147,23,2025-03-15,2026-06-14,ICU,Discharged
2532,84,2024-10-30,2026-07-03,Private,Under Observation
2424,13,2025-05-30,2026-06-18,ICU,Discharged
206,188,2024-12-28,2026-07-06,Private,Discharged
760,104,2024-06-19,2026-06-23,ICU,Admitted
601,21,2024-12-26,2026-06-27,General,Under Observation
1863,92,2024-07-24,2026-06-20,General,Discharged
2556,125,2025-02-10,2026-06-16,ICU,Discharged
981,43,2025-02-04,2026-06-15,General,Admitted
1617,194,2025-12-17,2026-06-09,Emergency,Admitted
2619,125,2025-01-28,2026-06-30,Private,Admitted
2627,196,2024-08-17,2026-06-22,Private,Admitted
1871,127,2024-07-17,2026-06-09,ICU,Discharged
2644,133,2024-08-07,2026-06-09,Private,Admitted
704,192,2025-09-28,2026-07-05,General,Discharged
560,130,2025-10-24,2026-06-27,General,Under Observation
2487,181,2025-07-12,2026-06-28,Emergency,Under Observation
2447,6,2025-04-27,2026-06-18,General,Discharged
1633,3,2024-12-19,2026-07-02,ICU,Admitted
1747,139,2025-10-26,2026-06-26,Private,Discharged
2345,36,2025-11-25,2026-06-19,Private,Under Observation
805,101,2024-08-28,2026-06-13,Private,Under Observation
2167,153,2025-10-03,2026-07-01,ICU,Admitted
761,155,2025-11-21,2026-07-07,ICU,Admitted
1495,4,2026-04-11,2026-07-08,ICU,Discharged
2800,194,2026-02-28,2026-06-11,ICU,Discharged
2800,93,2026-04-19,2026-06-18,Private,Admitted
1753,74,2026-01-23,2026-07-03,General,Discharged
1730,30,2024-09-29,2026-06-21,Emergency,Under Observation
2669,160,2025-09-03,2026-07-03,Private,Admitted
2826,129,2025-10-23,2026-06-27,Emergency,Admitted
2897,104,2024-08-22,2026-06-20,Emergency,Under Observation
1331,176,2024-08-11,2026-07-08,General,Admitted
2264,48,2024-11-03,2026-06-20,ICU,Discharged
1155,91,2025-11-24,2026-06-23,General,Discharged
1654,183,2024-10-03,2026-07-08,ICU,Admitted
2768,153,2026-01-29,2026-06-12,General,Discharged
2459,118,2026-02-08,2026-07-04,Private,Admitted
1054,124,2025-10-04,2026-06-24,ICU,Under Observation
2971,90,2025-12-08,2026-07-05,Emergency,Admitted
1131,172,2024-10-24,2026-06-12,ICU,Admitted
2844,40,2025-11-06,2026-07-02,Private,Discharged
2467,192,2025-02-11,2026-06-19,Emergency,Discharged
2964,141,2025-06-27,2026-06-13,ICU,Admitted
2369,35,2025-02-16,2026-06-19,ICU,Discharged
2618,83,2025-10-25,2026-06-12,General,Under Observation
2177,114,2025-07-18,2026-07-02,General,Discharged
2869,94,2025-11-22,2026-06-19,ICU,Discharged
1603,56,2024-06-23,2026-06-25,Emergency,Under Observation
1397,162,2026-02-06,2026-06-13,Emergency,Under Observation
1872,83,2025-12-06,2026-06-27,Emergency,Under Observation
1404,168,2024-11-01,2026-07-05,ICU,Discharged
1411,85,2025-05-15,2026-07-03,ICU,Admitted
1409,33,2025-09-28,2026-06-19,Private,Under Observation
783,12,2026-03-12,2026-07-06,ICU,Under Observation
1345,120,2024-06-20,2026-06-20,Private,Admitted
177,37,2025-10-18,2026-06-23,Private,Discharged
2245,174,2025-05-23,2026-06-24,ICU,Admitted
2170,159,2026-02-17,2026-06-20,ICU,Discharged
2581,155,2025-05-11,2026-07-06,Emergency,Admitted
1312,87,2026-03-18,2026-07-05,Private,Discharged
1642,6,2024-11-07,2026-07-08,ICU,Under Observation
2428,17,2026-03-18,2026-06-17,General,Under Observation
1941,80,2026-02-28,2026-06-20,Private,Under Observation
777,126,2024-12-27,2026-07-07,General,Under Observation
2819,123,2025-08-24,2026-06-28,General,Under Observation
185,164,2025-05-12,2026-07-01,General,Discharged
1025,187,2024-11-06,2026-07-06,General,Admitted
2162,60,2026-04-25,2026-06-09,Private,Under Observation
2952,195,2024-10-01,2026-06-18,General,Under Observation
395,129,2026-06-03,2026-06-17,Private,Discharged
2972,79,2025-02-23,2026-06-22,General,Admitted
1666,58,2026-03-30,2026-06-14,Private,Under Observation
367,110,2025-07-22,2026-06-17,General,Discharged
1501,96,2024-07-28,2026-06-17,Private,Under Observation
1922,11,2024-12-11,2026-06-26,Emergency,Admitted
1135,85,2026-04-13,2026-06-17,General,Under Observation
1778,97,2025-07-07,2026-06-10,ICU,Admitted
524,102,2025-09-27,2026-06-28,General,Under Observation
1298,170,2024-11-18,2026-06-25,Emergency,Discharged
2240,52,2024-12-31,2026-06-23,General,Discharged
604,19,2025-08-19,2026-06-26,Private,Admitted
750,99,2024-07-07,2026-06-17,ICU,Discharged
1332,164,2025-02-12,2026-06-20,General,Under Observation
2664,120,2025-06-09,2026-07-06,Private,Under Observation
2077,48,2025-04-28,2026-06-13,ICU,Admitted
1584,18,2025-10-29,2026-06-10,ICU,Admitted
2265,32,2025-12-23,2026-06-15,General,Under Observation
1120,64,2025-08-28,2026-06-23,ICU,Discharged
2162,100,2025-07-09,2026-06-29,ICU,Under Observation
2191,29,2026-05-03,2026-06-20,Emergency,Discharged
1380,6,2026-02-11,2026-06-27,Private,Admitted
2312,171,2025-06-06,2026-06-19,General,Under Observation
1491,144,2025-12-09,2026-07-06,ICU,Discharged
1025,90,2025-07-16,2026-06-28,Emergency,Discharged
379,35,2025-12-29,2026-06-10,Emergency,Admitted
706,168,2024-11-03,2026-07-03,Private,Discharged
2264,16,2025-11-08,2026-07-08,Emergency,Discharged
101,129,2025-06-09,2026-06-25,Emergency,Admitted
2208,20,2024-09-03,2026-06-20,Private,Admitted
2114,107,2025-01-14,2026-06-30,General,Discharged
2603,3,2025-11-22,2026-06-22,Private,Discharged
529,104,2025-01-25,2026-07-01,Private,Discharged
1725,176,2026-03-18,2026-06-20,General,Discharged
1880,17,2025-06-22,2026-06-15,Private,Under Observation
1657,18,2024-11-10,2026-06-29,General,Under Observation
2168,5,2024-06-19,2026-07-05,Private,Admitted
2269,149,2024-09-06,2026-07-07,Private,Under Observation
475,41,2026-01-16,2026-06-15,General,Discharged
373,42,2025-09-18,2026-06-19,Private,Under Observation
1532,134,2025-02-12,2026-06-17,ICU,Admitted
2183,181,2024-09-02,2026-06-29,Emergency,Discharged
365,36,2025-05-08,2026-06-17,General,Admitted
2804,63,2024-12-26,2026-06-09,Private,Under Observation
1207,182,2024-12-31,2026-07-06,Emergency,Under Observation
900,178,2025-02-28,2026-07-04,General,Admitted
913,49,2025-12-18,2026-06-10,Emergency,Admitted
546,27,2025-06-17,2026-06-15,ICU,Admitted
1263,93,2025-07-16,2026-07-06,Private,Admitted
1227,9,2026-01-26,2026-06-27,General,Admitted
850,70,2025-11-18,2026-06-09,Emergency,Admitted
1206,89,2026-02-02,2026-07-03,ICU,Admitted
781,70,2026-02-22,2026-06-20,General,Under Observation
1344,4,2024-11-30,2026-06-19,Private,Under Observation
2271,72,2025-06-16,2026-06-30,Private,Admitted
2606,99,2025-09-04,2026-06-15,ICU,Admitted
583,70,2024-06-24,2026-07-07,General,Admitted
1096,109,2025-08-12,2026-07-02,Emergency,Admitted
532,120,2024-11-22,2026-06-21,ICU,Admitted
2710,47,2026-05-18,2026-06-13,Private,Under Observation
2085,135,2025-06-11,2026-06-15,Private,Discharged
2913,37,2025-08-16,2026-06-11,Private,Discharged
2056,192,2026-04-24,2026-06-18,General,Under Observation
2433,159,2026-03-16,2026-07-06,ICU,Under Observation
2574,40,2026-01-20,2026-06-25,ICU,Admitted
786,54,2026-02-23,2026-06-22,Private,Under Observation
2035,40,2025-04-13,2026-07-06,Private,Under Observation
2232,63,2025-02-07,2026-06-25,Private,Admitted
2172,18,2024-11-29,2026-07-03,ICU,Discharged
1430,92,2025-05-09,2026-06-20,Private,Admitted
1325,147,2025-07-11,2026-06-29,General,Under Observation
1445,3,2025-04-17,2026-07-01,General,Under Observation
635,75,2025-10-11,2026-06-30,Emergency,Under Observation
630,42,2026-03-21,2026-07-02,General,Discharged
2686,48,2025-11-27,2026-06-19,ICU,Admitted
96,114,2025-09-19,2026-06-15,ICU,Under Observation
2869,6,2024-11-29,2026-06-27,Private,Admitted
2696,90,2026-05-03,2026-06-24,Emergency,Discharged
1724,20,2026-04-23,2026-06-17,General,Discharged
2652,60,2025-01-03,2026-06-18,Emergency,Discharged
162,28,2026-05-29,2026-06-12,General,Admitted
1124,115,2025-03-05,2026-06-28,Emergency,Admitted
218,186,2024-08-06,2026-06-10,Emergency,Admitted
1631,45,2025-09-16,2026-06-18,ICU,Admitted
2288,188,2026-01-07,2026-06-10,Emergency,Admitted
2408,100,2024-09-14,2026-06-22,ICU,Admitted
898,86,2025-02-04,2026-07-05,ICU,Admitted
394,196,2025-06-01,2026-06-29,ICU,Under Observation
837,73,2026-04-11,2026-06-30,ICU,Discharged
606,116,2025-08-12,2026-06-13,Private,Admitted
196,102,2024-11-19,2026-07-06,Private,Admitted
1670,181,2024-09-04,2026-06-12,ICU,Discharged
627,72,2025-01-07,2026-06-25,Private,Discharged
2552,34,2026-01-12,2026-06-30,Emergency,Discharged
656,27,2025-03-18,2026-06-17,General,Under Observation
2440,23,2025-03-10,2026-06-13,General,Under Observation
2524,83,2025-04-23,2026-06-19,Emergency,Admitted
1137,16,2026-04-17,2026-06-15,General,Under Observation
243,153,2025-03-05,2026-06-19,Emergency,Admitted
1444,117,2024-08-16,2026-06-16,Private,Admitted
2238,171,2024-12-22,2026-06-25,General,Admitted
1728,155,2026-02-26,2026-07-08,Private,Discharged
2371,3,2024-07-02,2026-07-08,Emergency,Under Observation
658,58,2025-06-18,2026-07-02,Emergency,Admitted
996,120,2025-06-17,2026-06-13,Emergency,Under Observation
2211,119,2026-01-30,2026-07-02,General,Admitted
1362,115,2025-04-05,2026-06-11,ICU,Under Observation
2703,95,2025-06-29,2026-06-12,ICU,Discharged
2517,136,2025-12-30,2026-06-20,Emergency,Discharged
1365,160,2024-12-30,2026-06-16,Private,Discharged
1687,24,2024-10-06,2026-06-19,Emergency,Admitted
1943,190,2025-05-27,2026-07-06,Emergency,Under Observation
818,43,2024-10-19,2026-07-02,Private,Discharged
502,73,2025-12-03,2026-06-26,ICU,Under Observation
2313,72,2026-03-20,2026-06-15,Emergency,Under Observation
102,95,2026-02-14,2026-07-06,ICU,Discharged
52,156,2024-12-17,2026-06-23,Emergency,Discharged
2720,87,2025-05-11,2026-06-17,Emergency,Discharged
1453,106,2025-11-27,2026-07-08,Emergency,Discharged
579,172,2025-07-09,2026-06-24,Private,Admitted
259,22,2025-03-01,2026-07-06,ICU,Admitted
2372,12,2025-05-02,2026-06-09,Private,Under Observation
485,199,2024-07-16,2026-06-14,Private,Admitted
2153,121,2024-10-14,2026-06-30,General,Discharged
596,128,2025-10-20,2026-06-12,ICU,Under Observation
1293,99,2026-02-14,2026-06-15,Emergency,Admitted
26,182,2026-01-01,2026-06-18,Private,Under Observation
91,16,2026-01-11,2026-06-18,ICU,Admitted
2816,199,2025-10-14,2026-06-13,Private,Discharged
543,69,2025-03-08,2026-06-16,Emergency,Discharged
627,25,2025-05-20,2026-06-20,Emergency,Under Observation
2840,84,2024-11-04,2026-06-11,General,Under Observation
1925,83,2026-01-10,2026-06-16,Private,Discharged
1279,1,2025-06-03,2026-07-03,ICU,Under Observation
1826,102,2025-02-16,2026-06-18,Private,Under Observation
593,94,2026-01-12,2026-06-12,Private,Admitted
1408,71,2026-05-28,2026-06-17,Private,Discharged
1751,18,2024-12-10,2026-07-06,General,Admitted
2961,45,2026-01-29,2026-06-10,General,Admitted
1886,180,2025-02-16,2026-06-20,General,Admitted
235,69,2025-12-30,2026-06-25,ICU,Discharged
2892,68,2026-03-19,2026-06-22,General,Under Observation
1898,52,2025-10-27,2026-06-18,Private,Discharged
1578,25,2025-09-15,2026-06-17,Emergency,Under Observation
1331,42,2025-10-25,2026-07-08,Private,Admitted
2904,195,2025-02-10,2026-07-07,ICU,Admitted
2635,119,2025-04-26,2026-07-02,Private,Discharged
480,200,2025-05-01,2026-06-10,General,Under Observation
2978,133,2025-06-26,2026-07-06,Private,Admitted
2427,162,2024-10-25,2026-07-02,Private,Discharged
2740,140,2026-04-16,2026-07-01,Emergency,Under Observation
278,126,2026-02-24,2026-06-18,Emergency,Discharged
633,27,2024-08-05,2026-06-09,ICU,Under Observation
1582,185,2025-04-13,2026-06-26,Emergency,Under Observation
2612,155,2026-01-19,2026-06-28,ICU,Discharged
2919,151,2025-09-04,2026-06-27,Private,Admitted
460,45,2026-01-20,2026-06-29,Private,Discharged
308,185,2025-06-06,2026-07-08,Emergency,Discharged
673,69,2024-12-21,2026-07-01,ICU,Under Observation
2326,71,2025-12-28,2026-06-18,Private,Discharged
1393,91,2025-06-22,2026-06-29,Emergency,Discharged
1438,126,2026-04-21,2026-06-23,Emergency,Under Observation
37,193,2025-05-18,2026-07-02,Private,Admitted
2533,146,2025-06-04,2026-06-14,General,Discharged
837,28,2024-07-30,2026-07-08,Private,Discharged
1565,34,2024-08-09,2026-06-09,ICU,Discharged
1893,113,2024-08-24,2026-06-17,Emergency,Admitted
1036,128,2025-09-25,2026-06-15,Emergency,Discharged
402,200,2025-05-15,2026-06-09,Private,Under Observation
2758,8,2025-01-13,2026-07-01,General,Admitted
343,136,2025-09-06,2026-06-11,ICU,Admitted
1426,155,2025-01-12,2026-06-25,ICU,Discharged
1350,112,2025-09-12,2026-06-20,ICU,Discharged
28,191,2025-07-28,2026-06-27,Emergency,Admitted
2405,188,2024-08-27,2026-07-03,General,Under Observation
1313,56,2024-09-12,2026-06-17,Emergency,Discharged
815,74,2025-12-09,2026-06-12,General,Admitted
1146,16,2025-11-15,2026-06-10,ICU,Discharged
1603,26,2026-03-17,2026-06-14,Private,Under Observation
1687,11,2025-12-16,2026-06-15,Emergency,Discharged
549,81,2025-10-09,2026-07-06,Emergency,Admitted
763,118,2025-04-30,2026-06-26,General,Under Observation
1919,32,2026-05-01,2026-06-19,ICU,Discharged
1784,111,2024-11-12,2026-06-23,Private,Under Observation
1629,64,2024-07-12,2026-07-02,ICU,Admitted
346,168,2025-12-01,2026-07-01,General,Admitted
1250,160,2025-06-16,2026-06-21,Emergency,Admitted
2671,83,2024-10-14,2026-07-02,Private,Under Observation
1411,73,2024-12-25,2026-07-05,Emergency,Discharged
1474,168,2026-03-12,2026-06-09,Emergency,Under Observation
1090,138,2025-04-18,2026-06-11,Emergency,Discharged
2084,186,2024-10-19,2026-07-06,General,Under Observation
1636,27,2026-03-27,2026-06-30,General,Discharged
1275,116,2026-02-27,2026-06-12,Private,Admitted
45,144,2024-07-24,2026-06-29,Private,Discharged
1242,87,2025-03-21,2026-06-26,Private,Admitted
2439,59,2026-01-06,2026-06-12,Emergency,Under Observation
1400,99,2025-12-19,2026-06-20,Emergency,Discharged
1312,86,2025-02-08,2026-06-19,Private,Under Observation
148,31,2025-11-27,2026-06-12,Private,Admitted
1572,45,2025-04-01,2026-07-01,Private,Admitted
255,63,2025-09-09,2026-07-03,Emergency,Under Observation
771,124,2026-03-14,2026-06-20,General,Discharged
241,122,2025-02-06,2026-06-13,General,Under Observation
1093,138,2025-01-19,2026-06-28,Private,Admitted
1563,172,2024-11-21,2026-06-23,General,Admitted
2240,6,2026-04-09,2026-06-20,ICU,Admitted
1211,30,2025-11-15,2026-07-04,General,Admitted
2138,21,2025-10-21,2026-06-21,Private,Under Observation
1451,171,2024-12-16,2026-06-16,ICU,Under Observation
1125,73,2025-04-10,2026-07-01,General,Discharged
784,194,2024-12-05,2026-06-13,General,Discharged
2986,79,2025-07-26,2026-07-08,Private,Under Observation
238,28,2024-07-20,2026-06-10,Emergency,Under Observation
2247,133,2026-04-26,2026-06-25,ICU,Discharged
2240,85,2024-11-17,2026-06-14,Private,Discharged
1669,75,2026-01-18,2026-06-12,Emergency,Admitted
1382,178,2025-04-29,2026-06-25,Emergency,Admitted
203,43,2025-04-23,2026-06-24,ICU,Admitted
2629,132,2025-04-22,2026-06-10,General,Discharged
2274,108,2025-03-11,2026-06-18,Emergency,Under Observation
66,33,2025-04-20,2026-07-05,Private,Under Observation
702,128,2024-07-23,2026-06-12,ICU,Admitted
1924,168,2024-10-20,2026-07-05,Emergency,Admitted
2102,81,2024-06-29,2026-06-18,General,Under Observation
1975,28,2024-12-17,2026-07-02,ICU,Admitted
800,22,2026-02-15,2026-06-19,Emergency,Admitted
2788,36,2026-01-15,2026-06-19,General,Under Observation
1901,176,2024-12-30,2026-06-12,Private,Admitted
1432,1,2024-08-12,2026-06-15,General,Under Observation
2640,8,2024-06-10,2026-06-10,General,Admitted
70,24,2024-07-07,2026-07-05,Private,Under Observation
2366,7,2026-05-22,2026-06-09,Emergency,Admitted
2421,136,2025-07-26,2026-06-12,Emergency,Admitted
519,86,2024-08-19,2026-06-23,ICU,Discharged
2921,115,2026-01-06,2026-06-16,General,Admitted
238,197,2024-12-22,2026-06-16,Emergency,Under Observation
754,126,2026-02-01,2026-06-22,General,Discharged
2956,36,2025-04-27,2026-06-17,Private,Under Observation
2247,74,2025-01-04,2026-06-11,Private,Admitted
2628,21,2024-10-02,2026-06-20,Private,Discharged
2533,119,2025-06-08,2026-07-04,Private,Discharged
2842,129,2025-08-09,2026-06-18,General,Admitted
22,18,2025-03-12,2026-07-02,Private,Under Observation
1243,173,2026-02-17,2026-07-04,ICU,Discharged
1010,192,2026-06-06,2026-06-10,ICU,Under Observation
2541,95,2026-04-04,2026-07-07,Private,Discharged
2563,174,2024-08-03,2026-06-22,Private,Admitted
51,143,2025-02-23,2026-06-13,Emergency,Discharged
2761,117,2024-11-29,2026-06-19,Private,Discharged
2774,135,2026-04-22,2026-07-01,Emergency,Under Observation
2793,2,2024-11-01,2026-06-20,Private,Admitted
1190,135,2024-09-17,2026-06-09,ICU,Discharged
2474,98,2025-04-22,2026-06-17,Private,Under Observation
1445,13,2026-04-01,2026-07-07,ICU,Admitted
2366,14,2026-03-18,2026-06-25,General,Under Observation
1805,183,2026-06-05,2026-06-30,ICU,Under Observation
2420,138,2025-01-19,2026-07-02,ICU,Under Observation
2525,170,2025-03-13,2026-06-15,General,Under Observation
594,123,2025-12-15,2026-06-10,General,Under Observation
270,175,2026-04-28,2026-06-14,General,Admitted
1667,24,2024-09-14,2026-06-11,Private,Discharged
1919,90,2024-09-24,2026-06-22,Private,Admitted
1311,105,2025-07-14,2026-06-22,Private,Admitted
2649,9,2025-02-02,2026-06-29,ICU,Admitted
791,14,2024-09-30,2026-06-26,ICU,Admitted
2746,140,2026-01-27,2026-06-24,General,Under Observation
2408,130,2026-02-04,2026-07-02,Private,Under Observation
2809,199,2024-07-22,2026-07-03,ICU,Under Observation
2882,46,2025-04-27,2026-07-06,Emergency,Admitted
2663,129,2025-12-07,2026-06-09,Private,Under Observation
2538,161,2025-11-11,2026-06-22,ICU,Admitted
2783,49,2025-02-14,2026-06-13,Emergency,Under Observation
1041,61,2025-09-24,2026-06-24,General,Under Observation
2936,130,2025-08-22,2026-07-08,Emergency,Admitted
1030,24,2025-10-07,2026-06-24,ICU,Discharged
2807,162,2025-08-10,2026-06-16,ICU,Admitted
1433,157,2024-08-17,2026-06-13,General,Admitted
2704,64,2024-11-19,2026-07-01,Private,Discharged
2648,23,2024-12-02,2026-06-23,General,Admitted
2212,161,2026-02-14,2026-06-14,Private,Admitted
583,192,2024-10-16,2026-06-10,General,Under Observation
128,108,2024-08-04,2026-06-09,ICU,Admitted
2858,111,2025-01-24,2026-06-25,ICU,Discharged
2398,61,2025-10-22,2026-07-05,General,Under Observation
2045,179,2024-11-01,2026-07-02,Emergency,Discharged
2635,101,2025-09-04,2026-07-07,General,Admitted
291,65,2024-09-24,2026-07-02,General,Discharged
150,144,2025-11-09,2026-07-07,Private,Admitted
2570,192,2025-03-11,2026-07-01,ICU,Admitted
1715,100,2025-10-25,2026-07-04,Emergency,Admitted
1671,99,2025-06-06,2026-06-11,General,Under Observation
1153,72,2025-03-14,2026-06-24,Private,Under Observation
225,11,2025-06-10,2026-07-01,ICU,Under Observation
240,41,2025-02-13,2026-06-22,General,Under Observation
1090,174,2025-05-16,2026-06-27,ICU,Discharged
1578,150,2024-11-21,2026-07-06,ICU,Discharged
2678,200,2025-09-08,2026-06-16,ICU,Discharged
83,152,2025-03-24,2026-06-19,Emergency,Under Observation
1737,68,2026-05-19,2026-07-06,ICU,Under Observation
1786,26,2026-01-21,2026-06-14,Emergency,Under Observation
2921,153,2025-05-27,2026-06-25,General,Under Observation
2464,39,2025-01-20,2026-07-08,ICU,Discharged
2837,183,2024-06-27,2026-06-30,Private,Under Observation
2728,179,2024-09-19,2026-07-01,Emergency,Admitted
1771,59,2025-08-04,2026-06-10,Emergency,Discharged
527,173,2026-01-20,2026-06-10,Emergency,Admitted
1902,64,2026-04-10,2026-07-04,Private,Admitted
2789,140,2025-04-28,2026-06-21,General,Under Observation
1200,46,2026-02-17,2026-07-01,ICU,Admitted
2707,88,2025-09-25,2026-06-24,Private,Discharged
2581,171,2024-12-02,2026-06-09,Emergency,Under Observation
2944,132,2025-12-19,2026-06-29,Emergency,Discharged
2701,53,2026-04-12,2026-06-13,ICU,Admitted
2819,168,2024-08-31,2026-06-29,Private,Under Observation
2159,85,2025-03-09,2026-06-11,Emergency,Discharged
88,161,2026-05-24,2026-07-07,ICU,Under Observation
609,37,2025-11-27,2026-07-04,Emergency,Admitted
2030,61,2026-04-21,2026-06-13,Emergency,Admitted
2020,174,2026-02-27,2026-06-26,ICU,Discharged
774,135,2024-12-09,2026-06-09,Emergency,Admitted
1117,145,2026-04-23,2026-07-07,Emergency,Under Observation
1528,7,2026-02-07,2026-06-12,ICU,Under Observation
2311,105,2026-03-28,2026-06-25,ICU,Admitted
151,77,2025-07-22,2026-06-15,ICU,Discharged
292,21,2025-02-07,2026-06-18,ICU,Admitted
1559,160,2025-09-08,2026-06-30,General,Discharged
1085,32,2025-08-17,2026-07-07,Emergency,Under Observation
2085,165,2024-10-14,2026-06-13,Private,Admitted
2658,176,2026-05-30,2026-06-14,Emergency,Under Observation
721,60,2025-02-26,2026-06-19,Private,Under Observation
267,74,2026-02-12,2026-07-07,Emergency,Discharged
1682,191,2026-01-23,2026-06-26,Private,Admitted
1128,60,2025-08-27,2026-06-25,Private,Admitted
577,26,2025-10-01,2026-06-12,ICU,Admitted
2175,47,2026-03-01,2026-06-15,ICU,Admitted
205,5,2025-01-20,2026-06-20,General,Under Observation
1303,50,2026-03-18,2026-06-24,Emergency,Under Observation
2795,6,2025-09-15,2026-07-02,General,Under Observation
627,49,2025-06-18,2026-07-03,Private,Under Observation
1869,60,2026-02-20,2026-06-30,General,Discharged
1003,182,2024-09-09,2026-06-26,ICU,Discharged
2022,114,2024-10-09,2026-06-26,ICU,Admitted
2480,125,2025-08-23,2026-06-22,General,Admitted
678,51,2025-08-02,2026-06-30,Private,Discharged
1775,89,2025-12-19,2026-06-15,Emergency,Under Observation
2412,97,2025-02-11,2026-06-28,Private,Under Observation
92,97,2024-11-07,2026-07-06,Private,Under Observation
271,189,2024-10-31,2026-06-24,General,Under Observation
552,111,2024-07-26,2026-06-11,Private,Under Observation
2845,123,2025-12-30,2026-06-17,Emergency,Discharged
361,170,2025-10-27,2026-06-10,General,Admitted
696,28,2026-03-18,2026-07-02,General,Discharged
2950,16,2025-09-16,2026-07-01,ICU,Under Observation
685,94,2024-06-29,2026-06-28,ICU,Under Observation
1595,123,2025-09-22,2026-07-03,General,Admitted
2736,161,2025-03-31,2026-06-16,Emergency,Under Observation
366,175,2025-08-27,2026-07-02,Emergency,Discharged
1922,108,2026-05-04,2026-06-22,Private,Admitted
2029,14,2025-07-02,2026-07-06,General,Discharged
1535,142,2024-11-03,2026-06-11,Private,Discharged
2008,82,2025-05-10,2026-06-17,ICU,Discharged
863,139,2025-11-27,2026-06-29,General,Discharged
2560,110,2025-03-15,2026-06-29,General,Discharged
2070,92,2024-11-29,2026-07-02,Private,Admitted
897,94,2024-12-11,2026-07-01,General,Discharged
1066,163,2024-11-11,2026-06-17,Emergency,Discharged
1102,189,2025-12-05,2026-06-24,General,Discharged
2927,66,2024-06-12,2026-06-21,Emergency,Admitted
1244,13,2024-08-16,2026-06-13,Emergency,Admitted
619,32,2026-03-29,2026-07-02,Emergency,Admitted
2429,100,2026-02-27,2026-07-05,Private,Under Observation
2425,107,2025-08-27,2026-07-05,Private,Under Observation
1578,157,2026-01-26,2026-06-29,General,Under Observation
1458,117,2026-05-16,2026-06-17,Private,Under Observation
712,9,2025-08-10,2026-06-09,ICU,Admitted
2674,187,2025-01-12,2026-06-20,General,Admitted
391,136,2026-03-30,2026-06-12,General,Discharged
550,120,2024-11-19,2026-07-06,Emergency,Under Observation
2539,105,2025-12-03,2026-07-08,ICU,Discharged
104,27,2024-09-16,2026-06-19,Private,Under Observation
1053,88,2026-01-29,2026-06-10,Private,Under Observation
234,177,2024-08-11,2026-06-30,General,Under Observation
264,42,2025-08-03,2026-06-28,Emergency,Discharged
2206,192,2025-05-04,2026-06-29,Emergency,Under Observation
2655,37,2025-12-09,2026-06-11,Emergency,Discharged
2924,18,2025-12-28,2026-06-27,Emergency,Admitted
2701,57,2025-03-23,2026-07-02,ICU,Admitted
1115,80,2025-09-10,2026-06-23,Private,Under Observation
713,115,2025-11-13,2026-07-02,Private,Discharged
146,79,2025-02-08,2026-06-27,ICU,Admitted
1022,66,2025-04-16,2026-06-28,General,Admitted
860,127,2025-07-30,2026-06-12,ICU,Under Observation
2429,42,2025-09-26,2026-06-14,Private,Discharged
2030,199,2025-10-01,2026-07-07,ICU,Admitted
2192,69,2025-07-17,2026-06-17,Private,Discharged
2030,177,2026-02-03,2026-07-03,Private,Under Observation
2672,180,2025-03-04,2026-06-14,General,Admitted
170,178,2025-10-21,2026-06-21,General,Discharged
1208,135,2025-04-16,2026-06-26,Emergency,Admitted
2593,176,2025-09-02,2026-07-07,Private,Admitted
2885,150,2025-07-17,2026-06-15,Private,Discharged
1462,57,2024-09-09,2026-06-14,Private,Discharged
1779,28,2025-04-12,2026-06-13,ICU,Admitted
466,162,2025-11-19,2026-07-02,Emergency,Discharged
1994,82,2025-11-11,2026-06-30,Private,Admitted
1025,99,2026-01-19,2026-06-15,General,Discharged
808,147,2026-05-14,2026-06-09,ICU,Admitted
1012,130,2025-07-23,2026-06-23,Emergency,Admitted
921,145,2026-03-05,2026-07-06,Private,Under Observation
1049,62,2025-05-10,2026-06-16,General,Under Observation
1861,43,2025-12-10,2026-06-18,ICU,Admitted
2864,141,2024-10-26,2026-06-27,Private,Under Observation
2365,152,2025-10-24,2026-07-07,ICU,Discharged
2486,149,2024-06-16,2026-06-11,Emergency,Discharged
426,106,2024-11-27,2026-06-19,ICU,Admitted
1027,83,2025-11-13,2026-06-13,General,Under Observation
1085,58,2025-12-13,2026-06-13,ICU,Under Observation
1544,72,2024-09-11,2026-06-14,General,Admitted
328,162,2025-03-15,2026-07-04,Emergency,Admitted
2238,121,2024-08-24,2026-06-27,ICU,Discharged
487,148,2026-02-23,2026-06-09,Emergency,Discharged
2118,171,2025-10-08,2026-06-17,Emergency,Under Observation
1428,173,2025-08-07,2026-06-24,General,Discharged
1538,196,2024-10-07,2026-06-25,Private,Discharged
161,176,2024-09-07,2026-07-08,General,Under Observation
442,1,2025-07-14,2026-07-01,Private,Discharged
2690,88,2024-06-20,2026-07-01,ICU,Admitted
369,131,2025-07-20,2026-06-13,General,Discharged
2517,22,2025-10-25,2026-07-01,General,Discharged
2874,113,2025-01-16,2026-06-24,ICU,Under Observation
2075,198,2025-05-21,2026-06-18,Emergency,Discharged
2197,1,2025-07-10,2026-06-11,General,Under Observation
1287,176,2024-12-19,2026-06-29,Emergency,Discharged
2965,49,2024-07-01,2026-06-27,General,Admitted
2523,42,2025-04-13,2026-06-15,Emergency,Discharged
1570,45,2025-01-13,2026-06-14,ICU,Discharged
2570,119,2024-06-17,2026-06-21,ICU,Under Observation
889,193,2025-01-17,2026-07-01,General,Admitted
692,102,2025-06-08,2026-07-08,General,Under Observation
2283,134,2025-06-05,2026-06-20,General,Admitted
974,70,2024-12-04,2026-07-01,ICU,Admitted
1478,132,2025-02-11,2026-07-03,Emergency,Discharged
580,133,2025-09-10,2026-07-06,General,Admitted
629,72,2025-12-20,2026-06-14,ICU,Admitted
416,176,2025-12-18,2026-07-07,ICU,Admitted
526,70,2025-05-26,2026-06-12,ICU,Under Observation
1423,132,2026-05-29,2026-06-19,ICU,Under Observation
2809,132,2026-04-08,2026-06-18,Private,Discharged
2314,165,2025-09-12,2026-06-19,Private,Discharged
1114,70,2025-12-23,2026-06-11,ICU,Discharged
2376,103,2024-06-30,2026-06-09,General,Admitted
1618,121,2024-12-26,2026-07-02,ICU,Under Observation
2567,29,2025-03-18,2026-07-07,Emergency,Admitted
2355,12,2025-09-24,2026-06-26,ICU,Under Observation
1674,40,2025-01-06,2026-06-14,General,Discharged
600,115,2025-02-15,2026-07-06,ICU,Discharged
939,144,2025-04-22,2026-06-11,Emergency,Under Observation
1955,195,2025-02-02,2026-06-13,Private,Admitted
2175,165,2026-05-12,2026-06-13,ICU,Admitted
672,158,2025-02-12,2026-07-05,Private,Under Observation
146,52,2025-10-01,2026-07-01,ICU,Discharged
1114,74,2025-04-27,2026-06-20,General,Discharged
541,30,2024-08-02,2026-06-13,ICU,Discharged
2977,10,2024-10-31,2026-06-09,Private,Admitted
541,161,2026-05-21,2026-07-03,Emergency,Under Observation
1934,129,2024-07-07,2026-06-09,ICU,Discharged
2351,64,2025-02-07,2026-07-06,General,Under Observation
70,147,2025-06-22,2026-06-15,ICU,Under Observation
232,99,2025-10-16,2026-07-07,Emergency,Admitted
1139,43,2026-04-23,2026-07-02,Emergency,Admitted
464,129,2025-11-25,2026-06-23,Private,Discharged
1758,117,2024-09-15,2026-06-13,Private,Admitted
1344,42,2025-05-04,2026-07-07,Private,Admitted
452,139,2025-09-22,2026-07-03,Emergency,Discharged
1619,149,2025-05-01,2026-06-26,General,Admitted
387,144,2025-12-14,2026-06-30,ICU,Discharged
1552,53,2024-07-27,2026-06-30,Emergency,Under Observation
2111,148,2024-07-17,2026-06-21,ICU,Admitted
564,149,2026-03-19,2026-06-15,General,Under Observation
291,173,2025-09-05,2026-06-13,Private,Admitted
1452,176,2026-02-12,2026-07-02,ICU,Discharged
346,27,2025-06-24,2026-06-19,ICU,Under Observation
754,175,2025-10-19,2026-06-11,Emergency,Discharged
2931,72,2025-09-26,2026-06-23,Emergency,Admitted
2133,75,2025-11-08,2026-07-07,Emergency,Under Observation
26,80,2026-04-21,2026-06-12,ICU,Admitted
538,81,2024-10-21,2026-06-17,Emergency,Discharged
2346,194,2024-06-21,2026-06-12,Emergency,Discharged
685,104,2024-08-26,2026-07-01,Private,Discharged
86,179,2025-05-27,2026-06-14,Private,Under Observation
526,163,2025-12-20,2026-07-04,ICU,Discharged
2754,147,2024-09-28,2026-06-17,Private,Discharged
687,142,2026-06-08,2026-06-15,General,Under Observation
1671,114,2024-07-08,2026-06-16,General,Under Observation
1476,117,2025-04-03,2026-06-28,Emergency,Under Observation
1969,178,2026-03-22,2026-07-08,Emergency,Under Observation
2224,42,2024-08-01,2026-07-04,ICU,Under Observation
1722,147,2026-01-08,2026-07-02,Emergency,Under Observation
1613,74,2025-08-08,2026-06-21,Emergency,Admitted
2244,132,2026-03-15,2026-06-22,Emergency,Under Observation
77,1,2025-07-14,2026-07-05,General,Discharged
2342,4,2025-07-25,2026-07-08,ICU,Under Observation
1645,57,2025-03-01,2026-07-03,General,Admitted
1105,4,2025-05-14,2026-06-14,Private,Discharged
442,177,2025-06-25,2026-06-11,Emergency,Under Observation
2958,143,2024-11-23,2026-06-22,Emergency,Discharged
1048,89,2025-01-29,2026-06-13,ICU,Under Observation
1797,13,2025-04-30,2026-06-21,ICU,Discharged
3000,176,2025-08-05,2026-07-02,General,Discharged
2828,120,2025-02-17,2026-06-30,General,Discharged
1961,115,2025-01-03,2026-06-21,General,Under Observation
113,74,2025-05-09,2026-06-29,Private,Admitted
375,118,2025-12-16,2026-07-07,Private,Discharged
2891,148,2025-12-27,2026-06-13,Emergency,Admitted
403,42,2025-03-09,2026-06-22,Private,Under Observation
1549,39,2024-12-03,2026-07-07,ICU,Admitted
1934,105,2025-07-23,2026-06-27,Emergency,Admitted
971,78,2024-09-24,2026-06-23,Private,Under Observation
1021,68,2025-11-20,2026-06-12,ICU,Discharged
2349,61,2026-05-21,2026-06-10,ICU,Admitted
133,157,2025-06-05,2026-06-28,General,Admitted
895,42,2024-08-08,2026-06-10,General,Under Observation
2440,112,2025-03-13,2026-06-30,Emergency,Discharged
1789,135,2024-12-22,2026-06-09,Emergency,Under Observation
326,127,2026-01-17,2026-07-08,Private,Admitted
2801,184,2025-07-06,2026-06-23,Emergency,Under Observation
2206,26,2026-02-12,2026-06-10,Emergency,Discharged
1456,193,2025-02-20,2026-07-02,ICU,Under Observation
768,170,2024-08-10,2026-06-26,Private,Discharged
2627,157,2026-02-14,2026-07-04,Private,Admitted
2134,19,2026-06-04,2026-07-01,Emergency,Under Observation
2640,84,2024-07-05,2026-06-24,ICU,Under Observation
2672,194,2025-04-29,2026-06-10,ICU,Discharged
534,198,2026-04-10,2026-06-20,Private,Discharged
1374,109,2025-08-08,2026-06-13,Private,Under Observation
1846,8,2024-09-20,2026-06-30,Private,Admitted
2211,150,2025-09-29,2026-06-21,ICU,Discharged
232,127,2025-02-18,2026-07-06,Emergency,Discharged
1212,155,2026-02-03,2026-07-04,Emergency,Discharged
1589,109,2024-07-04,2026-06-26,ICU,Under Observation
2213,63,2026-01-28,2026-06-17,General,Admitted
2036,41,2024-09-12,2026-06-24,Private,Under Observation
2907,127,2025-04-13,2026-06-10,General,Admitted
2858,92,2025-11-13,2026-06-10,General,Under Observation
961,103,2024-06-17,2026-06-22,Private,Admitted
1619,38,2024-08-10,2026-07-01,Private,Discharged
1465,143,2024-09-11,2026-07-02,ICU,Admitted
527,178,2026-03-22,2026-06-15,Emergency,Admitted
348,54,2025-06-12,2026-06-28,ICU,Discharged
1298,166,2025-12-05,2026-06-21,Private,Under Observation
1850,178,2025-05-17,2026-06-30,Private,Under Observation
2701,74,2025-05-13,2026-06-23,General,Discharged
1711,157,2026-01-30,2026-06-13,General,Discharged
1368,7,2025-07-29,2026-06-18,Emergency,Discharged
746,125,2024-08-24,2026-06-13,Emergency,Under Observation
1807,56,2025-08-03,2026-06-10,ICU,Under Observation
641,107,2026-04-05,2026-07-03,General,Discharged
334,185,2024-12-14,2026-06-19,General,Admitted
2590,82,2026-03-25,2026-07-03,Private,Under Observation
1347,166,2026-02-28,2026-06-17,General,Under Observation
2248,64,2024-10-30,2026-06-18,ICU,Discharged
278,151,2024-08-20,2026-06-30,Emergency,Under Observation
2367,143,2024-10-29,2026-06-29,General,Discharged
2646,174,2024-06-29,2026-06-23,General,Discharged
1400,56,2025-05-14,2026-06-25,Emergency,Under Observation
1004,72,2025-03-27,2026-07-04,ICU,Discharged
2440,154,2025-02-27,2026-06-15,Private,Discharged
1561,38,2024-10-24,2026-06-20,General,Under Observation
1225,185,2024-09-25,2026-06-28,Private,Admitted
2995,127,2025-10-15,2026-06-24,General,Discharged
612,88,2024-08-27,2026-06-24,General,Under Observation
17,198,2025-04-25,2026-06-19,ICU,Admitted
470,49,2025-09-19,2026-06-12,Private,Under Observation
1275,136,2025-08-30,2026-06-26,Emergency,Discharged
1397,138,2025-02-20,2026-06-29,ICU,Under Observation
2673,148,2025-11-12,2026-07-01,Emergency,Discharged
152,67,2025-01-19,2026-06-29,Private,Discharged
514,75,2025-02-27,2026-06-24,General,Under Observation
2084,63,2025-02-08,2026-07-05,Emergency,Under Observation
1207,123,2025-06-01,2026-07-04,Emergency,Discharged
410,195,2024-10-02,2026-06-12,Private,Discharged
289,186,2025-02-03,2026-06-14,Emergency,Under Observation
2704,125,2024-12-29,2026-07-08,General,Discharged
223,23,2025-11-30,2026-07-07,Emergency,Under Observation
2075,71,2025-03-29,2026-06-09,Emergency,Discharged
371,136,2026-01-01,2026-06-26,ICU,Admitted
113,177,2025-10-07,2026-06-30,Private,Admitted
208,104,2025-11-18,2026-06-26,General,Admitted
794,179,2024-10-17,2026-07-07,ICU,Under Observation
1401,95,2025-06-25,2026-06-12,Private,Admitted
2444,65,2025-05-28,2026-06-11,General,Admitted
2516,154,2026-02-24,2026-07-02,ICU,Admitted
1032,150,2025-06-26,2026-06-26,General,Admitted
618,17,2024-10-29,2026-06-18,Emergency,Under Observation
2932,106,2025-08-20,2026-06-30,Private,Discharged
2179,42,2024-11-21,2026-06-30,Private,Discharged
882,135,2026-02-03,2026-06-25,General,Under Observation
1627,192,2024-09-28,2026-06-22,ICU,Under Observation
359,39,2025-10-19,2026-06-15,Emergency,Under Observation
2084,85,2024-06-22,2026-06-24,ICU,Discharged
683,4,2024-08-27,2026-07-06,ICU,Discharged
2362,143,2024-06-12,2026-06-10,Private,Admitted
1004,183,2026-04-06,2026-06-30,Private,Under Observation
2113,130,2024-08-27,2026-06-28,Private,Discharged
2022,117,2024-11-11,2026-06-28,Private,Discharged
362,20,2024-09-27,2026-07-08,Private,Discharged
2550,95,2026-03-15,2026-06-10,General,Discharged
2883,179,2025-05-09,2026-06-22,ICU,Discharged
156,124,2025-12-16,2026-06-24,Private,Admitted
227,108,2026-05-11,2026-07-06,Private,Discharged
2678,27,2026-02-28,2026-06-22,ICU,Under Observation
1166,200,2025-01-16,2026-06-30,ICU,Under Observation
1655,178,2024-09-29,2026-06-30,ICU,Under Observation
1824,188,2026-05-12,2026-06-16,Private,Discharged
1071,65,2025-11-23,2026-06-09,ICU,Under Observation
1928,60,2025-01-18,2026-06-28,General,Admitted
759,195,2025-04-08,2026-06-21,Private,Admitted
2831,61,2025-01-26,2026-06-15,Private,Discharged
225,30,2024-06-30,2026-06-27,Private,Discharged
1200,53,2024-09-21,2026-06-16,ICU,Under Observation
181,73,2025-02-12,2026-06-20,Private,Admitted
2177,103,2024-11-22,2026-07-05,ICU,Admitted
2866,9,2024-12-05,2026-07-02,General,Admitted
1321,40,2024-08-05,2026-06-09,General,Admitted
2557,31,2024-06-09,2026-07-05,Private,Admitted
305,51,2025-01-15,2026-06-17,Emergency,Admitted
402,41,2024-08-13,2026-07-05,Emergency,Admitted
2413,68,2026-03-09,2026-07-03,Emergency,Admitted
2609,29,2026-05-13,2026-06-20,Emergency,Under Observation
1103,3,2025-08-12,2026-06-17,General,Under Observation
2315,135,2025-07-05,2026-06-09,Emergency,Under Observation
720,188,2024-06-18,2026-06-13,ICU,Admitted
750,10,2026-01-09,2026-06-15,Private,Admitted
520,92,2025-05-08,2026-06-14,General,Under Observation
1930,127,2025-06-09,2026-06-20,Private,Admitted
292,134,2025-02-15,2026-06-25,ICU,Admitted
1271,82,2025-07-08,2026-06-14,General,Admitted
2504,29,2025-05-28,2026-07-04,ICU,Discharged
61,127,2025-11-30,2026-06-24,Emergency,Discharged
343,41,2024-12-26,2026-06-25,Private,Under Observation
2090,109,2026-04-16,2026-06-29,ICU,Admitted
1270,69,2026-01-13,2026-06-10,ICU,Discharged
1538,184,2025-06-09,2026-06-14,Private,Discharged
1928,63,2026-03-08,2026-06-23,ICU,Discharged
1339,154,2025-12-07,2026-07-07,General,Admitted
1802,30,2024-06-16,2026-06-20,Private,Admitted
1306,143,2026-01-14,2026-06-14,Emergency,Admitted
2364,137,2025-05-21,2026-06-27,Emergency,Discharged
1867,125,2025-10-15,2026-06-11,ICU,Discharged
2974,116,2025-12-14,2026-06-18,ICU,Discharged
1546,187,2025-02-17,2026-07-02,Emergency,Under Observation
255,154,2026-02-28,2026-06-12,Private,Discharged
99,180,2026-02-16,2026-07-07,Private,Discharged
813,147,2025-05-29,2026-07-04,Emergency,Discharged
610,83,2024-09-13,2026-06-24,General,Admitted
2855,197,2026-04-17,2026-06-27,ICU,Discharged
943,121,2025-01-12,2026-06-15,Emergency,Admitted
255,83,2026-06-05,2026-06-17,ICU,Admitted
167,54,2026-04-08,2026-06-23,ICU,Admitted
1489,125,2024-10-19,2026-06-13,ICU,Under Observation
1704,55,2026-05-27,2026-06-09,Emergency,Under Observation
1702,172,2025-12-14,2026-07-05,ICU,Admitted
442,165,2025-10-24,2026-06-16,Emergency,Discharged
1764,197,2024-10-28,2026-06-23,Private,Admitted
1910,102,2025-10-27,2026-06-16,ICU,Discharged
2572,98,2024-11-17,2026-06-20,Private,Discharged
1380,61,2025-10-29,2026-06-12,Private,Discharged
680,172,2026-05-09,2026-06-15,General,Discharged
1976,176,2025-06-03,2026-06-22,Emergency,Admitted
352,64,2025-04-02,2026-07-01,ICU,Admitted
1259,26,2025-08-25,2026-07-02,Private,Discharged
2431,148,2025-03-15,2026-06-13,ICU,Under Observation
2052,155,2024-10-15,2026-06-16,General,Under Observation
2535,93,2025-12-07,2026-07-05,ICU,Admitted
2171,95,2025-12-14,2026-06-20,ICU,Discharged
1651,121,2024-08-30,2026-06-17,Private,Admitted
2356,144,2024-11-22,2026-06-14,General,Discharged
2449,152,2025-10-19,2026-06-26,General,Under Observation
2840,194,2025-01-22,2026-06-19,ICU,Discharged
2811,159,2025-12-17,2026-06-24,ICU,Under Observation
93,159,2026-01-15,2026-07-05,Emergency,Admitted
223,193,2025-11-17,2026-07-06,Private,Under Observation
1262,13,2025-07-13,2026-06-17,General,Discharged
2228,130,2024-08-10,2026-07-07,Private,Under Observation
2963,183,2026-04-04,2026-07-05,Private,Under Observation
1308,46,2025-05-01,2026-06-17,ICU,Admitted
2045,36,2024-11-11,2026-07-07,General,Admitted
2595,113,2025-09-11,2026-06-18,ICU,Discharged
559,169,2025-07-15,2026-07-08,Emergency,Admitted
1149,67,2025-11-27,2026-06-27,General,Under Observation
1856,93,2024-09-06,2026-06-25,Private,Admitted
644,23,2025-12-08,2026-06-16,General,Admitted
1970,8,2026-03-14,2026-07-03,General,Admitted
2921,1,2026-02-13,2026-06-28,General,Discharged
1849,167,2025-05-02,2026-06-21,ICU,Admitted
1089,105,2025-04-13,2026-06-10,ICU,Discharged
1582,123,2024-06-14,2026-06-30,Emergency,Admitted
1454,114,2025-07-14,2026-07-02,Emergency,Admitted
1007,8,2024-07-07,2026-06-21,General,Under Observation
1988,132,2025-10-31,2026-06-28,Private,Admitted
1277,146,2024-12-23,2026-06-16,Emergency,Discharged
214,103,2024-12-21,2026-06-18,General,Discharged
2735,178,2026-04-25,2026-06-21,General,Admitted
2977,190,2025-04-08,2026-06-24,Private,Under Observation
407,124,2026-01-21,2026-06-30,ICU,Discharged
2831,193,2025-11-24,2026-06-20,ICU,Discharged
940,187,2026-04-02,2026-06-23,ICU,Under Observation
1551,78,2025-08-11,2026-06-10,Emergency,Admitted
419,134,2025-12-01,2026-07-02,ICU,Admitted
2759,78,2024-08-05,2026-07-04,General,Admitted
931,92,2026-05-18,2026-07-07,Private,Admitted
1135,24,2024-12-22,2026-07-08,General,Admitted
1786,38,2025-10-06,2026-06-22,ICU,Under Observation
42,116,2025-07-23,2026-06-28,General,Admitted
1829,107,2026-02-09,2026-06-28,Private,Admitted
2073,91,2025-10-01,2026-06-10,ICU,Under Observation
2948,54,2025-03-17,2026-06-10,Private,Discharged
1144,87,2024-10-26,2026-06-17,Emergency,Discharged
869,1,2024-12-31,2026-07-08,General,Discharged
2445,87,2024-07-11,2026-06-13,General,Admitted
2449,199,2024-10-20,2026-07-05,Private,Admitted
2714,153,2025-05-25,2026-06-30,General,Discharged
450,20,2025-11-14,2026-06-21,Emergency,Discharged
694,75,2025-11-20,2026-06-25,Emergency,Discharged
935,52,2024-11-01,2026-06-14,Emergency,Discharged
2172,172,2025-05-25,2026-06-13,Emergency,Discharged
233,6,2025-03-04,2026-06-28,General,Admitted
231,141,2024-07-29,2026-06-22,ICU,Discharged
1227,125,2024-07-05,2026-06-22,ICU,Discharged
2363,65,2025-05-21,2026-06-11,Private,Admitted
512,73,2026-06-07,2026-06-30,ICU,Admitted
2504,4,2025-04-11,2026-06-20,Emergency,Discharged
2997,108,2025-07-29,2026-06-16,General,Admitted
2554,119,2025-07-04,2026-06-24,Emergency,Admitted
814,143,2025-10-10,2026-07-06,General,Discharged
1036,83,2026-02-22,2026-06-19,Private,Admitted
2781,83,2025-08-21,2026-06-27,Private,Under Observation
1530,37,2025-04-01,2026-07-04,ICU,Discharged
1694,78,2025-11-24,2026-06-21,Emergency,Under Observation
2144,91,2024-06-11,2026-06-15,ICU,Admitted
1743,141,2026-04-24,2026-06-20,Emergency,Discharged
2036,194,2025-07-18,2026-07-03,ICU,Under Observation
507,44,2026-06-01,2026-06-23,Private,Discharged
848,167,2025-03-17,2026-06-14,General,Under Observation
379,169,2024-07-17,2026-07-07,Private,Discharged
1948,12,2025-07-31,2026-07-06,Emergency,Under Observation
2675,55,2025-10-09,2026-06-21,General,Under Observation
64,103,2024-06-28,2026-06-12,Private,Admitted
1589,171,2026-04-25,2026-06-24,Emergency,Admitted
1665,40,2024-10-19,2026-07-03,ICU,Discharged
2426,195,2025-03-14,2026-06-13,ICU,Admitted
155,26,2024-07-06,2026-06-17,ICU,Under Observation
2314,63,2026-05-25,2026-06-25,General,Admitted
438,160,2024-07-06,2026-06-27,General,Discharged
22,195,2026-04-15,2026-07-06,General,Admitted
2337,113,2026-01-10,2026-06-13,Emergency,Under Observation
1915,80,2024-07-11,2026-06-14,General,Admitted
1909,152,2025-12-08,2026-06-19,General,Under Observation
9,97,2026-05-13,2026-06-20,General,Discharged
1507,104,2024-07-29,2026-06-24,ICU,Under Observation
2532,50,2025-01-22,2026-07-05,Private,Under Observation
455,9,2026-05-29,2026-06-24,ICU,Discharged
879,50,2025-12-19,2026-06-19,ICU,Under Observation
1198,190,2025-03-09,2026-06-27,Emergency,Discharged
1196,74,2025-01-05,2026-06-18,Private,Discharged
2535,128,2026-02-10,2026-06-15,Private,Under Observation
620,139,2025-09-01,2026-06-17,ICU,Discharged
1076,106,2025-01-28,2026-06-17,Private,Under Observation
1809,171,2024-12-09,2026-06-17,ICU,Admitted
239,163,2025-11-20,2026-06-27,ICU,Admitted
576,170,2026-01-28,2026-06-30,ICU,Admitted
2732,48,2024-11-10,2026-06-11,General,Discharged
1885,174,2024-06-26,2026-06-16,ICU,Admitted
1828,106,2026-02-20,2026-07-01,General,Discharged
130,174,2025-03-08,2026-06-09,Emergency,Under Observation
2504,77,2025-07-31,2026-06-22,Private,Admitted
1596,86,2026-04-23,2026-06-11,ICU,Under Observation
2818,60,2024-12-22,2026-06-09,ICU,Discharged
1736,15,2025-05-19,2026-06-09,Emergency,Under Observation
315,63,2024-11-02,2026-07-05,Private,Discharged
210,194,2025-03-07,2026-06-27,General,Discharged
1587,9,2025-01-25,2026-07-02,General,Discharged
890,81,2024-07-31,2026-07-05,ICU,Admitted
209,115,2026-04-24,2026-07-02,General,Discharged
1188,55,2026-04-17,2026-06-27,General,Admitted
902,178,2024-07-30,2026-06-30,Private,Under Observation
1628,41,2025-04-11,2026-06-09,ICU,Under Observation
2554,33,2024-07-04,2026-06-23,Private,Under Observation
2029,135,2025-11-18,2026-07-08,General,Admitted
69,82,2025-03-08,2026-06-14,Emergency,Under Observation
295,168,2025-06-22,2026-07-02,General,Discharged
27,173,2025-03-20,2026-06-14,ICU,Admitted
2885,144,2026-02-17,2026-07-07,ICU,Admitted
2925,137,2025-07-15,2026-06-26,ICU,Under Observation
2601,44,2026-01-07,2026-07-03,Private,Discharged
1243,49,2025-07-12,2026-07-04,ICU,Under Observation
744,141,2025-11-18,2026-06-14,Emergency,Under Observation
2448,60,2026-05-21,2026-06-16,General,Under Observation
315,43,2025-12-22,2026-06-11,ICU,Admitted
1941,135,2025-05-10,2026-06-13,General,Discharged
199,155,2024-12-01,2026-06-12,Private,Discharged
129,124,2026-03-31,2026-07-05,General,Discharged
397,77,2025-01-31,2026-07-08,General,Under Observation
1209,133,2025-02-21,2026-07-02,General,Admitted
2296,31,2025-01-08,2026-06-14,Private,Under Observation
2816,104,2024-12-02,2026-06-27,ICU,Discharged
759,132,2025-09-29,2026-06-10,Private,Discharged
1869,164,2026-02-19,2026-06-17,ICU,Under Observation
2288,190,2025-05-20,2026-07-06,Emergency,Discharged
94,199,2026-03-25,2026-07-08,Private,Discharged
1595,19,2026-01-24,2026-07-06,Emergency,Discharged
1304,184,2025-05-11,2026-06-20,General,Admitted
2200,173,2024-08-18,2026-07-08,ICU,Discharged
1588,122,2026-01-07,2026-06-14,Emergency,Admitted
419,21,2024-07-04,2026-06-17,General,Discharged
945,122,2025-05-13,2026-06-24,General,Admitted
1033,83,2025-04-06,2026-06-15,ICU,Admitted
2662,162,2026-03-05,2026-06-14,ICU,Discharged
1978,156,2025-12-25,2026-06-18,Private,Admitted
1956,79,2024-09-08,2026-06-15,Emergency,Under Observation
2729,146,2025-02-25,2026-06-13,General,Under Observation
1411,101,2025-05-01,2026-06-28,Emergency,Admitted
1378,60,2024-12-26,2026-06-25,General,Discharged
1004,163,2026-03-23,2026-06-25,Emergency,Under Observation
2388,186,2025-12-28,2026-06-27,Emergency,Discharged
2868,23,2024-12-13,2026-07-05,ICU,Under Observation
1347,9,2025-07-25,2026-06-29,ICU,Admitted
2503,147,2024-11-24,2026-07-03,Emergency,Discharged
2605,22,2025-09-23,2026-07-03,ICU,Discharged
1539,53,2025-01-04,2026-06-23,Private,Discharged
111,139,2025-08-06,2026-06-13,Emergency,Discharged
2744,64,2025-11-01,2026-06-11,General,Discharged
1857,41,2024-10-14,2026-06-12,General,Discharged
1229,137,2025-06-18,2026-06-29,Emergency,Under Observation
1370,80,2025-08-30,2026-06-26,Private,Admitted
1252,71,2025-01-12,2026-06-09,ICU,Under Observation
2702,35,2024-07-07,2026-06-15,Private,Discharged
2655,67,2025-03-28,2026-06-30,Private,Under Observation
1155,77,2024-11-02,2026-07-03,Emergency,Admitted
1422,53,2025-08-06,2026-06-09,Private,Discharged
1183,124,2026-04-19,2026-07-05,Emergency,Admitted
1031,178,2024-08-01,2026-06-28,ICU,Discharged
1202,140,2026-03-10,2026-06-20,General,Admitted
2435,95,2025-02-27,2026-07-07,Private,Discharged
2903,49,2024-10-20,2026-06-23,General,Under Observation
2226,174,2026-03-07,2026-07-05,Emergency,Discharged
2312,12,2024-10-30,2026-06-14,Emergency,Discharged
1853,57,2025-12-07,2026-06-18,Private,Admitted
895,179,2025-09-04,2026-06-29,ICU,Admitted
2668,97,2024-09-25,2026-06-24,Emergency,Admitted
1091,18,2026-04-27,2026-06-24,General,Under Observation
2098,131,2026-05-15,2026-06-19,General,Under Observation
1402,112,2025-12-31,2026-06-28,Emergency,Discharged
2275,16,2024-09-08,2026-06-28,General,Discharged
2001,40,2025-06-06,2026-07-01,General,Admitted
395,48,2025-04-23,2026-06-13,ICU,Discharged
123,177,2024-11-17,2026-06-15,Private,Under Observation
2367,74,2025-10-13,2026-06-26,General,Discharged
2343,87,2025-08-28,2026-07-05,Emergency,Discharged
2439,193,2025-06-23,2026-06-18,ICU,Admitted
1140,97,2025-09-05,2026-06-17,Private,Under Observation
197,196,2024-06-30,2026-06-27,Private,Admitted
2704,89,2024-08-31,2026-06-21,Private,Admitted
2563,165,2024-08-06,2026-06-13,Private,Discharged
785,69,2026-05-20,2026-06-09,Private,Admitted
2085,35,2025-11-26,2026-06-26,ICU,Discharged
52,123,2026-03-22,2026-06-27,ICU,Discharged
102,184,2026-01-22,2026-06-12,General,Under Observation
511,187,2025-01-16,2026-06-09,Private,Admitted
1246,84,2025-09-04,2026-06-28,Emergency,Admitted
2517,194,2025-09-17,2026-07-05,General,Under Observation
1284,153,2025-02-03,2026-07-01,Private,Admitted
129,80,2025-04-30,2026-06-18,ICU,Under Observation
930,76,2026-05-24,2026-06-09,ICU,Under Observation
1540,10,2024-10-31,2026-06-14,General,Under Observation
1070,124,2025-06-29,2026-07-06,Private,Discharged
2253,190,2025-08-07,2026-06-10,ICU,Discharged
268,70,2025-10-28,2026-06-22,ICU,Admitted
726,181,2025-01-10,2026-07-06,ICU,Under Observation
2383,70,2025-09-13,2026-06-18,Private,Under Observation
1574,60,2025-05-30,2026-06-17,ICU,Under Observation
312,76,2024-09-21,2026-06-20,ICU,Under Observation
1718,178,2024-08-12,2026-06-14,ICU,Under Observation
1392,177,2026-01-27,2026-06-21,Emergency,Under Observation
2205,66,2025-08-13,2026-07-08,Private,Under Observation
1214,69,2025-11-16,2026-06-26,Private,Discharged
1709,194,2024-08-01,2026-06-13,Private,Discharged
1386,27,2025-04-27,2026-06-12,Emergency,Admitted
1365,30,2026-02-15,2026-06-27,ICU,Admitted
800,85,2025-05-15,2026-06-25,Emergency,Discharged
820,98,2025-10-20,2026-06-24,ICU,Admitted
2048,46,2025-10-14,2026-06-28,Emergency,Under Observation
223,140,2025-04-04,2026-06-11,Emergency,Discharged
1382,152,2025-10-31,2026-07-07,Emergency,Discharged
2479,151,2026-02-03,2026-06-09,Emergency,Admitted
2541,60,2025-08-14,2026-06-22,Private,Discharged
2704,170,2025-11-19,2026-06-28,ICU,Discharged
2128,45,2024-09-20,2026-07-08,General,Discharged
306,171,2025-09-20,2026-06-23,General,Admitted
2537,65,2026-06-02,2026-06-18,General,Under Observation
952,141,2025-06-05,2026-07-04,Emergency,Discharged
1769,99,2024-07-16,2026-07-05,General,Discharged
1539,197,2024-08-17,2026-06-21,Emergency,Under Observation
2494,191,2026-05-04,2026-07-04,Emergency,Discharged
2982,69,2026-06-05,2026-06-30,Emergency,Admitted
1248,50,2024-10-19,2026-06-26,Private,Admitted
2099,60,2025-12-11,2026-06-27,General,Discharged
2415,71,2025-05-15,2026-06-18,Emergency,Under Observation
1107,20,2025-04-30,2026-06-25,ICU,Admitted
852,137,2026-02-02,2026-06-11,ICU,Discharged
940,96,2025-06-30,2026-06-16,General,Under Observation
1060,172,2025-01-21,2026-06-10,General,Discharged
2851,163,2025-11-07,2026-07-05,Emergency,Under Observation
1556,90,2024-09-22,2026-07-03,ICU,Under Observation
2287,95,2025-01-19,2026-06-24,ICU,Discharged
285,51,2025-10-12,2026-06-11,ICU,Discharged
4,140,2025-03-22,2026-06-14,Private,Under Observation
2967,132,2025-07-24,2026-06-09,ICU,Under Observation
1295,150,2025-02-04,2026-06-14,Emergency,Admitted
698,195,2024-12-21,2026-06-26,General,Discharged
1619,166,2025-07-12,2026-06-17,General,Discharged
1448,32,2025-03-12,2026-07-04,Emergency,Discharged
1847,125,2024-06-20,2026-06-27,Emergency,Under Observation
728,130,2024-09-05,2026-06-11,Private,Under Observation
2111,161,2026-05-11,2026-06-23,ICU,Admitted
1258,178,2025-10-27,2026-06-09,Emergency,Discharged
143,171,2025-06-23,2026-06-28,General,Under Observation
1896,102,2025-06-19,2026-06-09,General,Admitted
634,95,2024-06-24,2026-06-09,General,Under Observation
580,61,2024-09-14,2026-06-10,ICU,Under Observation
2025,139,2025-04-22,2026-06-17,General,Discharged
1524,2,2025-02-21,2026-06-27,Private,Discharged
1569,133,2025-03-30,2026-06-25,General,Discharged
1307,50,2024-07-07,2026-06-18,Emergency,Under Observation
2499,13,2025-11-03,2026-07-05,Emergency,Admitted
911,193,2025-12-01,2026-06-27,ICU,Discharged
1802,145,2025-04-15,2026-06-25,Emergency,Admitted
271,187,2026-03-26,2026-07-03,General,Admitted
584,114,2025-05-26,2026-06-11,General,Discharged
1003,41,2025-03-06,2026-06-29,Emergency,Under Observation
2409,92,2026-04-12,2026-06-25,General,Under Observation
144,34,2025-09-11,2026-06-20,ICU,Under Observation
374,36,2025-09-12,2026-06-10,Private,Discharged
1297,104,2026-03-26,2026-06-11,General,Under Observation
841,17,2024-07-04,2026-06-18,General,Admitted
1410,89,2025-06-14,2026-06-27,ICU,Under Observation
2888,125,2025-11-14,2026-06-28,General,Admitted
1233,6,2025-01-10,2026-07-01,General,Under Observation
91,72,2025-08-27,2026-07-06,General,Discharged
1880,87,2026-03-25,2026-06-09,General,Under Observation
1698,62,2026-05-11,2026-06-30,General,Under Observation
1444,30,2024-10-30,2026-06-12,Emergency,Discharged
1346,131,2025-03-08,2026-07-08,Emergency,Under Observation
1376,105,2025-04-13,2026-06-18,Emergency,Admitted
2863,168,2026-05-21,2026-07-07,General,Admitted
2404,24,2026-03-13,2026-06-30,ICU,Admitted
2452,116,2026-05-06,2026-07-05,General,Under Observation
1212,178,2024-09-08,2026-06-09,ICU,Admitted
2617,59,2025-08-12,2026-06-11,Emergency,Under Observation
2082,175,2025-04-30,2026-06-26,General,Admitted
1661,167,2025-04-10,2026-06-23,ICU,Under Observation
2475,167,2026-04-13,2026-06-20,Emergency,Discharged
679,45,2026-02-13,2026-06-29,Private,Under Observation
289,160,2026-03-21,2026-06-22,General,Under Observation
1953,155,2025-08-27,2026-07-07,Emergency,Admitted
2378,157,2024-09-07,2026-07-06,Emergency,Discharged
1850,30,2024-06-16,2026-06-17,ICU,Admitted
1501,174,2026-05-09,2026-06-14,General,Under Observation
113,162,2026-04-11,2026-07-01,Emergency,Discharged
2510,161,2025-05-15,2026-06-17,ICU,Admitted
2163,86,2024-08-29,2026-07-02,Emergency,Under Observation
119,124,2025-11-27,2026-06-28,Private,Admitted
371,25,2026-05-22,2026-06-11,General,Admitted
1503,84,2025-01-17,2026-07-02,Private,Discharged
725,160,2024-07-16,2026-07-01,Private,Under Observation
1437,142,2025-04-12,2026-06-14,ICU,Admitted
2997,50,2025-10-26,2026-07-06,Emergency,Under Observation
2448,157,2026-04-09,2026-06-12,ICU,Discharged
1717,200,2024-12-09,2026-06-15,Emergency,Admitted
760,123,2025-05-09,2026-06-09,Emergency,Discharged
262,12,2025-10-18,2026-07-03,Emergency,Discharged
1993,186,2026-01-14,2026-06-27,Private,Discharged
2740,164,2024-06-26,2026-06-29,General,Under Observation
384,52,2026-05-25,2026-07-05,Emergency,Admitted
191,91,2024-07-03,2026-06-27,Private,Admitted
301,3,2024-12-19,2026-06-12,Emergency,Discharged
1371,175,2024-07-26,2026-06-30,Private,Discharged
578,195,2025-10-29,2026-07-03,ICU,Admitted
2174,49,2025-10-24,2026-06-18,Emergency,Admitted
2489,27,2025-01-17,2026-06-25,ICU,Discharged
1023,55,2026-01-26,2026-06-22,Private,Discharged
1993,137,2025-11-10,2026-06-14,General,Under Observation
2293,160,2024-11-02,2026-07-07,ICU,Under Observation
1338,11,2025-07-12,2026-07-07,Emergency,Discharged
1052,159,2025-04-17,2026-06-26,Private,Discharged
694,179,2025-05-07,2026-06-10,Private,Under Observation
153,57,2024-08-21,2026-06-16,General,Under Observation
2233,148,2026-04-15,2026-06-24,ICU,Under Observation
2644,65,2024-11-17,2026-06-10,ICU,Discharged
1872,189,2024-12-19,2026-06-23,ICU,Under Observation
1686,39,2026-05-07,2026-06-11,Emergency,Discharged
1821,67,2025-02-16,2026-07-05,Emergency,Under Observation
1857,102,2025-04-15,2026-06-20,ICU,Discharged
1070,26,2024-06-21,2026-07-02,General,Under Observation
2911,59,2025-11-26,2026-06-28,Emergency,Under Observation
1778,146,2025-12-10,2026-07-05,Private,Under Observation
2246,152,2024-07-30,2026-06-13,General,Admitted
1263,123,2025-08-29,2026-06-25,Private,Admitted
156,40,2025-12-20,2026-06-17,ICU,Discharged
2282,1,2024-12-05,2026-06-20,Emergency,Discharged
1295,28,2024-10-17,2026-06-09,Emergency,Admitted
996,116,2026-01-13,2026-06-20,Emergency,Admitted
1169,111,2025-11-26,2026-07-05,General,Under Observation
1537,121,2024-07-15,2026-06-25,Private,Under Observation
11,76,2025-07-16,2026-06-25,ICU,Discharged
1778,190,2025-07-11,2026-06-11,General,Under Observation
2460,112,2024-12-04,2026-06-18,General,Admitted
1374,171,2025-01-07,2026-07-02,ICU,Under Observation
646,150,2025-08-23,2026-06-20,ICU,Under Observation
2908,151,2026-04-30,2026-07-07,ICU,Admitted
2369,72,2025-04-01,2026-06-19,ICU,Discharged
1677,166,2024-08-29,2026-06-29,General,Under Observation
1558,167,2025-08-06,2026-06-20,Emergency,Admitted
2938,92,2026-05-16,2026-06-25,Private,Discharged
1919,36,2025-02-08,2026-06-25,General,Discharged
533,69,2024-07-07,2026-06-15,Private,Admitted
789,106,2025-07-13,2026-07-07,Private,Discharged
1216,50,2026-05-28,2026-06-13,Private,Under Observation
622,136,2025-12-22,2026-06-13,Emergency,Discharged
748,188,2026-01-21,2026-06-16,Emergency,Admitted
2904,27,2025-10-05,2026-07-02,Emergency,Admitted
1549,17,2025-02-15,2026-06-14,General,Discharged
529,2,2025-12-15,2026-06-26,ICU,Admitted
11,199,2024-09-04,2026-06-17,Emergency,Discharged
1999,51,2025-09-13,2026-06-10,Emergency,Discharged
227,114,2025-10-05,2026-07-03,ICU,Discharged
1358,194,2026-01-24,2026-06-21,Emergency,Admitted
82,52,2024-09-04,2026-06-09,General,Discharged
2571,165,2025-08-25,2026-06-28,Emergency,Discharged
1851,146,2025-01-23,2026-07-07,ICU,Admitted
123,167,2025-03-22,2026-06-09,General,Discharged
1413,84,2026-01-28,2026-06-11,General,Under Observation
1052,4,2026-01-07,2026-06-14,Emergency,Under Observation
2159,41,2024-12-13,2026-06-15,General,Discharged
858,25,2025-02-26,2026-06-20,Emergency,Admitted
796,71,2025-07-22,2026-07-06,General,Admitted
882,33,2024-06-22,2026-06-28,Emergency,Admitted
2999,171,2024-07-05,2026-07-07,Emergency,Admitted
828,65,2025-12-24,2026-06-15,General,Admitted
1483,64,2025-12-18,2026-06-26,Emergency,Discharged
1161,77,2026-04-06,2026-06-10,Private,Under Observation
460,149,2025-05-11,2026-07-06,ICU,Discharged
1890,117,2026-03-30,2026-07-04,Emergency,Admitted
1934,51,2026-01-27,2026-07-04,ICU,Discharged
1679,12,2024-10-29,2026-06-30,General,Under Observation
2226,4,2025-09-12,2026-06-29,Private,Under Observation
2203,80,2024-10-02,2026-06-19,ICU,Discharged
2879,2,2025-11-10,2026-06-12,Private,Under Observation
2938,144,2025-11-15,2026-06-18,ICU,Discharged
1432,194,2025-06-23,2026-07-04,Private,Discharged
1611,15,2025-01-14,2026-06-15,ICU,Discharged
2237,151,2025-10-23,2026-06-09,Private,Admitted
1664,163,2026-01-06,2026-06-21,General,Under Observation
2254,69,2025-01-27,2026-06-17,General,Discharged
2168,60,2025-04-22,2026-07-03,General,Discharged
2583,68,2025-06-11,2026-06-12,General,Under Observation
2868,195,2024-06-11,2026-06-29,Emergency,Under Observation
2655,72,2025-04-19,2026-06-10,ICU,Discharged
130,10,2024-09-09,2026-07-06,Private,Admitted
1819,64,2025-06-06,2026-07-07,Private,Discharged
1583,157,2024-08-25,2026-06-15,Private,Discharged
1426,1,2025-07-31,2026-06-13,General,Admitted
305,30,2026-04-11,2026-06-18,ICU,Under Observation
470,54,2024-08-01,2026-06-28,ICU,Discharged
1389,82,2026-05-20,2026-07-03,ICU,Under Observation
277,45,2026-01-22,2026-06-16,General,Under Observation
1944,194,2024-11-30,2026-06-19,ICU,Admitted
2729,64,2025-03-17,2026-06-27,Emergency,Admitted
2682,76,2025-04-09,2026-06-28,Private,Discharged
1579,174,2024-12-12,2026-07-07,Emergency,Admitted
646,174,2025-06-07,2026-06-25,Private,Under Observation
2990,181,2025-10-31,2026-06-13,Private,Discharged
2144,146,2024-08-26,2026-06-14,Private,Discharged
995,78,2024-10-24,2026-06-26,Emergency,Admitted
2320,87,2025-01-01,2026-06-13,Emergency,Discharged
1757,66,2026-04-04,2026-06-20,Emergency,Under Observation
1444,2,2025-06-20,2026-06-12,ICU,Discharged
35,157,2026-03-01,2026-07-07,ICU,Discharged
2890,179,2025-01-06,2026-06-11,Private,Admitted
581,5,2024-07-11,2026-06-25,Private,Admitted
2625,164,2025-12-13,2026-06-26,General,Under Observation
107,125,2024-07-07,2026-06-17,Private,Admitted
1939,101,2024-11-10,2026-07-08,General,Admitted
2881,109,2024-06-11,2026-06-16,Private,Admitted
2938,21,2025-08-02,2026-06-10,Emergency,Under Observation
834,159,2024-09-24,2026-06-09,ICU,Discharged
2519,131,2025-12-01,2026-06-22,ICU,Discharged
2446,150,2024-07-30,2026-06-23,ICU,Discharged
2409,21,2026-03-01,2026-06-16,Emergency,Discharged
371,54,2025-12-05,2026-06-09,General,Under Observation
1380,2,2025-08-01,2026-06-27,General,Discharged
2268,29,2024-11-05,2026-06-09,Private,Under Observation
2560,24,2026-02-20,2026-06-17,General,Under Observation
1665,127,2025-03-14,2026-06-27,Private,Discharged
2644,136,2025-03-05,2026-07-07,General,Admitted
1497,192,2025-01-22,2026-06-09,ICU,Admitted
1916,111,2024-08-21,2026-06-30,ICU,Discharged
2729,171,2024-06-12,2026-06-17,Private,Under Observation
1291,158,2025-04-14,2026-06-20,Private,Discharged
2968,9,2025-10-18,2026-07-05,Emergency,Under Observation
2113,163,2025-11-14,2026-06-20,Private,Admitted
2191,166,2025-12-26,2026-06-18,General,Under Observation
2570,162,2024-10-30,2026-06-09,ICU,Discharged
1808,172,2025-12-25,2026-07-06,Private,Discharged
1724,89,2026-04-21,2026-06-14,ICU,Admitted
901,139,2025-11-17,2026-06-14,Emergency,Under Observation
2578,170,2024-09-23,2026-06-25,ICU,Discharged
910,51,2024-11-20,2026-06-11,ICU,Under Observation
1214,175,2025-05-17,2026-06-19,ICU,Admitted
2420,64,2024-09-24,2026-06-27,General,Under Observation
1642,181,2025-04-16,2026-06-12,Private,Under Observation
366,128,2026-06-03,2026-07-04,Private,Discharged
1089,107,2024-10-28,2026-07-03,ICU,Admitted
2140,31,2025-11-05,2026-07-05,Private,Discharged
1211,188,2025-03-28,2026-07-02,Emergency,Discharged
2807,82,2025-09-03,2026-06-21,Emergency,Under Observation
1122,111,2025-09-08,2026-06-18,ICU,Discharged
736,75,2026-03-12,2026-06-17,ICU,Admitted
306,1,2025-04-19,2026-06-29,Private,Discharged
2713,1,2024-10-13,2026-06-10,General,Under Observation
61,200,2025-12-07,2026-06-09,General,Discharged
2775,104,2025-10-19,2026-06-22,General,Discharged
1920,58,2026-03-14,2026-06-22,Private,Under Observation
443,5,2024-09-10,2026-06-30,Emergency,Under Observation
2378,138,2025-08-11,2026-06-26,Emergency,Discharged
2211,10,2024-06-23,2026-06-19,General,Under Observation
898,56,2024-10-17,2026-06-23,Private,Discharged
177,7,2025-05-21,2026-06-13,General,Admitted
79,111,2025-11-26,2026-06-29,Private,Discharged
2782,96,2026-06-07,2026-06-16,General,Discharged
1217,111,2025-07-22,2026-06-25,General,Discharged
1740,183,2024-12-11,2026-06-12,General,Under Observation
2086,81,2024-10-03,2026-06-27,Emergency,Under Observation
2007,192,2024-11-20,2026-06-26,Private,Admitted
2237,179,2026-01-24,2026-06-24,General,Discharged
548,131,2024-07-07,2026-06-29,Private,Discharged
71,175,2026-06-05,2026-07-05,ICU,Admitted
2238,80,2025-07-22,2026-07-05,General,Discharged
2436,100,2026-04-23,2026-06-12,Private,Discharged
545,132,2024-10-19,2026-06-24,ICU,Admitted
2573,73,2024-12-30,2026-06-09,ICU,Admitted
909,22,2025-11-23,2026-06-28,Emergency,Discharged
2240,134,2024-07-06,2026-07-08,General,Under Observation
546,39,2025-06-08,2026-06-28,Emergency,Admitted
287,51,2025-09-14,2026-07-02,General,Under Observation
1392,64,2025-05-10,2026-07-04,General,Admitted
1861,67,2026-02-26,2026-07-05,ICU,Discharged
467,131,2025-02-11,2026-06-10,General,Discharged
1269,111,2025-10-31,2026-06-24,Private,Admitted
2836,174,2025-08-16,2026-06-23,Emergency,Admitted
2777,185,2026-03-06,2026-06-09,Private,Under Observation
1045,57,2026-01-06,2026-06-22,General,Under Observation
1049,168,2026-05-11,2026-06-18,Private,Under Observation
880,1,2025-10-18,2026-06-30,ICU,Under Observation
1573,56,2025-02-26,2026-07-05,Private,Discharged
1227,2,2025-05-12,2026-06-27,General,Admitted
1244,96,2026-06-06,2026-06-25,Emergency,Discharged
516,36,2025-11-13,2026-06-20,Emergency,Admitted
1811,129,2025-01-28,2026-06-29,Emergency,Discharged
1748,199,2024-08-30,2026-07-02,General,Discharged
2698,193,2025-04-10,2026-06-26,Private,Under Observation
2960,137,2026-01-23,2026-06-23,Private,Under Observation
2341,94,2025-08-01,2026-06-13,ICU,Discharged
1741,123,2025-08-15,2026-06-21,ICU,Under Observation
509,166,2026-05-23,2026-06-21,ICU,Discharged
1550,93,2025-04-25,2026-06-23,General,Discharged
13,175,2025-04-20,2026-06-27,Private,Admitted
2102,119,2025-08-24,2026-07-01,Emergency,Admitted
1840,40,2025-02-02,2026-07-05,Emergency,Admitted
534,67,2025-07-14,2026-06-18,General,Admitted
1854,60,2025-01-31,2026-06-22,General,Admitted
2874,40,2024-07-15,2026-06-18,Emergency,Under Observation
2844,84,2026-04-10,2026-06-23,ICU,Admitted
2824,149,2026-02-28,2026-07-07,General,Discharged
877,119,2025-01-15,2026-06-18,General,Discharged
2088,47,2025-01-31,2026-06-25,General,Under Observation
2925,112,2026-04-29,2026-07-08,Emergency,Admitted
2407,25,2025-06-22,2026-06-24,General,Admitted
3,65,2025-11-22,2026-06-28,General,Under Observation
2724,191,2025-12-26,2026-06-27,Emergency,Under Observation
1027,92,2025-07-08,2026-06-16,ICU,Discharged
765,37,2026-04-26,2026-06-13,Emergency,Under Observation
2704,168,2025-09-25,2026-06-14,Private,Admitted
439,161,2024-12-30,2026-07-02,Private,Admitted
203,144,2026-02-12,2026-06-11,Emergency,Discharged
2957,11,2026-04-05,2026-06-21,ICU,Admitted
2355,58,2025-07-07,2026-06-13,General,Admitted
1835,50,2025-10-28,2026-06-20,Emergency,Under Observation
2296,146,2025-10-08,2026-06-19,Emergency,Under Observation
1336,132,2025-10-11,2026-06-16,Private,Discharged
694,44,2026-03-28,2026-06-16,General,Discharged
2093,191,2025-03-15,2026-06-13,General,Discharged
1197,49,2026-01-25,2026-06-24,Emergency,Admitted
2014,59,2025-12-08,2026-06-12,ICU,Discharged
2582,72,2025-02-04,2026-07-03,General,Under Observation
2531,65,2024-09-09,2026-06-20,Emergency,Discharged
420,41,2024-12-15,2026-06-10,ICU,Admitted
1615,101,2025-07-09,2026-06-29,Emergency,Under Observation
1388,7,2025-12-13,2026-06-26,Private,Discharged
2430,60,2025-05-05,2026-06-19,Private,Under Observation
517,95,2024-08-18,2026-07-08,ICU,Under Observation
2742,74,2025-03-17,2026-06-10,Emergency,Under Observation
2492,178,2024-07-25,2026-06-17,Private,Under Observation
1142,185,2026-01-10,2026-06-17,General,Under Observation
1152,85,2025-12-25,2026-07-01,Private,Under Observation
2535,29,2026-04-14,2026-06-22,Private,Admitted
320,190,2024-10-06,2026-06-11,General,Admitted
4,87,2025-10-02,2026-06-10,Emergency,Admitted
1167,138,2024-08-24,2026-07-05,ICU,Discharged
1558,107,2024-06-08,2026-07-01,General,Admitted
1159,197,2025-02-24,2026-06-14,Private,Discharged
2000,181,2026-05-04,2026-06-25,ICU,Discharged
1101,105,2025-11-20,2026-06-20,Private,Discharged
1744,114,2026-02-11,2026-06-24,ICU,Admitted
299,163,2026-03-19,2026-06-11,Emergency,Under Observation
2619,62,2025-07-10,2026-07-04,Emergency,Admitted
771,154,2025-10-16,2026-06-21,Private,Admitted
636,158,2024-08-24,2026-06-17,ICU,Admitted
2577,96,2025-08-10,2026-06-25,General,Discharged
2514,58,2025-04-03,2026-06-28,ICU,Discharged
2911,183,2025-09-19,2026-06-15,Emergency,Under Observation
81,53,2025-05-17,2026-07-02,Private,Admitted
874,126,2024-07-10,2026-06-15,Emergency,Discharged
2870,61,2025-01-29,2026-06-27,Private,Under Observation
1230,146,2026-04-14,2026-06-10,ICU,Under Observation
526,33,2025-09-30,2026-06-18,Emergency,Discharged
2557,62,2025-08-15,2026-06-12,Private,Discharged
1116,89,2025-01-11,2026-06-27,Private,Under Observation
2237,141,2025-10-14,2026-06-22,General,Under Observation
214,63,2025-12-09,2026-06-12,ICU,Under Observation
936,73,2025-05-21,2026-07-07,General,Discharged
1686,149,2025-01-03,2026-06-11,ICU,Discharged
254,45,2025-04-01,2026-07-07,General,Admitted
2811,88,2025-11-10,2026-06-15,ICU,Under Observation
1994,127,2025-07-30,2026-06-11,ICU,Discharged
2889,4,2024-08-09,2026-06-22,Emergency,Discharged
145,5,2025-08-18,2026-06-11,General,Admitted
511,72,2025-01-01,2026-07-05,General,Admitted
1901,86,2026-03-24,2026-06-22,ICU,Admitted
1611,44,2025-08-09,2026-07-08,General,Admitted
2401,152,2025-07-01,2026-06-25,Private,Under Observation
2417,1,2025-11-13,2026-07-06,Emergency,Under Observation
1757,161,2025-03-02,2026-07-03,Emergency,Admitted
2769,93,2024-06-21,2026-06-17,Emergency,Under Observation
899,104,2025-01-27,2026-07-08,Private,Admitted
1152,9,2025-10-13,2026-06-28,Emergency,Under Observation
146,77,2024-06-29,2026-06-13,General,Discharged
161,16,2024-12-18,2026-06-28,Private,Under Observation
2225,168,2024-10-31,2026-06-23,Private,Admitted
2911,57,2026-05-20,2026-07-08,Emergency,Discharged
2664,19,2025-02-19,2026-06-14,Emergency,Under Observation
1377,73,2026-04-25,2026-06-19,ICU,Discharged
2575,30,2024-09-08,2026-06-27,Private,Admitted
971,83,2024-10-21,2026-06-19,Private,Discharged
1935,190,2026-03-20,2026-06-29,Private,Admitted
2688,33,2024-09-12,2026-06-21,Private,Admitted
153,130,2026-05-11,2026-06-09,General,Admitted
1783,100,2025-05-18,2026-06-29,ICU,Admitted
461,184,2024-07-17,2026-07-01,General,Admitted
107,93,2025-05-19,2026-07-04,General,Discharged
861,156,2024-11-19,2026-06-25,General,Admitted
1255,47,2026-04-02,2026-07-01,Emergency,Admitted
505,105,2024-11-09,2026-06-20,ICU,Under Observation
399,28,2025-04-17,2026-06-11,Emergency,Discharged
1452,88,2024-09-11,2026-07-08,ICU,Admitted
865,13,2025-08-07,2026-07-03,General,Admitted
535,23,2024-06-12,2026-07-02,ICU,Admitted
1667,73,2024-09-05,2026-07-08,Emergency,Discharged
2122,123,2025-01-22,2026-06-29,ICU,Discharged
437,102,2025-08-15,2026-06-14,Private,Under Observation
856,59,2025-02-03,2026-07-08,Emergency,Discharged
2874,135,2024-08-10,2026-07-03,Private,Admitted
1245,32,2025-12-12,2026-06-28,General,Under Observation
222,184,2025-06-26,2026-06-26,ICU,Admitted
2028,165,2025-08-11,2026-06-23,Emergency,Discharged
2467,111,2025-03-13,2026-07-05,General,Discharged
39,3,2024-08-03,2026-07-05,Private,Discharged
2300,60,2026-03-20,2026-07-01,Private,Discharged
2989,11,2026-04-14,2026-06-20,General,Discharged
1735,45,2025-10-04,2026-06-30,Private,Discharged
2133,152,2025-10-30,2026-06-22,ICU,Discharged
2225,177,2026-02-18,2026-06-26,General,Discharged
2720,43,2025-05-18,2026-06-12,ICU,Discharged
1105,149,2024-06-29,2026-06-18,ICU,Under Observation
824,21,2025-01-22,2026-07-04,ICU,Under Observation
1736,107,2025-01-12,2026-06-25,General,Under Observation
1010,16,2025-03-14,2026-06-20,Emergency,Under Observation
2801,67,2025-11-04,2026-06-09,Emergency,Under Observation
2867,190,2025-10-17,2026-07-04,General,Under Observation
805,195,2026-03-21,2026-07-02,Emergency,Discharged
854,108,2026-04-17,2026-07-01,Private,Discharged
227,45,2025-06-23,2026-06-28,Emergency,Admitted
1293,144,2024-07-17,2026-06-16,Emergency,Discharged
2906,30,2025-03-18,2026-07-07,Emergency,Under Observation
2102,63,2025-06-17,2026-06-15,Emergency,Under Observation
1562,54,2024-08-30,2026-06-10,Private,Under Observation
1752,187,2025-09-17,2026-07-06,Private,Discharged
1083,95,2025-04-11,2026-07-08,General,Under Observation
438,107,2025-01-28,2026-07-08,Private,Admitted
1890,55,2025-05-04,2026-06-10,General,Admitted
575,174,2025-10-22,2026-06-10,General,Discharged
2302,12,2024-10-17,2026-06-14,General,Admitted
198,150,2026-05-20,2026-07-03,Private,Under Observation
600,145,2026-05-10,2026-06-20,Private,Under Observation
1721,50,2025-11-04,2026-06-19,Private,Admitted
2224,198,2025-04-24,2026-06-20,ICU,Discharged
2304,68,2025-07-08,2026-06-29,ICU,Under Observation
2349,87,2025-03-11,2026-06-20,Private,Admitted
2574,49,2024-08-18,2026-06-26,Emergency,Admitted
299,22,2025-03-08,2026-06-28,Emergency,Admitted
1776,198,2024-12-06,2026-06-20,Emergency,Under Observation
125,50,2024-09-19,2026-06-19,General,Admitted
2925,45,2025-11-23,2026-06-21,Emergency,Discharged
1731,18,2025-07-02,2026-07-06,Private,Discharged
1182,182,2024-12-19,2026-06-18,General,Discharged
1833,25,2025-01-12,2026-07-08,ICU,Admitted
399,5,2025-05-04,2026-06-12,General,Under Observation
1360,94,2024-12-25,2026-07-02,ICU,Admitted
1006,180,2026-02-28,2026-06-20,Emergency,Admitted
2737,16,2024-10-24,2026-06-24,Private,Admitted
1219,177,2025-09-14,2026-06-30,General,Under Observation
2915,10,2025-07-17,2026-07-01,ICU,Under Observation
997,10,2024-06-23,2026-06-14,Private,Under Observation
2512,42,2026-02-15,2026-07-01,Emergency,Discharged
2087,165,2025-12-07,2026-06-17,ICU,Discharged
1394,147,2026-04-23,2026-06-30,Private,Discharged
2378,4,2025-04-22,2026-07-07,Private,Discharged
2286,151,2026-02-07,2026-06-28,Private,Discharged
460,191,2026-05-24,2026-06-22,General,Under Observation
2311,126,2026-05-21,2026-07-03,Emergency,Discharged
1787,160,2026-05-02,2026-06-28,Emergency,Discharged
1959,63,2026-04-23,2026-06-27,Emergency,Discharged
11,190,2025-10-12,2026-06-21,ICU,Under Observation
2217,40,2024-11-08,2026-06-14,Emergency,Admitted
79,128,2026-01-06,2026-06-10,General,Discharged
452,121,2024-08-16,2026-07-04,Private,Under Observation
1869,173,2025-03-27,2026-07-08,Emergency,Admitted
2039,90,2025-08-08,2026-07-02,Private,Under Observation
56,27,2025-12-17,2026-06-28,Private,Discharged
566,35,2025-09-27,2026-06-19,Private,Admitted
1962,57,2024-08-06,2026-06-09,Emergency,Discharged
2382,99,2025-08-09,2026-06-12,General,Under Observation
1642,100,2024-10-08,2026-06-30,Private,Admitted
456,7,2025-05-28,2026-06-22,Private,Under Observation
2124,8,2025-02-04,2026-07-05,General,Admitted
2796,98,2026-05-29,2026-07-04,General,Admitted
2660,96,2025-03-29,2026-06-25,Emergency,Discharged
2072,42,2024-09-30,2026-06-13,ICU,Admitted
2544,194,2026-04-22,2026-06-15,Emergency,Admitted
2965,25,2024-10-22,2026-06-23,ICU,Under Observation
1041,42,2025-12-18,2026-06-14,ICU,Discharged
1984,26,2026-04-13,2026-06-13,ICU,Under Observation
1593,199,2026-02-04,2026-06-19,Emergency,Under Observation
2716,154,2025-11-12,2026-07-06,Emergency,Under Observation
1629,193,2025-10-22,2026-06-19,General,Admitted
1825,22,2025-12-01,2026-06-14,ICU,Admitted
2981,14,2024-06-13,2026-06-13,ICU,Discharged
2836,114,2025-03-26,2026-06-09,Emergency,Under Observation
1497,129,2024-07-31,2026-06-16,Emergency,Discharged
2927,127,2025-10-05,2026-06-20,Private,Under Observation
1990,119,2025-01-05,2026-06-30,ICU,Discharged
305,10,2025-03-12,2026-06-09,Private,Discharged
1994,46,2026-03-26,2026-07-04,Emergency,Admitted
301,115,2026-02-21,2026-06-09,ICU,Admitted
1225,30,2024-12-22,2026-06-25,ICU,Discharged
2211,83,2025-06-27,2026-06-19,ICU,Admitted
493,58,2025-06-28,2026-06-21,Private,Admitted
383,54,2026-01-02,2026-07-08,Private,Under Observation
1533,58,2025-12-26,2026-06-13,Emergency,Admitted
2841,138,2025-12-07,2026-07-04,Private,Under Observation
1285,173,2025-04-26,2026-06-23,ICU,Discharged
111,136,2025-03-13,2026-06-29,Private,Under Observation
2893,30,2025-09-19,2026-07-07,Private,Discharged
2064,79,2024-08-07,2026-06-09,General,Admitted
955,90,2024-09-02,2026-06-14,ICU,Under Observation
1987,29,2026-04-03,2026-06-14,Emergency,Under Observation
442,128,2026-01-05,2026-07-05,General,Under Observation
1537,74,2025-02-18,2026-06-25,Emergency,Admitted
1735,102,2024-09-15,2026-06-30,General,Under Observation
1513,53,2025-03-09,2026-07-01,ICU,Discharged
821,23,2024-06-13,2026-06-23,Emergency,Under Observation
2615,74,2024-08-12,2026-06-20,ICU,Under Observation
834,128,2025-05-06,2026-07-02,Private,Admitted
2476,175,2024-10-14,2026-06-19,General,Discharged
2543,155,2024-08-09,2026-07-04,ICU,Admitted
189,95,2025-09-06,2026-06-09,ICU,Admitted
443,148,2024-09-06,2026-06-17,Emergency,Discharged
1669,73,2024-10-25,2026-07-03,Private,Under Observation
2493,38,2025-03-13,2026-06-28,ICU,Discharged
2204,176,2026-02-04,2026-06-29,Private,Discharged
2855,63,2025-06-04,2026-06-27,General,Admitted
2082,188,2025-02-28,2026-06-28,ICU,Admitted
2662,31,2024-11-28,2026-06-14,General,Admitted
930,70,2025-06-05,2026-06-20,ICU,Discharged
2891,48,2025-03-18,2026-06-24,Emergency,Under Observation
1598,40,2024-07-11,2026-06-29,General,Under Observation
1744,95,2024-09-18,2026-06-29,Private,Under Observation
563,115,2025-09-15,2026-07-08,ICU,Under Observation
705,61,2025-11-08,2026-06-12,Emergency,Discharged
2728,119,2024-09-03,2026-07-06,Private,Under Observation
512,77,2024-09-20,2026-07-05,Emergency,Admitted
108,22,2026-01-05,2026-06-30,Emergency,Under Observation
220,65,2025-03-18,2026-06-13,Private,Discharged
2153,178,2025-02-19,2026-06-19,General,Discharged
287,107,2025-09-05,2026-06-27,ICU,Discharged
2718,87,2025-08-18,2026-06-26,General,Discharged
2377,181,2025-01-25,2026-06-23,General,Admitted
2529,97,2025-03-04,2026-06-15,ICU,Discharged
2625,148,2025-06-23,2026-06-27,General,Discharged
1658,78,2024-06-10,2026-06-16,General,Admitted
1425,121,2025-03-25,2026-07-04,ICU,Discharged
2143,8,2025-07-12,2026-07-06,Private,Discharged
2977,49,2026-03-26,2026-06-14,Private,Under Observation
1669,126,2026-04-04,2026-06-16,Emergency,Under Observation
836,57,2024-07-15,2026-06-24,ICU,Discharged
2370,187,2025-10-13,2026-06-13,Emergency,Discharged
2935,69,2025-01-12,2026-06-27,General,Discharged
2244,145,2026-04-08,2026-06-24,General,Discharged
546,101,2025-05-18,2026-06-11,Emergency,Discharged
1289,108,2026-02-09,2026-07-03,Private,Under Observation
1260,29,2025-03-05,2026-06-13,General,Admitted
2670,42,2025-09-08,2026-07-05,ICU,Admitted
2688,6,2025-03-31,2026-07-05,ICU,Discharged
1808,141,2025-09-18,2026-06-20,General,Admitted
1214,158,2025-01-22,2026-06-10,Private,Admitted
652,35,2025-01-12,2026-06-11,ICU,Admitted
2367,1,2025-02-18,2026-07-02,Private,Under Observation
1062,25,2025-09-03,2026-06-21,General,Under Observation
2694,137,2025-07-23,2026-06-20,General,Discharged
2130,66,2024-11-12,2026-06-30,ICU,Discharged
2244,78,2024-07-17,2026-06-30,Emergency,Admitted
1302,39,2024-09-13,2026-06-22,ICU,Admitted
2816,61,2025-06-11,2026-06-27,ICU,Under Observation
2036,121,2024-08-24,2026-06-12,ICU,Under Observation
607,184,2025-06-24,2026-07-03,Private,Admitted
1333,17,2025-02-03,2026-07-05,Private,Discharged
2656,105,2025-03-06,2026-07-06,Private,Admitted
1450,117,2024-11-29,2026-06-19,Private,Under Observation
2264,147,2025-10-16,2026-07-05,Private,Discharged
2843,60,2025-07-26,2026-06-28,Private,Discharged
2881,108,2024-10-28,2026-06-26,ICU,Admitted
735,56,2024-10-05,2026-06-14,Private,Admitted
2959,27,2026-03-05,2026-06-20,ICU,Admitted
503,1,2025-12-09,2026-06-15,General,Admitted
2464,61,2025-07-28,2026-06-21,Emergency,Under Observation
352,77,2025-08-28,2026-06-15,Private,Discharged
1605,183,2025-06-06,2026-07-05,Private,Admitted
286,35,2026-05-31,2026-07-03,General,Under Observation
41,40,2026-02-14,2026-06-30,ICU,Discharged
866,90,2025-10-23,2026-06-15,ICU,Under Observation
1658,38,2025-04-24,2026-06-16,Emergency,Under Observation
1626,153,2025-09-06,2026-06-19,ICU,Under Observation
1195,153,2025-04-01,2026-06-30,General,Discharged
1084,90,2024-07-25,2026-06-18,ICU,Admitted
878,130,2026-04-08,2026-06-29,Emergency,Under Observation
258,34,2026-03-25,2026-06-21,ICU,Discharged
1501,84,2024-09-11,2026-06-21,ICU,Discharged
1507,159,2025-10-18,2026-06-17,ICU,Discharged
347,17,2026-05-20,2026-06-20,Emergency,Admitted
1162,83,2024-08-16,2026-06-24,Private,Admitted
114,50,2024-09-05,2026-06-16,Private,Discharged
1473,39,2025-11-20,2026-07-04,ICU,Under Observation
1888,32,2025-01-30,2026-06-11,ICU,Under Observation
472,118,2025-06-29,2026-07-05,General,Admitted
2633,23,2025-01-03,2026-06-22,Emergency,Discharged
2041,71,2025-04-13,2026-06-29,Private,Under Observation
173,119,2024-10-25,2026-06-27,Emergency,Discharged
1535,72,2025-10-27,2026-06-12,Emergency,Discharged
889,40,2026-03-27,2026-06-17,Private,Discharged
960,137,2025-01-10,2026-07-01,General,Discharged
2207,191,2025-11-14,2026-06-19,ICU,Admitted
2223,144,2024-07-07,2026-07-01,Emergency,Under Observation
2348,181,2025-02-22,2026-06-18,General,Under Observation
755,90,2025-03-14,2026-06-11,ICU,Discharged
290,125,2025-05-08,2026-07-04,ICU,Discharged
2813,146,2026-05-24,2026-06-18,Emergency,Admitted
700,150,2025-05-24,2026-07-04,Private,Under Observation
1009,175,2026-06-04,2026-07-03,ICU,Under Observation
1157,101,2024-08-09,2026-06-14,Emergency,Admitted
1840,92,2026-03-29,2026-06-17,General,Under Observation
1536,200,2025-11-21,2026-06-14,ICU,Discharged
2885,130,2026-04-14,2026-07-07,General,Admitted
2552,26,2024-11-29,2026-06-18,General,Discharged
716,160,2025-07-10,2026-06-17,Emergency,Discharged
487,95,2025-04-10,2026-06-09,Emergency,Under Observation
715,193,2024-11-22,2026-06-23,ICU,Admitted
2455,26,2024-11-01,2026-06-17,General,Discharged
2704,40,2024-08-03,2026-06-24,Private,Under Observation
56,15,2025-08-07,2026-06-14,General,Admitted
1677,152,2025-01-16,2026-06-21,Private,Admitted
546,183,2025-07-22,2026-06-28,Emergency,Under Observation
621,90,2025-06-03,2026-06-16,General,Admitted
523,141,2025-12-19,2026-06-18,General,Admitted
1973,85,2025-02-06,2026-06-24,General,Under Observation
2622,188,2025-03-17,2026-06-23,General,Under Observation
2146,110,2024-07-05,2026-06-30,Private,Discharged
205,144,2025-05-17,2026-06-26,Emergency,Admitted
1334,12,2024-12-23,2026-06-09,Emergency,Discharged
1388,97,2024-08-06,2026-06-19,ICU,Under Observation
280,54,2025-07-16,2026-07-05,Emergency,Under Observation
659,21,2026-02-07,2026-07-05,ICU,Discharged
2601,23,2024-11-02,2026-06-20,Private,Under Observation
23,185,2026-01-11,2026-06-27,Emergency,Admitted
791,190,2024-10-27,2026-06-14,Private,Discharged
2488,162,2024-09-10,2026-06-30,Emergency,Under Observation
1710,9,2025-12-23,2026-06-28,Emergency,Discharged
1581,59,2026-01-14,2026-07-01,ICU,Under Observation
2926,86,2025-04-03,2026-06-13,ICU,Under Observation
2476,196,2026-02-05,2026-06-21,General,Admitted
2262,180,2026-05-15,2026-06-11,Private,Under Observation
2835,54,2024-08-30,2026-07-08,General,Under Observation
2738,9,2026-02-14,2026-07-01,ICU,Under Observation
457,36,2024-11-16,2026-06-16,ICU,Discharged
2362,76,2024-07-12,2026-06-29,General,Admitted
1813,23,2025-07-09,2026-06-15,ICU,Admitted
2834,111,2025-09-12,2026-06-17,Private,Admitted
2717,138,2024-10-30,2026-06-18,Private,Admitted
2757,151,2025-01-20,2026-06-15,General,Under Observation
2598,53,2024-10-05,2026-06-11,General,Discharged
2544,17,2026-03-21,2026-06-12,ICU,Discharged
2191,139,2025-09-21,2026-06-09,Emergency,Under Observation
1104,54,2025-05-29,2026-06-21,Private,Under Observation
590,31,2026-02-19,2026-06-29,Private,Discharged
1963,128,2026-04-26,2026-06-16,ICU,Under Observation
1089,125,2026-01-29,2026-06-15,Emergency,Under Observation
2218,57,2025-05-31,2026-06-24,ICU,Under Observation
251,62,2026-01-21,2026-06-24,Emergency,Admitted
778,186,2026-04-06,2026-07-08,Emergency,Admitted
2763,36,2025-12-25,2026-06-22,Emergency,Admitted
1781,159,2026-01-31,2026-07-06,Emergency,Admitted
1723,118,2024-06-16,2026-07-03,Emergency,Under Observation
2343,171,2025-11-29,2026-07-08,Emergency,Discharged
812,154,2026-04-30,2026-06-14,General,Discharged
2064,112,2025-06-16,2026-06-25,ICU,Discharged
2639,104,2026-01-10,2026-06-26,ICU,Discharged
2770,40,2025-10-18,2026-06-12,General,Discharged
762,71,2026-02-12,2026-07-01,Emergency,Discharged
1371,186,2024-07-11,2026-06-10,ICU,Discharged
2752,114,2026-04-01,2026-06-09,ICU,Under Observation
63,198,2024-10-21,2026-06-10,Private,Under Observation
855,154,2026-03-16,2026-06-15,ICU,Discharged
1034,134,2025-09-19,2026-06-25,ICU,Under Observation
1011,180,2026-01-15,2026-06-17,General,Admitted
1152,172,2025-11-15,2026-06-11,Emergency,Under Observation
2652,183,2024-06-25,2026-06-24,General,Under Observation
807,102,2025-08-18,2026-06-20,Emergency,Under Observation
624,158,2024-07-07,2026-06-10,ICU,Under Observation
1787,67,2024-09-11,2026-06-15,ICU,Under Observation
923,78,2024-12-26,2026-07-03,Emergency,Under Observation
2933,114,2025-11-06,2026-07-01,General,Under Observation
2251,157,2026-03-12,2026-06-19,General,Discharged
2204,115,2025-01-31,2026-06-13,General,Discharged
1421,122,2025-11-23,2026-06-28,ICU,Under Observation
87,34,2025-02-24,2026-06-20,ICU,Discharged
1956,58,2025-03-13,2026-06-28,ICU,Discharged
1036,180,2025-07-01,2026-07-06,Emergency,Admitted
1432,53,2026-03-10,2026-06-13,ICU,Admitted
2993,89,2024-10-11,2026-06-18,General,Under Observation
1524,185,2024-10-17,2026-06-22,Emergency,Under Observation
1812,170,2025-08-14,2026-06-29,ICU,Under Observation
60,38,2025-08-06,2026-07-01,ICU,Discharged
1785,157,2025-01-18,2026-07-03,Emergency,Admitted
2215,53,2025-07-09,2026-06-15,General,Admitted
2775,69,2025-10-05,2026-06-12,General,Under Observation
874,13,2025-08-03,2026-06-16,ICU,Admitted
1336,47,2026-05-14,2026-06-19,ICU,Under Observation
1125,55,2025-09-28,2026-06-15,General,Discharged
499,25,2026-02-12,2026-06-30,ICU,Discharged
2589,193,2025-11-02,2026-06-29,Emergency,Discharged
2414,10,2026-05-25,2026-06-16,General,Discharged
1953,42,2026-02-04,2026-06-16,General,Admitted
2224,74,2026-03-19,2026-07-03,General,Under Observation
689,133,2025-05-30,2026-06-26,Private,Under Observation
517,22,2025-03-14,2026-06-30,ICU,Under Observation
2124,79,2025-05-14,2026-06-25,ICU,Discharged
1055,8,2026-03-12,2026-06-11,Emergency,Admitted
1843,151,2026-04-29,2026-07-01,General,Admitted
1483,186,2025-02-03,2026-06-13,Private,Discharged
2638,36,2025-04-13,2026-06-09,General,Admitted
1765,99,2024-11-12,2026-06-20,Private,Admitted
2266,44,2025-11-10,2026-07-02,ICU,Discharged
1138,124,2024-12-02,2026-06-22,Private,Discharged
2532,140,2024-11-18,2026-06-22,General,Discharged
2203,55,2024-11-22,2026-06-19,General,Under Observation
739,160,2025-09-11,2026-06-27,Emergency,Under Observation
1703,109,2024-11-17,2026-06-22,Emergency,Admitted
343,149,2024-12-18,2026-06-10,Emergency,Discharged
2146,178,2024-12-07,2026-07-03,Emergency,Admitted
1621,156,2025-12-07,2026-06-20,General,Under Observation
1332,117,2025-10-07,2026-06-25,General,Admitted
2314,84,2025-05-30,2026-07-02,Emergency,Discharged
2821,83,2024-08-12,2026-06-14,Emergency,Under Observation
1869,68,2025-10-06,2026-06-25,General,Discharged
2473,21,2026-03-16,2026-07-01,ICU,Admitted
715,157,2026-05-10,2026-07-06,ICU,Under Observation
762,97,2025-12-12,2026-07-08,Private,Under Observation
987,173,2024-09-16,2026-06-26,Private,Discharged
320,173,2025-10-03,2026-07-08,General,Admitted
2336,26,2025-09-07,2026-06-23,Emergency,Admitted
208,34,2025-03-06,2026-06-14,Emergency,Under Observation
1999,89,2025-10-21,2026-07-01,Emergency,Discharged
1477,188,2025-04-16,2026-06-23,Emergency,Under Observation
1267,1,2025-01-13,2026-06-23,Private,Discharged
757,191,2025-10-28,2026-06-24,ICU,Admitted
225,134,2025-09-04,2026-06-29,ICU,Admitted
2481,73,2025-07-20,2026-06-30,Emergency,Discharged
599,13,2025-04-19,2026-06-12,ICU,Under Observation
1664,96,2025-06-29,2026-07-08,Private,Admitted
2923,157,2024-08-03,2026-07-03,Private,Discharged
227,142,2024-12-17,2026-06-12,General,Under Observation
1806,72,2025-08-24,2026-06-29,Emergency,Discharged
1743,94,2025-05-17,2026-06-22,Private,Admitted
1178,108,2025-09-10,2026-07-07,General,Under Observation
1131,31,2025-01-22,2026-06-27,Emergency,Under Observation
1365,128,2025-06-20,2026-06-18,General,Discharged
2297,25,2026-06-08,2026-06-29,Emergency,Discharged
1910,14,2024-10-19,2026-06-15,General,Discharged
1178,121,2026-02-27,2026-07-07,Emergency,Admitted
1268,72,2025-07-24,2026-06-15,General,Under Observation
2396,198,2024-11-30,2026-06-20,General,Discharged
2712,81,2025-06-09,2026-06-15,Private,Under Observation
2286,190,2024-09-30,2026-06-11,Emergency,Discharged
116,55,2025-11-15,2026-06-25,General,Under Observation
1958,117,2026-03-12,2026-06-30,Private,Discharged
1656,5,2025-08-06,2026-07-06,Emergency,Under Observation
553,14,2024-09-10,2026-06-15,ICU,Admitted
1276,47,2025-01-05,2026-06-26,Emergency,Discharged
1800,167,2024-09-16,2026-06-20,General,Discharged
1567,181,2025-09-17,2026-07-02,Emergency,Admitted
91,74,2026-04-04,2026-06-15,General,Discharged
1382,87,2025-06-24,2026-06-18,General,Under Observation
916,172,2024-11-27,2026-07-08,ICU,Under Observation
2998,136,2025-02-04,2026-07-03,Private,Admitted
132,165,2025-11-19,2026-06-27,Private,Admitted
1594,3,2025-10-15,2026-07-06,Emergency,Admitted
2792,31,2026-02-19,2026-07-05,ICU,Admitted
1859,25,2024-12-30,2026-06-15,Emergency,Discharged
2758,42,2025-12-02,2026-06-11,General,Under Observation
779,107,2025-08-24,2026-07-08,Private,Admitted
2405,170,2025-07-31,2026-06-10,Emergency,Discharged
831,114,2026-03-27,2026-07-02,Emergency,Under Observation
2151,10,2025-08-07,2026-07-03,ICU,Discharged
663,95,2025-06-22,2026-06-22,Private,Under Observation
2302,160,2025-06-19,2026-07-01,General,Under Observation
1213,106,2026-06-06,2026-06-26,Emergency,Admitted
1923,58,2026-01-12,2026-06-10,Private,Admitted
2866,165,2025-10-23,2026-07-05,General,Under Observation
1984,53,2026-01-30,2026-06-22,Private,Admitted
2173,175,2024-08-07,2026-06-29,ICU,Under Observation
729,163,2024-10-21,2026-07-07,General,Discharged
258,81,2024-07-21,2026-07-07,General,Discharged
2590,134,2024-12-29,2026-06-25,ICU,Discharged
1239,122,2024-11-17,2026-06-13,ICU,Admitted
2632,12,2026-02-22,2026-06-21,General,Under Observation
1693,105,2026-05-23,2026-06-26,ICU,Under Observation
74,159,2025-12-06,2026-06-27,Emergency,Admitted
2121,2,2025-12-31,2026-06-09,ICU,Admitted
1923,128,2025-05-02,2026-06-21,Private,Under Observation
2667,196,2025-06-28,2026-07-01,General,Discharged
2708,128,2025-07-12,2026-07-04,Emergency,Under Observation
1848,25,2024-11-23,2026-06-18,Emergency,Under Observation
122,3,2026-02-25,2026-06-09,General,Admitted
2227,51,2026-05-04,2026-06-09,Emergency,Admitted
485,1,2024-06-08,2026-07-05,ICU,Admitted
65,182,2025-02-05,2026-06-21,Emergency,Under Observation
547,79,2025-08-26,2026-07-02,Emergency,Discharged
1515,51,2024-11-20,2026-06-20,General,Admitted
2147,69,2026-05-06,2026-06-22,ICU,Admitted
2317,157,2024-10-30,2026-06-09,ICU,Admitted
2001,5,2024-06-14,2026-06-20,ICU,Under Observation
2414,152,2026-03-28,2026-07-02,Emergency,Under Observation
1316,187,2025-06-19,2026-06-26,General,Discharged
1076,3,2025-05-09,2026-06-17,General,Admitted
2364,150,2026-01-30,2026-06-30,General,Admitted
2687,78,2025-05-28,2026-07-07,Emergency,Admitted
1356,134,2024-07-23,2026-06-09,Emergency,Under Observation
2114,178,2025-07-07,2026-06-28,General,Admitted
1673,30,2025-12-03,2026-07-07,Private,Under Observation
878,101,2025-01-25,2026-06-14,General,Discharged
675,118,2025-06-22,2026-06-14,Emergency,Discharged
331,10,2026-04-11,2026-06-25,Private,Under Observation
2823,51,2024-10-06,2026-06-26,General,Under Observation
2615,30,2024-08-07,2026-06-23,Private,Admitted
969,135,2026-04-06,2026-06-23,Emergency,Admitted
1370,34,2026-04-09,2026-06-17,General,Admitted
12,81,2025-06-02,2026-06-25,General,Admitted
2027,7,2026-05-30,2026-06-27,General,Discharged
2345,88,2025-10-10,2026-06-21,General,Under Observation
1596,175,2024-06-30,2026-06-27,Emergency,Under Observation
2296,129,2024-12-04,2026-06-11,ICU,Under Observation
674,47,2025-01-01,2026-07-01,ICU,Discharged
2796,139,2026-03-04,2026-06-14,ICU,Discharged
1931,69,2025-01-28,2026-06-18,Private,Under Observation
1906,151,2024-11-21,2026-06-27,Private,Under Observation
853,34,2026-01-12,2026-06-09,Emergency,Discharged
762,78,2025-11-01,2026-06-22,General,Under Observation
1485,161,2024-10-30,2026-06-28,General,Under Observation
2586,134,2025-07-26,2026-07-06,General,Discharged
1263,187,2024-11-04,2026-06-15,General,Under Observation
1421,181,2026-04-19,2026-07-03,Emergency,Discharged
597,171,2024-12-23,2026-07-05,ICU,Discharged
690,81,2025-06-19,2026-06-18,Private,Discharged
447,194,2025-03-27,2026-06-11,General,Admitted
1408,195,2024-12-20,2026-06-27,ICU,Admitted
2210,39,2026-04-09,2026-07-02,Emergency,Admitted
582,68,2025-09-09,2026-07-02,Emergency,Under Observation
377,174,2024-08-15,2026-06-12,General,Admitted
1673,24,2024-11-18,2026-06-16,Private,Discharged
1257,164,2025-10-17,2026-07-02,General,Admitted
1903,155,2026-03-18,2026-06-13,Emergency,Under Observation
3000,64,2026-03-06,2026-07-04,Private,Under Observation
1446,52,2026-04-23,2026-07-01,General,Admitted
2204,91,2024-07-05,2026-06-16,Emergency,Admitted
1456,64,2024-10-20,2026-07-04,Emergency,Under Observation
402,165,2025-08-25,2026-06-27,Private,Discharged
26,166,2024-08-08,2026-06-28,Emergency,Discharged
908,38,2024-12-17,2026-07-02,General,Admitted
576,105,2024-12-06,2026-06-23,Private,Under Observation
2980,125,2025-09-12,2026-06-10,Emergency,Discharged
2033,149,2026-05-06,2026-07-03,ICU,Discharged
2808,100,2025-09-10,2026-06-12,Emergency,Under Observation
1844,199,2025-12-20,2026-07-08,ICU,Admitted
1698,165,2025-03-03,2026-06-30,ICU,Admitted
917,129,2026-03-26,2026-06-10,Emergency,Admitted
1177,84,2025-01-25,2026-06-16,Emergency,Under Observation
926,94,2025-01-15,2026-06-26,Private,Admitted
1185,132,2025-11-14,2026-06-13,ICU,Discharged
543,178,2026-02-13,2026-06-26,General,Discharged
1798,143,2025-09-05,2026-07-01,ICU,Under Observation
2390,38,2026-04-28,2026-06-09,General,Discharged
2194,69,2026-02-15,2026-06-22,Emergency,Discharged
1784,40,2025-10-27,2026-06-18,ICU,Admitted
334,5,2025-05-24,2026-06-24,ICU,Discharged
333,108,2024-09-04,2026-06-20,General,Under Observation
2132,162,2024-06-10,2026-06-20,Emergency,Admitted
1525,188,2025-09-02,2026-07-01,Private,Discharged
859,163,2025-06-05,2026-07-07,Private,Under Observation
1301,120,2024-07-21,2026-06-29,Emergency,Discharged
2598,160,2026-03-22,2026-06-14,Emergency,Under Observation
1764,124,2026-05-19,2026-07-01,General,Discharged
1274,98,2026-03-13,2026-06-21,Private,Under Observation
961,108,2025-10-27,2026-06-27,General,Under Observation
13,191,2024-07-08,2026-06-14,Emergency,Under Observation
673,45,2025-02-28,2026-06-12,Private,Discharged
2138,108,2026-01-15,2026-06-19,Emergency,Discharged
1259,8,2025-09-30,2026-06-17,Emergency,Discharged
1966,88,2024-10-19,2026-06-19,Private,Discharged
807,126,2025-06-16,2026-06-21,General,Under Observation
1355,3,2026-03-12,2026-07-07,General,Discharged
42,99,2025-04-13,2026-06-22,ICU,Under Observation
973,41,2025-12-20,2026-06-14,General,Under Observation
2823,123,2024-10-13,2026-06-15,Emergency,Admitted
2574,198,2024-07-19,2026-06-10,ICU,Discharged
1251,125,2024-09-07,2026-06-21,ICU,Admitted
67,127,2026-05-09,2026-06-23,General,Admitted
2969,172,2024-09-24,2026-06-27,ICU,Under Observation
2316,48,2025-02-28,2026-06-12,General,Discharged
2032,164,2026-02-11,2026-07-06,Emergency,Discharged
1471,161,2024-10-15,2026-06-29,ICU,Under Observation
707,60,2025-04-24,2026-06-16,General,Admitted
2252,46,2025-05-09,2026-06-27,ICU,Admitted
1359,26,2026-05-11,2026-06-25,Private,Under Observation
1802,21,2025-12-23,2026-06-29,ICU,Under Observation
2509,18,2025-09-21,2026-06-25,Emergency,Under Observation
1042,117,2024-11-24,2026-06-14,General,Discharged
1997,100,2025-07-13,2026-07-02,General,Admitted
239,178,2026-01-13,2026-06-30,General,Admitted
583,192,2025-06-22,2026-07-02,Emergency,Discharged
925,142,2026-01-18,2026-06-24,ICU,Under Observation
1504,183,2026-02-13,2026-06-13,Private,Under Observation
1968,61,2025-11-14,2026-06-29,General,Discharged
742,184,2026-04-24,2026-06-27,ICU,Under Observation
2817,78,2024-06-10,2026-07-05,General,Discharged
2871,138,2024-07-04,2026-06-27,Private,Under Observation
521,29,2025-08-28,2026-07-07,General,Discharged
1029,152,2024-11-20,2026-06-22,Private,Discharged
1387,158,2025-12-01,2026-06-25,General,Under Observation
739,51,2026-04-22,2026-06-20,ICU,Discharged
932,85,2025-03-13,2026-06-14,Private,Under Observation
852,66,2026-02-17,2026-06-10,General,Discharged
2172,23,2025-07-15,2026-07-03,Emergency,Admitted
1101,12,2025-05-23,2026-06-26,Private,Admitted
2475,25,2025-05-03,2026-07-03,ICU,Admitted
937,71,2025-04-09,2026-06-25,Emergency,Discharged
607,42,2024-12-24,2026-06-14,General,Discharged
503,108,2026-03-25,2026-06-14,Emergency,Under Observation
676,141,2026-03-16,2026-06-18,General,Discharged
238,25,2025-02-28,2026-06-18,Private,Discharged
1184,22,2024-09-11,2026-06-10,General,Discharged
1678,40,2025-01-18,2026-06-24,Private,Discharged
2149,40,2025-03-13,2026-06-29,General,Discharged
1771,77,2024-09-06,2026-06-22,Private,Discharged
1824,7,2024-08-06,2026-07-06,ICU,Under Observation
977,33,2025-11-13,2026-06-18,General,Admitted
2557,137,2026-03-21,2026-07-06,ICU,Under Observation
2178,117,2025-04-24,2026-07-06,Emergency,Discharged
2566,174,2024-08-16,2026-07-04,General,Discharged
1845,129,2024-07-17,2026-06-22,Private,Admitted
1738,108,2024-08-26,2026-07-03,Private,Under Observation
1263,144,2024-06-12,2026-06-29,Private,Admitted
1455,99,2025-12-19,2026-07-02,Private,Under Observation
1203,106,2024-07-30,2026-06-26,General,Admitted
935,131,2025-10-10,2026-07-07,Private,Admitted
835,10,2025-03-03,2026-06-12,Private,Under Observation
2306,185,2025-12-03,2026-06-19,ICU,Under Observation
1640,57,2025-12-02,2026-06-21,ICU,Discharged
1805,46,2025-05-12,2026-07-03,Private,Admitted
2020,105,2024-11-14,2026-06-20,ICU,Discharged
2792,47,2026-03-07,2026-06-10,General,Under Observation
591,156,2025-02-20,2026-06-17,General,Under Observation
1700,89,2025-05-20,2026-06-21,Private,Discharged
1550,181,2025-04-05,2026-06-25,Private,Discharged
886,95,2026-02-19,2026-07-02,Private,Discharged
581,177,2025-04-08,2026-06-12,General,Admitted
1452,22,2024-12-02,2026-06-26,Private,Admitted
647,144,2025-04-04,2026-07-02,Private,Admitted
752,70,2025-06-30,2026-06-11,General,Discharged
111,122,2024-10-24,2026-06-21,General,Discharged
2941,66,2024-09-05,2026-06-13,Emergency,Under Observation
1424,69,2026-02-17,2026-06-21,Emergency,Under Observation
1045,164,2024-07-17,2026-07-08,Emergency,Admitted
1176,84,2024-11-11,2026-06-12,Emergency,Under Observation
2344,191,2025-08-11,2026-06-25,ICU,Under Observation
1212,105,2025-04-28,2026-06-26,ICU,Admitted
777,67,2025-10-11,2026-07-05,Emergency,Admitted
2887,178,2026-01-31,2026-07-02,General,Admitted
135,165,2024-08-11,2026-06-13,ICU,Under Observation
2363,173,2025-09-28,2026-07-04,General,Admitted
2968,2,2025-09-11,2026-06-19,General,Discharged
1268,9,2025-05-02,2026-06-16,ICU,Discharged
2232,126,2025-05-29,2026-06-19,General,Under Observation
2603,103,2025-07-24,2026-06-09,ICU,Under Observation
395,127,2025-02-08,2026-06-30,General,Admitted
382,137,2025-04-28,2026-06-20,General,Discharged
199,57,2024-08-13,2026-06-16,ICU,Discharged
706,102,2026-01-14,2026-06-23,Private,Discharged
2566,158,2025-03-26,2026-07-02,Private,Discharged
2151,167,2025-10-06,2026-06-29,General,Discharged
209,153,2024-10-21,2026-06-11,ICU,Under Observation
2404,47,2025-05-21,2026-06-16,Emergency,Admitted
2394,4,2025-12-19,2026-06-21,Private,Under Observation
2127,147,2025-03-23,2026-06-28,Private,Under Observation
895,92,2025-09-09,2026-07-08,General,Admitted
2349,157,2025-02-16,2026-07-01,ICU,Under Observation
1866,153,2025-08-06,2026-06-15,Private,Admitted
947,24,2025-04-24,2026-06-09,ICU,Under Observation
680,46,2025-06-01,2026-07-05,Emergency,Admitted
1952,65,2025-10-09,2026-07-03,ICU,Under Observation
2392,146,2026-02-28,2026-06-25,ICU,Admitted
763,30,2025-10-31,2026-06-27,General,Admitted
1923,118,2024-07-03,2026-06-16,Emergency,Discharged
1562,37,2024-09-13,2026-06-21,General,Under Observation
2292,190,2025-02-28,2026-06-16,General,Discharged
1436,140,2026-02-06,2026-06-30,Private,Admitted
1494,33,2025-05-10,2026-07-07,Emergency,Admitted
2064,6,2025-11-02,2026-07-08,General,Admitted
1290,67,2024-07-04,2026-06-18,General,Admitted
1224,59,2026-02-02,2026-06-19,General,Discharged
2230,89,2024-08-12,2026-06-26,ICU,Admitted
1069,75,2025-10-14,2026-07-06,Private,Admitted
342,40,2024-12-07,2026-06-09,Private,Under Observation
2237,180,2026-02-23,2026-06-18,Emergency,Admitted
1501,140,2025-02-25,2026-06-21,ICU,Under Observation
1177,90,2026-02-09,2026-06-12,Emergency,Discharged
966,165,2026-05-26,2026-07-07,Private,Under Observation
2975,190,2026-03-09,2026-07-05,Private,Discharged
2167,45,2025-08-18,2026-06-26,Emergency,Discharged
1144,154,2025-11-10,2026-07-06,Emergency,Under Observation
541,64,2025-06-23,2026-06-18,ICU,Admitted
206,13,2025-11-28,2026-06-26,Emergency,Discharged
1751,169,2025-10-11,2026-07-07,ICU,Discharged
470,65,2026-06-04,2026-06-30,Private,Under Observation
2020,29,2025-03-10,2026-06-18,Emergency,Discharged
920,29,2025-03-13,2026-07-05,ICU,Discharged
902,167,2024-11-16,2026-06-27,General,Discharged
1691,2,2024-09-12,2026-06-23,Private,Discharged
1857,101,2024-10-07,2026-06-12,General,Discharged
362,152,2026-04-20,2026-06-30,General,Discharged
1043,32,2026-01-17,2026-06-20,General,Under Observation
2796,63,2025-01-16,2026-06-17,General,Under Observation
1626,123,2025-01-15,2026-06-19,General,Admitted
2340,77,2024-10-10,2026-06-22,Emergency,Admitted
650,178,2024-11-24,2026-07-05,Private,Discharged
1280,162,2026-04-24,2026-07-04,ICU,Under Observation
756,150,2025-08-18,2026-06-27,Emergency,Under Observation
1036,57,2024-12-19,2026-06-20,Private,Under Observation
1928,180,2026-03-10,2026-06-30,General,Discharged
627,110,2025-01-16,2026-06-29,ICU,Admitted
1386,115,2024-07-05,2026-07-05,Private,Discharged
2222,180,2026-04-20,2026-06-22,ICU,Discharged
764,25,2025-08-14,2026-07-07,ICU,Admitted
328,173,2025-07-22,2026-07-06,ICU,Under Observation
2328,172,2026-03-09,2026-06-23,Private,Admitted
2381,177,2025-03-17,2026-06-23,Private,Under Observation
233,9,2026-05-17,2026-07-06,Private,Discharged
580,137,2024-11-11,2026-06-23,Private,Discharged
882,109,2024-09-04,2026-07-01,Private,Under Observation
891,146,2025-08-22,2026-06-15,Private,Under Observation
458,123,2025-07-31,2026-06-10,ICU,Discharged
1472,28,2025-04-15,2026-07-07,Emergency,Discharged
991,191,2026-01-07,2026-07-02,ICU,Discharged
728,70,2025-09-05,2026-06-25,Private,Discharged
1799,188,2024-09-06,2026-07-03,General,Admitted
52,9,2025-02-12,2026-06-29,Emergency,Admitted
1431,127,2024-10-31,2026-06-19,Private,Discharged
2671,44,2025-04-22,2026-06-20,Emergency,Under Observation
2131,56,2025-01-24,2026-07-05,Emergency,Under Observation
1969,59,2025-07-29,2026-06-25,Private,Discharged
2891,13,2025-08-23,2026-06-13,Private,Discharged
2662,189,2026-05-01,2026-07-03,General,Discharged
1463,106,2026-05-07,2026-06-21,ICU,Discharged
1226,57,2024-12-24,2026-07-02,Emergency,Admitted
73,82,2025-07-27,2026-06-22,Private,Admitted
474,114,2025-08-16,2026-06-24,General,Discharged
2588,47,2026-05-15,2026-06-29,ICU,Under Observation
2824,195,2025-01-20,2026-06-21,General,Discharged
317,97,2026-03-10,2026-06-28,General,Under Observation
1197,4,2024-07-15,2026-06-20,General,Admitted
1483,153,2025-06-14,2026-06-15,Emergency,Under Observation
1860,32,2026-04-28,2026-06-09,Emergency,Discharged
2862,164,2025-10-08,2026-06-25,ICU,Admitted
1785,30,2025-04-25,2026-06-21,General,Admitted
608,182,2025-04-15,2026-06-10,ICU,Under Observation
543,108,2026-02-21,2026-06-16,General,Admitted
708,85,2026-05-31,2026-06-10,Emergency,Discharged
2161,142,2024-12-15,2026-07-05,General,Under Observation
2883,184,2026-02-20,2026-06-27,ICU,Under Observation
519,69,2025-12-09,2026-06-10,General,Discharged
1102,102,2025-01-19,2026-06-19,ICU,Discharged
2975,28,2025-12-24,2026-06-29,Private,Discharged
1184,155,2026-06-04,2026-06-29,Private,Discharged
2321,195,2026-05-15,2026-07-01,ICU,Under Observation
1294,94,2024-09-30,2026-06-09,ICU,Discharged
2572,32,2025-04-21,2026-06-12,Private,Admitted
2570,152,2024-08-09,2026-06-24,Private,Under Observation
1530,32,2024-07-05,2026-06-18,ICU,Discharged
2845,55,2024-08-21,2026-07-04,Private,Admitted
1089,50,2025-05-22,2026-06-28,Emergency,Admitted
1110,151,2026-01-28,2026-06-23,General,Under Observation
2842,168,2026-01-18,2026-06-16,Private,Admitted
1714,166,2025-10-02,2026-06-30,General,Admitted
1811,26,2025-04-09,2026-06-10,ICU,Discharged
143,109,2024-06-30,2026-06-23,Emergency,Admitted
1423,144,2025-01-12,2026-06-18,Private,Discharged
869,191,2024-07-30,2026-06-26,Private,Admitted
2335,148,2025-03-27,2026-06-30,Private,Discharged
483,106,2024-09-01,2026-06-29,Private,Admitted
1915,61,2024-12-05,2026-06-14,ICU,Admitted
384,88,2025-02-21,2026-06-12,ICU,Discharged
154,158,2025-12-28,2026-06-14,ICU,Under Observation
1702,85,2025-07-27,2026-06-15,Emergency,Under Observation
16,4,2025-12-11,2026-06-24,Emergency,Discharged
1151,143,2025-10-31,2026-06-26,General,Admitted
976,165,2025-02-24,2026-06-16,Emergency,Discharged
2351,2,2025-08-30,2026-06-29,Emergency,Admitted
1535,21,2025-01-16,2026-06-26,ICU,Discharged
322,116,2026-06-05,2026-06-18,General,Admitted
230,56,2025-03-07,2026-07-05,ICU,Under Observation
2162,51,2024-09-08,2026-06-09,Private,Admitted
2651,147,2025-05-20,2026-07-03,ICU,Admitted
101,82,2024-10-08,2026-06-25,Emergency,Admitted
2375,1,2024-11-25,2026-06-19,Emergency,Under Observation
1698,40,2025-02-19,2026-07-03,Private,Under Observation
1154,173,2024-08-18,2026-06-10,ICU,Discharged
2227,199,2025-08-10,2026-06-22,ICU,Discharged
2102,76,2026-05-24,2026-07-07,Emergency,Discharged
1131,126,2025-06-11,2026-06-19,General,Under Observation
2092,106,2025-03-08,2026-06-23,General,Under Observation
2872,68,2024-08-29,2026-06-27,Private,Discharged
1859,55,2026-01-03,2026-06-25,ICU,Admitted
943,27,2025-02-20,2026-06-17,ICU,Under Observation
2802,26,2024-08-29,2026-07-01,Emergency,Discharged
2722,20,2026-02-23,2026-06-28,Emergency,Discharged
1711,92,2024-11-15,2026-06-14,ICU,Under Observation
2485,41,2024-07-15,2026-06-20,Private,Admitted
2560,154,2025-10-24,2026-06-14,Private,Under Observation
1809,141,2025-01-08,2026-06-18,General,Under Observation
1409,54,2024-10-12,2026-06-26,Private,Under Observation
29,41,2025-03-12,2026-06-28,Emergency,Discharged
2367,57,2025-04-18,2026-07-04,Emergency,Admitted
2094,7,2025-01-26,2026-06-30,Emergency,Discharged
1018,51,2024-07-31,2026-06-19,ICU,Under Observation
338,100,2025-04-27,2026-06-12,Private,Under Observation
1497,1,2025-02-13,2026-06-15,ICU,Discharged
2285,132,2025-05-01,2026-06-29,Private,Discharged
2370,11,2026-05-23,2026-06-09,Emergency,Admitted
953,50,2026-03-20,2026-06-14,General,Under Observation
148,123,2025-12-10,2026-06-12,ICU,Discharged
1428,16,2024-08-02,2026-07-06,General,Under Observation
1231,149,2026-01-19,2026-06-15,Emergency,Admitted
791,55,2025-09-19,2026-07-05,Emergency,Under Observation
2161,48,2025-06-09,2026-07-01,ICU,Discharged
1303,11,2026-01-25,2026-06-11,Private,Discharged
2943,33,2025-01-24,2026-06-15,ICU,Under Observation
2753,17,2025-10-02,2026-06-20,Private,Discharged
1382,33,2025-09-16,2026-07-01,Emergency,Under Observation
1070,137,2025-01-08,2026-06-15,Emergency,Discharged
2128,84,2024-10-02,2026-06-11,Private,Discharged
2343,197,2025-02-12,2026-06-18,Emergency,Admitted
559,164,2024-07-21,2026-07-04,Emergency,Under Observation
222,196,2024-07-31,2026-06-10,General,Admitted
168,52,2025-05-01,2026-06-25,General,Discharged
7,44,2025-04-21,2026-06-16,Emergency,Discharged
2539,12,2025-08-07,2026-07-03,General,Under Observation
620,75,2025-10-24,2026-06-13,General,Discharged
935,3,2025-06-11,2026-06-10,Emergency,Admitted
2897,65,2025-12-28,2026-07-05,Emergency,Discharged
2152,21,2025-06-20,2026-06-17,ICU,Discharged
1660,110,2026-01-30,2026-06-16,Private,Discharged
2709,144,2026-01-09,2026-06-19,ICU,Discharged
1334,30,2026-03-30,2026-06-22,Emergency,Under Observation
2139,45,2025-05-04,2026-06-27,Private,Admitted
203,117,2024-10-25,2026-06-11,ICU,Under Observation
606,131,2025-12-30,2026-06-09,ICU,Discharged
1020,68,2024-08-24,2026-07-05,Private,Discharged
2878,52,2025-06-04,2026-06-27,General,Discharged
2711,195,2025-03-25,2026-06-27,ICU,Admitted
655,105,2024-09-12,2026-06-24,Emergency,Under Observation
751,105,2025-05-08,2026-06-17,ICU,Discharged
2831,185,2025-02-07,2026-06-14,ICU,Under Observation
2297,116,2025-05-15,2026-06-19,ICU,Discharged
1171,131,2025-06-30,2026-06-12,Emergency,Under Observation
388,2,2025-02-16,2026-07-01,Emergency,Under Observation
1809,100,2026-05-23,2026-06-20,Emergency,Under Observation
2142,149,2025-06-12,2026-06-27,Emergency,Discharged
2795,134,2025-12-11,2026-06-15,General,Admitted
1511,12,2024-08-24,2026-06-19,Private,Admitted
360,110,2025-04-10,2026-06-25,Private,Under Observation
2579,54,2025-12-22,2026-07-02,General,Admitted
1264,117,2025-05-31,2026-06-17,ICU,Discharged
1110,146,2025-08-03,2026-06-30,Emergency,Discharged
2967,113,2024-11-26,2026-06-27,Private,Admitted
2718,123,2024-10-27,2026-06-30,Private,Admitted
1006,123,2025-09-08,2026-06-23,General,Admitted
1129,181,2024-07-29,2026-06-19,General,Discharged
1737,128,2025-07-13,2026-07-08,ICU,Discharged
829,190,2025-09-17,2026-07-01,Emergency,Admitted
1402,80,2026-02-07,2026-06-23,General,Under Observation
1822,144,2025-01-05,2026-06-29,General,Discharged
731,148,2024-11-21,2026-06-12,ICU,Under Observation
2750,18,2025-03-18,2026-06-19,ICU,Under Observation
1790,2,2025-09-22,2026-06-24,Private,Under Observation
2113,197,2026-02-25,2026-06-22,Private,Discharged
2955,6,2024-08-03,2026-06-21,Emergency,Discharged
651,124,2026-05-18,2026-07-08,Emergency,Discharged
644,49,2024-09-19,2026-06-12,General,Admitted
2945,75,2025-05-26,2026-06-09,Emergency,Under Observation
2367,139,2024-08-09,2026-07-04,Private,Admitted
1089,1,2025-02-28,2026-06-25,General,Discharged
1819,25,2025-05-10,2026-07-04,General,Discharged
2071,188,2025-11-09,2026-06-14,Private,Admitted
1520,198,2026-02-15,2026-06-15,General,Discharged
1914,60,2025-06-11,2026-06-21,General,Under Observation
3000,15,2025-05-30,2026-07-05,Emergency,Under Observation
2915,191,2024-12-26,2026-06-24,ICU,Discharged
2460,59,2024-07-12,2026-07-08,Private,Admitted
1893,46,2026-02-12,2026-06-22,ICU,Admitted
1282,43,2024-11-24,2026-06-27,Emergency,Under Observation
46,52,2026-04-16,2026-06-10,General,Under Observation
2481,81,2026-02-05,2026-06-14,Emergency,Under Observation
1491,60,2024-06-17,2026-06-25,General,Admitted
1481,173,2024-11-27,2026-07-01,Emergency,Discharged
2657,120,2026-02-18,2026-06-23,Emergency,Discharged
1323,25,2025-04-02,2026-06-13,General,Admitted
874,40,2024-09-30,2026-07-03,ICU,Under Observation
1485,122,2026-03-11,2026-07-03,Private,Admitted
903,146,2026-05-25,2026-07-07,Emergency,Discharged
2800,151,2025-08-15,2026-06-09,General,Discharged
1225,114,2026-01-08,2026-06-15,Emergency,Under Observation
1232,180,2024-11-01,2026-06-26,Emergency,Under Observation
262,188,2026-01-04,2026-06-25,General,Under Observation
675,176,2025-01-14,2026-07-04,Emergency,Under Observation
564,49,2024-12-20,2026-07-07,Private,Under Observation
40,116,2026-04-26,2026-06-21,ICU,Under Observation
2309,162,2025-02-27,2026-06-28,General,Under Observation
1165,194,2025-09-26,2026-06-12,Emergency,Discharged
1686,69,2026-05-11,2026-07-04,Emergency,Admitted
2371,107,2025-12-28,2026-07-05,ICU,Under Observation
2790,70,2025-09-09,2026-06-13,Emergency,Admitted
1001,116,2024-07-19,2026-06-12,Emergency,Admitted
2836,157,2026-01-05,2026-07-08,ICU,Under Observation
546,106,2026-02-27,2026-07-06,ICU,Under Observation
2249,14,2026-04-04,2026-06-21,ICU,Under Observation
906,36,2024-12-26,2026-06-25,Emergency,Discharged
2337,188,2025-02-19,2026-06-12,General,Discharged
818,112,2026-02-15,2026-07-05,Emergency,Discharged
1735,87,2025-03-27,2026-07-07,ICU,Admitted
893,120,2025-07-19,2026-07-03,Private,Admitted
2716,152,2025-03-06,2026-07-06,ICU,Admitted
2619,20,2026-03-27,2026-06-11,Emergency,Discharged
2975,13,2026-03-04,2026-06-19,General,Under Observation
518,113,2025-07-31,2026-06-29,Emergency,Admitted
106,75,2024-08-11,2026-07-04,Emergency,Under Observation
2450,33,2025-04-08,2026-07-02,Emergency,Under Observation
2430,172,2024-06-23,2026-06-13,Private,Admitted
1923,172,2025-02-01,2026-07-07,ICU,Admitted
1532,66,2024-06-23,2026-06-09,ICU,Admitted
63,152,2024-12-06,2026-07-08,ICU,Under Observation
1679,126,2025-12-26,2026-06-28,Private,Discharged
2740,146,2024-08-24,2026-06-13,Emergency,Under Observation
2935,25,2025-09-25,2026-06-28,Private,Under Observation
1941,79,2025-05-25,2026-06-13,General,Under Observation
2799,27,2025-05-09,2026-06-19,Private,Under Observation
2788,32,2025-01-26,2026-06-13,Private,Under Observation
2483,65,2025-11-16,2026-06-30,Private,Admitted
1249,28,2026-01-16,2026-06-30,Private,Discharged
2187,34,2024-09-09,2026-06-15,Private,Discharged
2208,110,2024-11-29,2026-06-12,Emergency,Discharged
1253,188,2024-07-21,2026-06-24,Emergency,Admitted
1799,83,2024-12-27,2026-06-25,ICU,Discharged
1606,16,2026-03-09,2026-06-19,ICU,Under Observation
2742,196,2024-07-26,2026-07-05,General,Under Observation
1159,83,2025-04-16,2026-06-23,Emergency,Discharged
963,161,2024-12-26,2026-07-01,General,Admitted
1199,111,2024-07-20,2026-06-13,Emergency,Discharged
2687,130,2026-05-30,2026-06-13,Private,Discharged
1084,41,2026-02-08,2026-06-19,General,Under Observation
326,130,2025-06-13,2026-06-16,ICU,Admitted
2689,176,2024-12-10,2026-07-05,ICU,Under Observation
2167,84,2024-10-30,2026-06-22,General,Under Observation
772,190,2024-06-26,2026-06-29,Private,Admitted
25,169,2024-09-17,2026-06-14,Emergency,Under Observation
611,56,2024-11-11,2026-07-05,Emergency,Admitted
1931,182,2024-10-07,2026-06-24,ICU,Under Observation
1831,159,2025-11-25,2026-06-15,Emergency,Admitted
1078,140,2025-02-05,2026-07-04,General,Under Observation
316,83,2025-05-18,2026-06-26,General,Admitted
2,32,2025-09-23,2026-06-21,General,Discharged
2564,105,2026-02-25,2026-06-30,ICU,Admitted
1284,87,2024-11-13,2026-06-12,General,Admitted
2203,162,2025-05-20,2026-07-03,ICU,Discharged
1251,200,2025-07-20,2026-06-29,General,Admitted
2581,78,2025-07-30,2026-06-11,General,Under Observation
512,97,2026-01-25,2026-06-25,Emergency,Admitted
389,95,2025-02-26,2026-06-23,Private,Admitted
1230,28,2024-09-26,2026-06-25,Private,Admitted
447,88,2025-05-16,2026-06-12,Emergency,Under Observation
5,122,2025-03-18,2026-06-20,Emergency,Admitted
893,149,2026-05-22,2026-06-14,Emergency,Discharged
441,59,2026-02-08,2026-06-23,Emergency,Discharged
157,139,2025-04-28,2026-06-24,Emergency,Discharged
2221,190,2026-06-01,2026-07-08,General,Admitted
512,144,2025-10-10,2026-06-15,Private,Under Observation
431,146,2025-09-19,2026-06-28,ICU,Admitted
1791,152,2026-02-09,2026-06-28,Private,Discharged
1987,35,2026-04-04,2026-06-14,ICU,Under Observation
2282,171,2024-10-10,2026-07-05,Private,Admitted
2191,196,2025-02-13,2026-06-24,Private,Discharged
131,169,2025-06-14,2026-07-06,Emergency,Discharged
1706,30,2025-02-06,2026-07-08,Private,Under Observation
928,194,2025-07-06,2026-07-03,ICU,Under Observation
1012,123,2025-10-15,2026-07-06,Emergency,Under Observation
1996,71,2024-10-12,2026-07-03,General,Under Observation
8,104,2024-07-04,2026-07-03,Private,Discharged
2814,19,2026-02-10,2026-07-01,Emergency,Under Observation
2010,10,2025-09-16,2026-06-28,General,Admitted
1065,89,2025-09-08,2026-06-28,General,Under Observation
1098,93,2026-05-03,2026-06-19,ICU,Discharged
2722,16,2026-05-11,2026-06-20,ICU,Under Observation
1451,162,2024-07-12,2026-06-22,Emergency,Discharged
97,75,2024-06-09,2026-06-22,Private,Under Observation
295,45,2024-07-10,2026-06-22,Emergency,Admitted
529,60,2026-01-17,2026-07-02,Private,Under Observation
1751,61,2026-05-12,2026-07-02,Private,Under Observation
1606,200,2025-11-02,2026-07-03,ICU,Admitted
765,135,2024-11-07,2026-07-03,Private,Discharged
2862,12,2025-10-13,2026-06-19,ICU,Under Observation
877,92,2025-11-22,2026-06-20,Private,Admitted
156,77,2025-02-15,2026-06-23,Emergency,Discharged
1515,192,2024-12-01,2026-06-10,General,Under Observation
242,1,2024-06-10,2026-06-10,General,Discharged
2949,152,2025-05-30,2026-06-10,ICU,Admitted
2311,89,2025-09-21,2026-06-10,ICU,Under Observation
1623,120,2024-11-17,2026-06-30,ICU,Under Observation
394,107,2025-07-20,2026-06-28,Private,Discharged
421,84,2026-04-06,2026-06-27,Private,Discharged
2058,160,2025-01-17,2026-06-12,General,Under Observation
1076,195,2026-01-08,2026-06-19,General,Admitted
827,35,2026-03-31,2026-07-07,ICU,Admitted
2096,169,2025-06-09,2026-06-18,ICU,Under Observation
2326,180,2026-02-01,2026-07-01,Emergency,Admitted
2453,43,2025-11-02,2026-06-14,ICU,Admitted
2766,35,2025-06-18,2026-06-20,Private,Under Observation
451,179,2025-11-08,2026-06-11,Emergency,Discharged
2362,12,2024-06-08,2026-06-11,Private,Discharged
53,178,2024-07-11,2026-06-12,Private,Admitted
2931,47,2025-05-02,2026-07-01,General,Under Observation
1117,29,2024-08-25,2026-06-13,ICU,Under Observation
297,165,2026-03-22,2026-06-27,Emergency,Admitted
24,140,2024-11-07,2026-06-26,Private,Under Observation
2305,180,2024-10-30,2026-07-02,General,Discharged
2466,37,2025-12-06,2026-06-23,Emergency,Admitted
2181,75,2025-06-08,2026-06-21,Private,Admitted
1509,83,2025-10-07,2026-07-02,Private,Under Observation
1067,167,2025-12-24,2026-06-25,ICU,Admitted
1643,154,2025-09-22,2026-06-18,General,Admitted
1974,24,2024-11-09,2026-06-23,ICU,Discharged
2509,146,2025-01-07,2026-06-19,Private,Under Observation
1202,2,2025-04-03,2026-06-11,ICU,Under Observation
2722,150,2026-05-03,2026-06-16,ICU,Under Observation
475,70,2026-05-12,2026-07-05,Private,Discharged
424,43,2025-11-28,2026-07-06,ICU,Admitted
891,147,2026-01-09,2026-07-01,ICU,Admitted
253,68,2025-08-12,2026-06-27,Emergency,Admitted
727,62,2025-04-24,2026-06-29,General,Admitted
1579,93,2025-03-01,2026-07-06,General,Under Observation
2454,198,2025-10-20,2026-06-17,General,Admitted
1957,13,2025-07-01,2026-07-06,Private,Admitted
2324,107,2025-06-20,2026-06-10,Emergency,Discharged
2592,81,2024-09-29,2026-07-06,General,Under Observation
1579,25,2025-12-30,2026-07-01,Private,Under Observation
2847,64,2026-05-16,2026-06-23,ICU,Admitted
2082,192,2024-12-15,2026-06-16,ICU,Under Observation
768,195,2024-07-07,2026-06-23,General,Under Observation
2239,127,2025-08-08,2026-07-02,General,Discharged
2418,20,2025-01-30,2026-06-14,Emergency,Under Observation
934,15,2025-07-01,2026-06-25,ICU,Admitted
409,180,2024-11-23,2026-06-19,Private,Under Observation
201,154,2025-05-23,2026-06-12,Emergency,Discharged
2071,74,2025-06-06,2026-07-06,Emergency,Under Observation
54,71,2026-03-31,2026-06-13,ICU,Admitted
1418,101,2025-10-27,2026-07-06,Private,Discharged
2836,176,2025-08-25,2026-06-22,Private,Under Observation
1868,57,2025-12-15,2026-06-16,Emergency,Discharged
138,132,2025-12-14,2026-06-23,Private,Admitted
47,193,2025-07-11,2026-07-03,Private,Admitted
1579,194,2025-08-27,2026-06-18,General,Discharged
2250,88,2026-04-12,2026-06-17,ICU,Discharged
397,23,2025-05-15,2026-06-30,Private,Discharged
43,45,2026-01-14,2026-07-07,Emergency,Admitted
811,197,2025-11-16,2026-06-16,Private,Discharged
1732,146,2025-02-08,2026-06-24,Emergency,Admitted
380,67,2026-04-26,2026-07-02,Private,Admitted
301,142,2026-04-20,2026-06-18,General,Admitted
493,105,2025-04-21,2026-06-15,General,Under Observation
2993,37,2025-01-24,2026-06-27,Private,Under Observation
1993,167,2025-02-17,2026-07-04,Private,Discharged
2656,144,2025-11-26,2026-07-07,ICU,Under Observation
794,7,2026-03-11,2026-06-20,Emergency,Under Observation
90,177,2025-01-18,2026-06-17,ICU,Admitted
347,63,2024-12-30,2026-06-30,General,Admitted
2241,128,2024-10-31,2026-07-06,Private,Discharged
2366,20,2026-05-22,2026-06-30,Private,Discharged
825,42,2026-01-15,2026-06-11,ICU,Admitted
1761,200,2025-07-22,2026-06-17,ICU,Admitted
1139,86,2024-09-29,2026-06-16,Emergency,Under Observation
2323,152,2026-04-15,2026-06-24,General,Discharged
2084,76,2025-02-18,2026-06-22,General,Admitted
473,46,2025-08-24,2026-06-30,ICU,Discharged
2796,79,2025-05-17,2026-06-22,Emergency,Discharged
2305,53,2026-01-08,2026-06-18,Emergency,Under Observation
2772,186,2026-04-13,2026-06-14,General,Under Observation
2556,107,2024-09-04,2026-06-27,Emergency,Discharged
880,139,2025-05-23,2026-06-17,ICU,Discharged
1574,96,2026-03-21,2026-06-27,Emergency,Discharged
1944,47,2025-11-30,2026-06-28,General,Discharged
2494,53,2025-06-22,2026-06-19,Private,Admitted
2590,65,2024-06-08,2026-07-02,General,Discharged
1113,163,2025-01-21,2026-06-30,Private,Discharged
983,100,2025-10-07,2026-07-05,General,Discharged
2094,165,2026-02-27,2026-06-13,Private,Under Observation
2942,61,2024-09-15,2026-06-12,Private,Under Observation
2235,197,2024-10-01,2026-07-08,ICU,Under Observation
1111,146,2025-01-06,2026-06-17,Emergency,Discharged
770,163,2024-07-14,2026-07-01,ICU,Under Observation
1312,7,2024-11-29,2026-07-02,Emergency,Discharged
537,79,2024-11-20,2026-06-25,Private,Admitted
1437,169,2025-07-21,2026-06-25,ICU,Admitted
183,29,2025-02-08,2026-06-18,Emergency,Under Observation
1775,74,2024-11-13,2026-06-18,Private,Discharged
275,54,2025-07-24,2026-06-15,Emergency,Discharged
908,46,2026-01-16,2026-06-28,ICU,Under Observation
751,148,2026-01-07,2026-07-07,General,Under Observation
378,65,2025-01-08,2026-07-07,ICU,Discharged
17,34,2025-02-22,2026-06-25,Private,Admitted
2995,75,2025-06-01,2026-07-04,ICU,Admitted
1973,142,2024-06-20,2026-06-24,ICU,Discharged
2535,49,2025-10-09,2026-06-12,General,Under Observation
1593,172,2025-09-03,2026-06-30,General,Admitted
2438,121,2024-12-24,2026-06-22,Private,Under Observation
2042,74,2025-02-03,2026-06-17,ICU,Admitted
1039,89,2025-10-03,2026-06-28,Emergency,Under Observation
540,81,2025-03-21,2026-06-20,General,Under Observation
1237,67,2025-11-24,2026-06-24,Emergency,Discharged
299,145,2025-04-02,2026-07-02,ICU,Under Observation
2541,45,2024-09-05,2026-06-10,General,Under Observation
67,116,2024-08-24,2026-06-30,General,Under Observation
2557,61,2025-07-25,2026-06-19,ICU,Under Observation
2302,22,2024-10-31,2026-07-08,Emergency,Admitted
1416,151,2025-05-16,2026-06-18,Emergency,Under Observation
657,119,2025-01-24,2026-07-05,Private,Under Observation
2529,41,2026-01-19,2026-06-25,ICU,Under Observation
1179,4,2025-11-15,2026-06-19,ICU,Under Observation
362,11,2025-03-09,2026-07-07,General,Discharged
1038,57,2025-11-07,2026-06-14,ICU,Under Observation
802,12,2024-10-14,2026-06-23,Private,Under Observation
1035,182,2025-06-30,2026-07-02,General,Discharged
2563,75,2025-10-02,2026-07-08,Private,Discharged
2790,135,2025-05-16,2026-06-26,Private,Discharged
319,12,2025-08-28,2026-06-20,Emergency,Discharged
900,108,2025-10-14,2026-06-12,General,Admitted
1614,192,2026-05-16,2026-06-14,Emergency,Under Observation
907,163,2026-03-22,2026-06-18,General,Under Observation
2556,160,2026-04-17,2026-06-20,ICU,Discharged
1265,108,2025-08-10,2026-06-10,Private,Admitted
2503,86,2024-08-15,2026-07-02,ICU,Discharged
2886,84,2024-08-15,2026-06-14,General,Admitted
416,151,2025-02-19,2026-06-24,Emergency,Under Observation
2011,79,2025-02-04,2026-07-06,General,Discharged
808,66,2025-12-03,2026-06-25,Private,Admitted
1065,144,2025-08-23,2026-06-30,Private,Discharged
1557,151,2025-07-06,2026-06-24,General,Discharged
1243,3,2025-09-04,2026-07-03,Private,Discharged
2194,143,2024-08-18,2026-06-12,General,Discharged
1358,71,2026-03-17,2026-06-22,ICU,Under Observation
1349,160,2025-08-29,2026-06-23,Private,Under Observation
196,89,2024-07-13,2026-07-08,Emergency,Discharged
2805,163,2024-07-27,2026-07-05,General,Admitted
480,133,2026-04-24,2026-07-07,General,Under Observation
1022,14,2024-12-11,2026-06-17,Emergency,Discharged
412,112,2026-03-25,2026-07-02,Emergency,Admitted
2376,91,2025-04-29,2026-07-02,ICU,Discharged
133,180,2025-12-09,2026-06-10,Private,Under Observation
60,60,2026-03-27,2026-06-20,General,Discharged
1166,43,2025-07-01,2026-06-21,ICU,Admitted
1069,42,2024-07-12,2026-07-08,Private,Under Observation
808,44,2025-08-12,2026-06-20,General,Admitted
2016,174,2024-12-23,2026-06-23,Emergency,Discharged
2859,109,2024-07-20,2026-06-13,Private,Under Observation
2460,138,2024-07-30,2026-07-04,General,Admitted
1320,63,2025-03-25,2026-06-28,General,Discharged
380,83,2026-04-10,2026-07-03,General,Admitted
365,83,2025-12-10,2026-06-10,ICU,Discharged
1883,88,2025-06-22,2026-06-16,ICU,Admitted
1023,181,2025-08-19,2026-06-25,Private,Under Observation
2006,45,2025-06-23,2026-06-26,ICU,Under Observation
1487,157,2025-06-17,2026-07-06,General,Under Observation
1131,180,2025-11-01,2026-06-26,Private,Admitted
1365,51,2025-03-07,2026-07-08,Emergency,Discharged
166,189,2025-10-25,2026-06-23,Private,Discharged
930,22,2024-07-21,2026-07-06,General,Discharged
367,169,2026-01-27,2026-06-23,Emergency,Discharged
2731,99,2025-05-25,2026-06-22,Private,Under Observation
2813,24,2026-02-19,2026-07-04,Emergency,Discharged
1243,186,2026-04-15,2026-06-29,Emergency,Discharged
2238,79,2025-05-27,2026-06-15,ICU,Admitted
344,61,2024-07-07,2026-06-24,General,Admitted
2638,126,2025-05-01,2026-06-25,Private,Discharged
1255,158,2025-05-11,2026-06-12,ICU,Under Observation
2443,8,2025-04-05,2026-06-15,General,Under Observation
1640,21,2024-12-23,2026-06-12,Emergency,Under Observation
273,141,2026-04-17,2026-07-04,Private,Discharged
738,116,2024-07-20,2026-06-20,General,Admitted
850,21,2024-08-31,2026-06-28,General,Under Observation
930,155,2025-05-04,2026-06-23,Private,Admitted
2155,180,2026-05-02,2026-07-02,ICU,Under Observation
1917,159,2025-09-18,2026-06-30,ICU,Admitted
1101,55,2024-06-21,2026-06-13,Emergency,Admitted
590,169,2025-03-17,2026-07-04,Emergency,Admitted
2944,151,2026-03-27,2026-06-10,Private,Discharged
2816,69,2025-07-15,2026-06-12,General,Under Observation
1770,188,2025-02-05,2026-06-13,General,Discharged
495,151,2025-01-16,2026-06-28,Emergency,Discharged
2283,141,2024-10-28,2026-06-19,Private,Discharged
1122,164,2025-04-23,2026-06-26,General,Under Observation
1071,9,2024-09-30,2026-06-30,General,Under Observation
500,58,2025-06-10,2026-07-05,ICU,Under Observation
172,74,2024-09-06,2026-06-25,ICU,Admitted
674,192,2026-03-12,2026-06-11,General,Admitted
911,145,2025-10-19,2026-06-23,General,Under Observation
1509,25,2025-03-12,2026-06-19,General,Discharged
2188,20,2024-10-20,2026-06-23,Private,Discharged
94,55,2025-05-02,2026-06-15,Private,Admitted
2375,47,2025-07-05,2026-07-01,Private,Discharged
2773,69,2025-04-20,2026-06-30,General,Discharged
347,14,2025-01-30,2026-06-16,General,Under Observation
184,152,2024-12-01,2026-06-24,Private,Discharged
1590,74,2025-03-22,2026-07-01,Emergency,Discharged
2109,6,2025-12-04,2026-06-10,ICU,Admitted
553,53,2025-08-18,2026-06-11,ICU,Under Observation
784,53,2026-04-20,2026-06-28,Private,Under Observation
1903,87,2026-01-09,2026-07-03,Private,Under Observation
1385,181,2024-12-08,2026-06-27,Emergency,Discharged
2259,137,2026-03-05,2026-06-14,ICU,Under Observation
1788,13,2025-11-12,2026-07-06,ICU,Discharged
1748,99,2025-12-24,2026-06-13,General,Admitted
1549,8,2026-06-01,2026-06-16,Private,Under Observation
2227,75,2024-06-28,2026-06-14,General,Admitted
687,78,2025-07-16,2026-07-04,Private,Under Observation
2738,70,2024-12-07,2026-07-03,General,Under Observation
1220,153,2026-04-28,2026-06-18,Private,Under Observation
540,193,2025-02-20,2026-06-13,General,Discharged
1913,15,2025-05-13,2026-06-20,General,Admitted
2795,105,2024-08-21,2026-06-23,ICU,Discharged
371,39,2024-09-07,2026-06-20,ICU,Discharged
1436,62,2026-02-23,2026-06-10,ICU,Under Observation
2595,86,2025-05-13,2026-07-05,Private,Discharged
1745,29,2026-02-09,2026-07-04,ICU,Under Observation
647,82,2025-05-30,2026-07-05,ICU,Admitted
1782,180,2026-02-10,2026-06-09,General,Admitted
1013,132,2025-03-02,2026-06-13,ICU,Admitted
2733,102,2024-12-03,2026-06-17,Emergency,Under Observation
436,94,2025-04-19,2026-07-03,Emergency,Discharged
590,37,2025-08-28,2026-06-26,Private,Discharged
2825,48,2025-07-12,2026-06-10,General,Discharged
1950,3,2024-08-22,2026-06-14,ICU,Under Observation
1729,30,2024-11-03,2026-06-12,Private,Admitted
2024,138,2025-01-27,2026-06-13,Emergency,Discharged
710,42,2026-02-14,2026-06-12,Emergency,Admitted
196,117,2024-11-05,2026-06-19,Private,Under Observation
2426,183,2025-01-01,2026-06-17,ICU,Discharged
1841,112,2025-09-04,2026-06-15,Emergency,Discharged
1280,73,2024-07-04,2026-06-18,General,Admitted
1814,29,2026-04-10,2026-07-04,General,Discharged
374,62,2024-09-05,2026-07-07,ICU,Discharged
2108,111,2026-03-30,2026-06-27,ICU,Discharged
2569,113,2024-12-18,2026-07-04,Private,Under Observation
439,36,2025-07-03,2026-06-16,General,Admitted
2008,101,2026-05-15,2026-07-06,General,Admitted
1265,91,2025-07-07,2026-06-30,General,Under Observation
2114,174,2025-04-18,2026-06-23,ICU,Under Observation
1796,35,2025-10-18,2026-06-17,ICU,Under Observation
259,96,2024-12-31,2026-06-23,Emergency,Admitted
902,92,2024-10-06,2026-06-23,Private,Under Observation
1749,189,2025-09-12,2026-07-01,Emergency,Admitted
376,12,2025-11-05,2026-07-08,General,Admitted
850,109,2024-09-22,2026-06-22,General,Under Observation
2918,38,2025-07-01,2026-06-17,Emergency,Under Observation
2766,90,2026-02-28,2026-06-10,ICU,Under Observation
503,83,2024-06-22,2026-07-01,ICU,Discharged
1121,89,2024-09-25,2026-06-29,Emergency,Discharged
2386,113,2025-04-30,2026-06-28,ICU,Admitted
2115,62,2024-07-24,2026-07-01,Private,Discharged
1608,18,2025-07-01,2026-06-27,General,Discharged
183,79,2024-11-07,2026-06-20,Emergency,Under Observation
2926,27,2026-05-16,2026-06-18,ICU,Discharged
141,20,2025-04-23,2026-06-19,Private,Admitted
2779,142,2025-08-30,2026-06-21,Emergency,Discharged
217,197,2025-10-18,2026-06-13,ICU,Admitted
1468,60,2024-08-14,2026-06-12,ICU,Under Observation
1198,34,2026-05-14,2026-07-05,Emergency,Discharged
2473,33,2025-07-05,2026-07-07,ICU,Admitted
1629,103,2025-05-21,2026-07-06,ICU,Admitted
443,145,2025-05-18,2026-06-27,Private,Under Observation
763,156,2025-12-13,2026-07-02,Emergency,Under Observation
487,193,2025-02-05,2026-07-04,Emergency,Under Observation
1854,89,2026-02-24,2026-06-28,Emergency,Admitted
2096,171,2026-02-19,2026-06-13,Private,Under Observation
2801,112,2025-05-02,2026-06-19,ICU,Discharged
48,179,2024-12-19,2026-06-28,Emergency,Admitted
2969,165,2024-09-25,2026-06-22,Private,Discharged
2192,90,2025-05-03,2026-06-29,Emergency,Under Observation
2965,68,2025-09-10,2026-07-07,Emergency,Under Observation
1382,38,2025-05-16,2026-06-29,General,Under Observation
684,2,2024-08-03,2026-06-09,ICU,Discharged
2241,149,2025-12-23,2026-06-22,General,Discharged
1666,183,2025-10-20,2026-06-24,ICU,Under Observation
1601,179,2026-01-08,2026-06-13,Private,Admitted
824,36,2025-05-04,2026-06-27,ICU,Under Observation
2585,70,2026-05-23,2026-06-25,Private,Admitted
2387,58,2025-03-12,2026-06-25,Emergency,Admitted
284,97,2026-01-12,2026-06-10,Private,Discharged
1091,147,2025-09-04,2026-06-17,ICU,Discharged
882,143,2026-05-25,2026-06-10,Emergency,Discharged
1847,25,2025-02-24,2026-06-12,General,Under Observation
21,194,2025-08-11,2026-07-03,Emergency,Discharged
539,101,2024-07-16,2026-06-26,ICU,Discharged
642,36,2025-12-24,2026-06-15,Private,Discharged
2039,171,2025-07-21,2026-07-04,General,Discharged
1022,101,2025-10-18,2026-06-29,Emergency,Admitted
715,118,2025-10-03,2026-07-04,General,Discharged
734,124,2026-02-10,2026-07-04,Emergency,Under Observation
1696,98,2025-12-23,2026-06-20,General,Discharged
2669,140,2025-08-20,2026-06-25,General,Under Observation
495,149,2024-11-12,2026-06-30,Emergency,Under Observation
2785,63,2025-02-17,2026-06-23,Emergency,Under Observation
675,5,2024-12-08,2026-06-23,General,Discharged
2728,1,2026-06-04,2026-06-19,General,Under Observation
2036,156,2025-07-06,2026-06-20,General,Under Observation
2880,193,2025-03-15,2026-06-29,Emergency,Discharged
970,94,2024-11-05,2026-07-02,Private,Under Observation
2794,199,2024-07-29,2026-07-07,ICU,Under Observation
2881,85,2025-01-04,2026-06-22,General,Under Observation
2502,110,2025-03-24,2026-07-04,Emergency,Under Observation
2993,149,2025-11-02,2026-06-10,Emergency,Under Observation
17,24,2025-08-26,2026-06-29,Private,Admitted
519,191,2024-10-04,2026-06-15,General,Admitted
1218,52,2025-12-03,2026-06-19,General,Under Observation
1581,161,2024-09-09,2026-06-10,Private,Under Observation
1335,160,2026-02-27,2026-06-28,Emergency,Discharged
931,96,2025-04-21,2026-06-21,Private,Under Observation
589,94,2024-10-26,2026-06-20,Emergency,Under Observation
2466,167,2025-05-03,2026-06-18,General,Under Observation
837,11,2025-05-09,2026-06-25,General,Admitted
345,104,2024-12-19,2026-06-30,Private,Admitted
168,189,2025-04-29,2026-06-16,ICU,Admitted
816,122,2025-07-30,2026-06-16,General,Under Observation
2357,4,2025-12-15,2026-07-08,Private,Admitted
1816,92,2025-07-25,2026-07-04,ICU,Under Observation
936,120,2026-05-20,2026-06-30,General,Under Observation
308,115,2024-11-19,2026-06-27,Private,Admitted
1304,25,2026-05-29,2026-06-29,Private,Discharged
483,8,2024-09-08,2026-06-10,General,Under Observation
2454,173,2024-07-21,2026-06-14,Private,Discharged
2147,107,2024-07-08,2026-06-27,Private,Discharged
502,79,2026-04-17,2026-06-13,Private,Under Observation
1052,78,2024-12-01,2026-06-09,ICU,Discharged
97,67,2025-06-26,2026-06-27,General,Discharged
2793,64,2024-07-30,2026-06-13,General,Under Observation
2345,9,2026-05-12,2026-07-08,ICU,Admitted
2680,163,2026-04-30,2026-07-01,ICU,Admitted
1613,6,2026-04-23,2026-07-01,ICU,Discharged
2319,94,2025-03-17,2026-06-11,Emergency,Admitted
1237,139,2026-01-05,2026-06-21,ICU,Under Observation
89,116,2026-03-04,2026-06-26,ICU,Under Observation
2289,84,2025-06-06,2026-06-14,Private,Discharged
100,132,2025-07-20,2026-06-19,ICU,Discharged
1335,7,2025-06-29,2026-06-12,Private,Discharged
1347,73,2024-11-24,2026-06-18,Emergency,Admitted
2447,92,2024-12-27,2026-06-30,General,Under Observation
1338,91,2024-06-12,2026-06-15,General,Discharged
776,4,2024-10-06,2026-06-22,Emergency,Admitted
2505,143,2026-05-18,2026-06-13,ICU,Under Observation
986,87,2026-01-02,2026-07-08,General,Discharged
1914,180,2026-05-10,2026-06-14,Private,Admitted
1816,14,2025-11-18,2026-06-24,Emergency,Admitted
1932,104,2026-02-07,2026-06-21,ICU,Under Observation
1163,8,2025-07-13,2026-07-03,Emergency,Discharged
2999,78,2025-01-30,2026-07-07,ICU,Under Observation
2102,155,2025-09-10,2026-06-21,Private,Discharged
656,77,2026-01-04,2026-06-28,Emergency,Under Observation
2376,137,2025-01-05,2026-07-08,ICU,Admitted
2522,47,2024-11-21,2026-06-21,Private,Admitted
566,182,2025-11-28,2026-06-14,General,Under Observation
617,19,2026-01-11,2026-06-16,ICU,Under Observation
929,74,2024-12-21,2026-07-03,Emergency,Under Observation
1842,182,2024-07-15,2026-06-18,Emergency,Discharged
2456,65,2025-10-27,2026-06-17,General,Admitted
2933,82,2025-06-06,2026-06-14,Emergency,Discharged
1425,189,2024-08-05,2026-07-02,ICU,Under Observation
160,117,2025-09-15,2026-06-22,Emergency,Admitted
1617,5,2025-01-16,2026-06-24,Private,Under Observation
1022,9,2025-08-11,2026-06-26,General,Under Observation
428,39,2024-07-16,2026-07-07,General,Under Observation
460,79,2026-03-13,2026-06-19,ICU,Discharged
1880,6,2025-07-21,2026-07-01,Private,Admitted
1027,24,2024-11-03,2026-06-14,Private,Discharged
2155,136,2025-11-08,2026-07-03,General,Admitted
2479,181,2025-05-10,2026-07-07,ICU,Admitted
2769,113,2024-11-16,2026-07-02,General,Under Observation
2807,136,2026-05-02,2026-06-14,ICU,Discharged
1138,130,2024-08-05,2026-06-21,ICU,Discharged
443,26,2024-09-24,2026-06-30,Private,Under Observation
1976,86,2025-01-21,2026-06-11,Emergency,Admitted
2839,37,2026-05-30,2026-07-02,Private,Admitted
409,99,2026-03-31,2026-07-05,ICU,Under Observation
815,118,2025-04-07,2026-06-09,ICU,Under Observation
2731,14,2025-03-15,2026-06-11,ICU,Admitted
326,86,2025-06-19,2026-06-19,Private,Under Observation
954,117,2025-12-09,2026-07-01,ICU,Discharged
1654,150,2024-10-28,2026-07-08,ICU,Discharged
765,102,2026-04-29,2026-06-12,ICU,Admitted
2208,158,2024-10-31,2026-06-30,Private,Under Observation
1574,111,2026-02-12,2026-06-30,ICU,Under Observation
1959,199,2026-01-09,2026-06-20,ICU,Admitted
2574,92,2025-01-30,2026-06-22,General,Under Observation
712,158,2024-12-06,2026-06-26,Private,Under Observation
416,48,2026-05-24,2026-06-14,General,Admitted
747,140,2025-06-27,2026-06-24,Emergency,Admitted
369,95,2024-07-22,2026-06-26,Emergency,Under Observation
12,23,2024-09-16,2026-07-01,ICU,Under Observation
2554,28,2024-06-29,2026-06-09,ICU,Under Observation
364,4,2026-03-23,2026-07-01,Emergency,Admitted
2668,123,2026-03-03,2026-07-03,Private,Under Observation
486,189,2026-05-05,2026-06-18,Private,Discharged
2662,95,2025-05-13,2026-06-29,General,Under Observation
2566,135,2026-04-23,2026-06-24,ICU,Admitted
2322,40,2024-06-19,2026-06-25,General,Admitted
372,158,2025-08-30,2026-06-27,ICU,Discharged
2914,60,2026-06-05,2026-07-07,General,Admitted
1730,168,2024-09-23,2026-06-28,Private,Under Observation
92,78,2024-08-19,2026-06-15,General,Admitted
2414,141,2026-02-14,2026-07-04,General,Under Observation
2447,88,2026-05-11,2026-07-03,ICU,Admitted
2726,1,2025-06-17,2026-06-21,ICU,Under Observation
1088,20,2025-08-25,2026-07-08,Emergency,Admitted
195,121,2025-07-22,2026-06-10,General,Under Observation
391,200,2025-10-17,2026-07-05,General,Admitted
786,19,2025-12-27,2026-06-15,ICU,Admitted
1250,108,2025-03-24,2026-07-06,ICU,Under Observation
421,75,2026-04-04,2026-07-03,Emergency,Admitted
1990,28,2025-07-11,2026-07-02,Private,Under Observation
741,142,2025-07-10,2026-06-21,ICU,Admitted
2132,7,2026-01-31,2026-06-19,ICU,Discharged
829,78,2026-04-10,2026-07-05,Private,Under Observation
1505,107,2024-10-26,2026-06-10,Private,Admitted
2159,197,2024-09-05,2026-06-30,General,Under Observation
546,123,2026-04-18,2026-06-14,General,Discharged
2112,95,2025-04-20,2026-07-05,ICU,Under Observation
2703,188,2025-02-17,2026-07-03,Private,Discharged
95,32,2025-10-16,2026-06-18,Private,Discharged
2509,190,2025-11-07,2026-07-02,ICU,Under Observation
2141,19,2026-01-10,2026-06-09,Emergency,Under Observation
2335,128,2025-01-17,2026-06-22,ICU,Discharged
495,32,2025-01-17,2026-06-23,General,Discharged
2225,82,2026-04-01,2026-06-21,Private,Under Observation
1791,92,2026-05-30,2026-06-10,Private,Under Observation
1173,174,2026-02-25,2026-06-18,Emergency,Admitted
2298,64,2025-07-05,2026-07-06,General,Admitted
1455,68,2024-11-12,2026-06-12,ICU,Under Observation
1047,11,2026-04-24,2026-06-11,ICU,Under Observation
1889,136,2025-03-13,2026-07-01,Emergency,Discharged
620,33,2024-10-20,2026-06-24,General,Admitted
1806,107,2025-12-10,2026-07-04,Emergency,Discharged
736,56,2024-12-24,2026-06-11,Emergency,Discharged
989,116,2024-08-28,2026-06-17,Private,Admitted
1675,106,2025-04-14,2026-06-27,ICU,Discharged
1191,183,2025-07-04,2026-06-23,Private,Under Observation
1346,75,2025-12-04,2026-06-28,General,Admitted
1672,15,2026-02-10,2026-06-27,General,Discharged
2056,28,2025-07-04,2026-06-15,General,Under Observation
463,43,2025-02-03,2026-06-17,General,Under Observation
56,17,2026-02-21,2026-07-06,ICU,Under Observation
1049,39,2025-02-01,2026-07-08,Emergency,Admitted
2356,155,2025-04-03,2026-06-15,General,Discharged
1773,153,2025-06-11,2026-06-12,Emergency,Admitted
1837,69,2024-11-24,2026-07-08,Emergency,Discharged
970,12,2026-01-08,2026-06-12,Private,Under Observation
1188,100,2025-07-26,2026-06-15,Private,Discharged
2750,200,2025-10-20,2026-06-11,ICU,Under Observation
2302,119,2025-10-01,2026-06-27,ICU,Admitted
1672,40,2024-07-18,2026-06-23,ICU,Admitted
2976,3,2026-04-27,2026-06-10,General,Discharged
764,159,2024-06-30,2026-06-11,Emergency,Discharged
1139,112,2025-11-02,2026-06-26,Emergency,Under Observation
2646,59,2025-09-18,2026-06-23,ICU,Discharged
1921,163,2026-04-15,2026-07-03,Emergency,Admitted
1224,168,2024-11-30,2026-06-18,ICU,Admitted
1611,88,2024-12-05,2026-06-12,ICU,Admitted
2421,156,2025-02-09,2026-07-06,Emergency,Admitted
582,192,2024-06-20,2026-06-18,General,Under Observation
2907,186,2024-12-27,2026-06-29,ICU,Discharged
2660,135,2025-06-27,2026-07-08,General,Discharged
2032,178,2026-03-26,2026-06-09,Emergency,Discharged
494,80,2025-02-20,2026-06-20,General,Admitted
439,20,2026-06-01,2026-06-26,Emergency,Under Observation
627,23,2026-05-18,2026-07-08,ICU,Discharged
1247,138,2025-04-18,2026-06-19,General,Discharged
954,29,2024-12-08,2026-06-10,General,Under Observation
1097,162,2026-05-25,2026-06-18,Emergency,Under Observation
2031,34,2024-10-13,2026-07-01,Emergency,Discharged
1444,15,2024-08-26,2026-06-23,Emergency,Admitted
1949,51,2024-06-17,2026-06-21,ICU,Under Observation
634,26,2024-07-07,2026-07-07,Emergency,Discharged
1972,55,2025-11-30,2026-06-30,ICU,Admitted
1962,129,2024-10-27,2026-07-06,Private,Discharged
917,161,2024-07-30,2026-07-04,General,Admitted
1742,118,2026-02-20,2026-06-19,General,Discharged
2559,101,2025-10-09,2026-07-02,ICU,Under Observation
1477,119,2025-04-09,2026-06-25,General,Admitted
1862,25,2026-04-07,2026-06-26,General,Discharged
2387,195,2025-12-26,2026-06-18,Emergency,Admitted
2546,49,2025-11-07,2026-06-25,Private,Admitted
18,52,2025-12-30,2026-07-04,General,Under Observation
1187,197,2025-09-09,2026-06-28,Emergency,Under Observation
2564,14,2025-09-06,2026-06-25,ICU,Discharged
943,101,2025-04-19,2026-06-21,Private,Admitted
1883,160,2025-09-12,2026-06-19,General,Under Observation
1642,8,2025-06-15,2026-06-10,Emergency,Under Observation
1187,63,2025-10-21,2026-07-03,Emergency,Under Observation
2398,198,2025-04-22,2026-06-15,Private,Under Observation
2344,3,2024-09-17,2026-06-21,Private,Under Observation
2324,10,2026-04-20,2026-06-24,ICU,Discharged
1913,148,2026-05-06,2026-06-17,ICU,Discharged
1874,29,2025-05-17,2026-06-15,ICU,Under Observation
1431,84,2026-05-01,2026-06-28,ICU,Under Observation
2628,106,2024-06-29,2026-06-27,Emergency,Admitted
1794,179,2026-05-29,2026-06-23,ICU,Under Observation
1822,45,2025-05-23,2026-07-03,Emergency,Discharged
2870,156,2026-02-26,2026-07-05,Emergency,Admitted
10,199,2025-06-19,2026-07-06,ICU,Under Observation
2184,180,2026-02-22,2026-06-20,General,Admitted
780,122,2025-07-07,2026-06-15,ICU,Admitted
962,159,2025-03-05,2026-06-25,ICU,Discharged
2164,11,2026-04-25,2026-06-20,Private,Admitted
2464,105,2025-06-15,2026-06-21,ICU,Admitted
349,95,2024-10-27,2026-07-03,ICU,Admitted
1554,61,2025-12-22,2026-06-17,ICU,Admitted
132,126,2026-02-14,2026-06-28,Private,Discharged
2858,10,2024-06-08,2026-06-17,General,Admitted
2255,117,2025-07-04,2026-06-10,General,Discharged
1378,63,2025-08-12,2026-07-07,Emergency,Admitted
993,139,2026-03-08,2026-07-08,ICU,Admitted
785,76,2026-01-07,2026-06-17,Emergency,Discharged
2199,14,2024-08-22,2026-06-21,ICU,Under Observation
697,50,2025-03-09,2026-06-09,ICU,Under Observation
2748,143,2024-09-13,2026-06-17,Emergency,Admitted
1235,39,2026-03-02,2026-06-13,Emergency,Under Observation
515,70,2024-10-14,2026-07-08,General,Under Observation
2749,115,2026-01-24,2026-06-25,Private,Admitted
2996,140,2025-12-20,2026-06-24,Private,Under Observation
1540,75,2024-09-12,2026-06-17,ICU,Admitted
2688,95,2024-10-24,2026-06-19,General,Under Observation
125,83,2025-03-25,2026-06-20,Emergency,Admitted
2419,123,2025-01-14,2026-06-30,Private,Admitted
2465,143,2025-10-02,2026-06-20,General,Discharged
1341,191,2026-05-09,2026-06-20,Private,Under Observation
2333,105,2025-12-23,2026-06-26,General,Under Observation
2733,158,2025-01-06,2026-06-26,Emergency,Under Observation
1335,166,2025-09-28,2026-06-18,Emergency,Admitted
544,152,2025-02-08,2026-07-04,Private,Discharged
2537,94,2026-02-12,2026-06-14,Emergency,Discharged
1094,65,2026-03-23,2026-06-23,ICU,Discharged
2029,165,2026-02-12,2026-06-22,ICU,Admitted
563,86,2026-05-16,2026-07-04,Emergency,Under Observation
1629,121,2025-12-06,2026-06-19,Emergency,Under Observation
843,39,2026-04-06,2026-07-08,General,Admitted
2476,7,2026-05-18,2026-06-28,General,Under Observation
2009,47,2024-10-22,2026-06-18,ICU,Admitted
66,65,2024-10-08,2026-06-16,Private,Under Observation
2312,108,2025-02-27,2026-06-27,ICU,Admitted
254,130,2025-02-24,2026-06-26,Emergency,Admitted
821,70,2026-02-10,2026-06-24,General,Discharged
2484,115,2024-08-13,2026-07-08,General,Under Observation
2771,192,2026-01-13,2026-06-23,Private,Admitted
2899,13,2024-09-17,2026-07-07,General,Admitted
950,133,2024-09-17,2026-07-06,ICU,Discharged
2576,130,2026-01-21,2026-06-17,ICU,Discharged
210,74,2024-08-06,2026-06-21,General,Admitted
1155,130,2024-09-07,2026-06-11,Emergency,Under Observation
1777,124,2026-04-23,2026-06-27,General,Admitted
2080,106,2024-08-01,2026-06-24,Emergency,Admitted
681,157,2026-06-03,2026-06-13,ICU,Admitted
2229,141,2025-10-13,2026-06-24,ICU,Discharged
1077,150,2026-04-27,2026-07-01,ICU,Discharged
625,152,2025-01-01,2026-06-17,General,Admitted
1849,185,2025-01-29,2026-06-23,General,Under Observation
2963,25,2025-10-25,2026-06-19,General,Under Observation
2337,167,2024-09-25,2026-06-17,General,Discharged
40,73,2026-03-23,2026-06-24,Private,Admitted
253,183,2025-07-25,2026-06-16,Private,Discharged
2143,97,2025-12-01,2026-07-05,General,Under Observation
781,37,2025-02-23,2026-06-24,General,Admitted
1201,16,2024-07-03,2026-06-28,Private,Admitted
996,49,2026-05-05,2026-07-08,ICU,Under Observation
482,24,2024-11-03,2026-06-10,Emergency,Admitted
112,25,2025-09-10,2026-07-07,General,Under Observation
2636,54,2025-05-18,2026-06-13,ICU,Under Observation
352,5,2026-01-09,2026-07-08,Emergency,Admitted
957,157,2024-07-20,2026-06-28,ICU,Discharged
2225,129,2026-03-13,2026-06-28,ICU,Discharged
2121,30,2025-09-30,2026-07-02,General,Admitted
188,12,2024-12-11,2026-06-17,ICU,Under Observation
2689,97,2024-10-03,2026-06-24,General,Admitted
1298,185,2025-10-09,2026-06-14,Private,Discharged
1003,31,2024-07-03,2026-06-25,General,Discharged
8,172,2026-05-11,2026-07-04,Private,Discharged
1573,127,2025-09-22,2026-06-18,General,Discharged
1444,162,2025-07-12,2026-06-26,ICU,Admitted
1873,72,2024-06-19,2026-06-28,General,Discharged
227,24,2024-10-09,2026-07-08,ICU,Discharged
778,74,2024-09-12,2026-06-25,General,Under Observation
1481,59,2024-10-10,2026-07-06,Private,Under Observation
1874,48,2025-04-10,2026-07-08,Emergency,Discharged
1910,176,2024-09-07,2026-07-02,Emergency,Under Observation
984,29,2025-06-08,2026-06-09,Private,Discharged
919,21,2026-05-15,2026-06-24,Emergency,Discharged
1666,140,2025-05-22,2026-06-14,Emergency,Discharged
893,100,2026-04-05,2026-06-21,Emergency,Discharged
578,87,2024-10-15,2026-06-26,Private,Discharged
2143,80,2024-12-12,2026-06-09,Emergency,Admitted
1197,186,2025-04-05,2026-06-25,ICU,Under Observation
1138,40,2025-04-14,2026-07-05,Private,Admitted
1489,198,2025-04-28,2026-06-12,Emergency,Admitted
1811,193,2024-08-18,2026-07-08,Emergency,Discharged
1613,49,2024-08-19,2026-06-26,Emergency,Admitted
245,23,2024-11-14,2026-07-05,ICU,Admitted
812,180,2025-11-18,2026-06-22,ICU,Admitted
1033,61,2025-08-13,2026-07-08,Emergency,Admitted
103,23,2025-04-20,2026-06-10,General,Under Observation
819,47,2025-09-19,2026-06-26,Private,Admitted
1396,34,2024-08-23,2026-06-29,Emergency,Admitted
121,167,2025-05-30,2026-06-14,General,Under Observation
2184,28,2025-10-16,2026-06-15,Emergency,Under Observation
1951,94,2024-10-24,2026-06-21,Private,Under Observation
1978,63,2024-11-18,2026-06-20,ICU,Admitted
1422,196,2024-12-24,2026-06-19,Private,Discharged
1736,64,2025-01-03,2026-06-13,Private,Discharged
2193,3,2026-03-21,2026-07-02,General,Under Observation
887,27,2025-09-14,2026-06-24,Emergency,Admitted
2168,8,2025-04-17,2026-06-13,ICU,Discharged
366,143,2025-07-08,2026-07-07,General,Admitted
1255,29,2024-09-21,2026-06-30,Emergency,Under Observation
1193,58,2025-03-16,2026-06-22,Private,Admitted
1739,78,2024-07-27,2026-06-14,General,Discharged
1529,135,2025-06-15,2026-06-14,General,Admitted
1568,133,2025-02-17,2026-06-23,Emergency,Under Observation
1327,30,2025-12-14,2026-06-15,Emergency,Admitted
1794,51,2024-12-27,2026-07-07,Emergency,Discharged
1188,101,2024-07-21,2026-07-06,Emergency,Discharged
37,147,2026-05-05,2026-06-13,Private,Discharged
1617,128,2024-11-18,2026-06-26,Emergency,Discharged
2218,118,2025-10-09,2026-07-04,Emergency,Under Observation
1149,66,2025-08-29,2026-06-27,Private,Discharged
2073,30,2025-12-15,2026-06-17,Private,Discharged
812,142,2024-07-20,2026-06-18,Private,Discharged
2552,61,2026-01-07,2026-06-30,General,Under Observation
2224,157,2024-09-01,2026-07-02,Private,Discharged
2916,123,2026-04-08,2026-06-30,General,Admitted
1673,117,2025-08-02,2026-06-25,General,Admitted
2405,96,2024-06-26,2026-06-17,Emergency,Under Observation
1195,154,2025-08-03,2026-07-02,ICU,Admitted
451,131,2025-01-29,2026-06-23,General,Admitted
200,32,2025-02-06,2026-06-17,Private,Admitted
1423,124,2025-10-13,2026-06-27,ICU,Under Observation
2261,84,2026-02-09,2026-06-14,Private,Under Observation
803,44,2025-06-29,2026-07-07,ICU,Discharged
2003,121,2025-10-14,2026-07-08,Private,Under Observation
338,166,2025-11-30,2026-06-24,ICU,Discharged
2923,112,2025-07-31,2026-06-10,General,Discharged
1215,104,2025-03-17,2026-06-18,General,Admitted
728,94,2026-01-14,2026-06-26,General,Admitted
1746,147,2026-04-11,2026-07-07,Private,Discharged
2122,99,2025-03-18,2026-06-13,Emergency,Under Observation
1321,148,2025-10-01,2026-07-03,ICU,Under Observation
2476,192,2026-04-30,2026-06-11,Emergency,Under Observation
1633,53,2026-03-22,2026-07-01,General,Discharged
414,49,2024-07-06,2026-07-02,ICU,Discharged
1000,194,2024-11-12,2026-06-14,Emergency,Admitted
2474,160,2025-12-27,2026-06-23,Private,Admitted
2617,88,2026-02-26,2026-06-11,General,Discharged
2372,90,2025-03-07,2026-06-13,ICU,Under Observation
915,148,2024-09-18,2026-06-11,ICU,Discharged
2708,145,2024-06-10,2026-06-23,General,Under Observation
1384,179,2024-08-16,2026-06-23,General,Admitted
1722,100,2026-03-11,2026-06-13,General,Under Observation
1961,167,2026-06-04,2026-06-16,General,Discharged
2916,54,2026-01-08,2026-06-11,Emergency,Under Observation
2632,184,2025-02-15,2026-06-27,ICU,Admitted
522,96,2024-06-30,2026-06-17,ICU,Under Observation
249,103,2026-01-13,2026-07-07,ICU,Discharged
1456,143,2025-06-17,2026-07-04,Private,Under Observation
2188,57,2025-08-21,2026-06-20,Emergency,Discharged
434,145,2025-07-07,2026-06-23,General,Discharged
143,25,2025-04-28,2026-06-30,Private,Under Observation
1179,18,2024-07-20,2026-07-04,Emergency,Under Observation
2245,189,2025-12-24,2026-06-22,ICU,Admitted
635,192,2025-10-27,2026-07-01,ICU,Under Observation
972,145,2025-06-10,2026-07-07,Private,Discharged
1657,30,2025-01-26,2026-07-05,ICU,Under Observation
902,192,2025-06-11,2026-06-25,General,Under Observation
64,23,2025-09-14,2026-06-09,General,Under Observation
2117,37,2026-02-02,2026-06-25,ICU,Discharged
2685,13,2024-08-16,2026-06-24,ICU,Under Observation
969,172,2024-11-11,2026-06-19,Emergency,Admitted
2662,69,2025-02-03,2026-06-28,General,Discharged
1713,79,2026-04-26,2026-06-14,General,Under Observation
1055,158,2025-10-18,2026-06-21,General,Admitted
2517,175,2025-05-08,2026-07-05,General,Under Observation
2235,189,2025-08-22,2026-06-13,Private,Admitted
85,133,2024-09-29,2026-06-22,General,Under Observation
2078,112,2024-11-21,2026-06-16,Private,Discharged
938,73,2025-07-18,2026-06-23,General,Discharged
2002,148,2026-03-19,2026-06-22,General,Admitted
441,46,2026-03-19,2026-07-04,General,Discharged
2046,50,2024-09-08,2026-07-08,General,Under Observation
304,89,2025-06-25,2026-07-01,ICU,Under Observation
2184,49,2025-08-03,2026-06-23,ICU,Admitted
2238,55,2024-09-21,2026-06-24,Emergency,Admitted
2267,47,2025-03-16,2026-06-15,Emergency,Under Observation
2070,13,2025-11-07,2026-07-02,Private,Admitted
1365,116,2025-07-02,2026-06-16,Emergency,Admitted
2564,49,2025-07-11,2026-06-13,Emergency,Admitted
300,69,2026-05-02,2026-06-22,Private,Discharged
26,19,2024-08-07,2026-07-06,Private,Admitted
2063,128,2025-01-28,2026-07-05,ICU,Admitted
2344,151,2025-08-02,2026-07-04,ICU,Discharged
1646,82,2026-01-18,2026-06-26,ICU,Admitted
1339,52,2025-07-03,2026-07-08,ICU,Under Observation
2070,100,2025-01-26,2026-07-01,ICU,Admitted
2989,96,2025-10-10,2026-06-24,ICU,Discharged
1694,23,2025-11-07,2026-06-18,ICU,Under Observation
648,200,2025-06-01,2026-07-07,Emergency,Admitted
1426,168,2026-03-16,2026-06-20,Private,Under Observation
337,132,2026-02-16,2026-07-05,ICU,Admitted
567,80,2026-04-11,2026-07-08,ICU,Admitted
936,168,2025-07-27,2026-06-30,Emergency,Under Observation
501,81,2024-09-19,2026-07-08,ICU,Under Observation
2540,90,2025-06-30,2026-06-27,Emergency,Under Observation
800,133,2025-11-13,2026-06-30,ICU,Discharged
1830,90,2024-06-21,2026-06-11,Private,Under Observation
1940,107,2024-07-08,2026-06-28,Emergency,Admitted
118,189,2024-10-23,2026-07-01,Private,Discharged
2132,76,2025-03-03,2026-06-10,ICU,Discharged
2888,65,2025-01-03,2026-07-07,Emergency,Discharged
397,14,2025-02-11,2026-07-01,ICU,Admitted
1820,183,2024-06-21,2026-06-10,General,Admitted
39,7,2025-01-12,2026-06-23,Private,Discharged
1906,102,2024-08-25,2026-06-15,ICU,Admitted
145,169,2025-06-30,2026-07-01,ICU,Admitted
2130,149,2026-04-12,2026-06-20,General,Under Observation
810,42,2024-07-14,2026-06-27,ICU,Discharged
952,135,2026-03-07,2026-06-13,Emergency,Discharged
1783,72,2025-05-21,2026-06-23,Private,Discharged
2125,138,2024-12-27,2026-06-09,General,Under Observation
200,190,2025-03-23,2026-06-21,General,Discharged
772,3,2025-02-21,2026-06-16,ICU,Discharged
2452,91,2024-08-05,2026-07-06,General,Discharged
1680,92,2025-04-01,2026-06-20,General,Discharged
1867,199,2025-01-06,2026-06-12,ICU,Admitted
1159,126,2025-02-10,2026-07-07,General,Admitted
107,121,2025-02-07,2026-06-26,ICU,Admitted
2314,152,2025-02-05,2026-06-15,General,Under Observation
1116,42,2026-05-24,2026-06-23,Emergency,Under Observation
2056,153,2024-08-17,2026-06-30,Private,Discharged
1759,7,2026-02-19,2026-06-10,Emergency,Discharged
391,193,2026-02-17,2026-06-09,Emergency,Under Observation
1065,112,2025-07-05,2026-06-17,General,Discharged
1238,114,2026-04-04,2026-06-16,ICU,Admitted
2205,20,2024-12-27,2026-06-11,Private,Admitted
2830,40,2025-09-22,2026-06-24,ICU,Discharged
2459,137,2026-03-05,2026-06-17,Private,Under Observation
746,7,2026-03-09,2026-06-11,ICU,Under Observation
124,98,2024-06-09,2026-06-11,Emergency,Under Observation
824,47,2025-05-29,2026-06-11,General,Admitted
306,69,2024-07-26,2026-06-09,Emergency,Discharged
1215,78,2025-10-26,2026-06-10,Private,Under Observation
833,167,2024-10-02,2026-07-07,General,Discharged
2238,147,2024-06-28,2026-06-18,Private,Discharged
526,200,2026-01-14,2026-06-28,Private,Under Observation
2658,168,2024-09-21,2026-06-23,Emergency,Discharged
1250,190,2025-03-09,2026-06-28,Emergency,Discharged
2776,52,2025-03-05,2026-07-04,Private,Discharged
2312,25,2026-02-02,2026-06-17,Private,Under Observation
2167,56,2026-03-24,2026-06-23,Private,Under Observation
2867,26,2025-03-01,2026-07-07,Emergency,Discharged
773,162,2024-10-19,2026-07-02,Emergency,Discharged
1716,79,2024-08-06,2026-06-17,ICU,Discharged
1507,182,2025-08-21,2026-07-01,General,Under Observation
2488,186,2025-10-25,2026-06-28,Emergency,Under Observation
555,10,2025-08-27,2026-06-17,Private,Discharged
1291,1,2025-11-14,2026-06-17,Private,Under Observation
1907,85,2025-05-09,2026-06-16,Private,Discharged
747,165,2025-03-03,2026-06-19,ICU,Discharged
2901,85,2025-03-14,2026-06-15,General,Under Observation
2254,29,2026-02-22,2026-06-18,Private,Under Observation
1355,146,2024-08-02,2026-07-08,General,Admitted
247,95,2024-09-09,2026-07-04,Private,Under Observation
2846,67,2024-08-03,2026-07-03,General,Admitted
899,48,2024-08-30,2026-06-25,ICU,Under Observation
1504,78,2025-02-26,2026-06-28,Private,Admitted
795,3,2026-02-03,2026-06-10,Private,Discharged
1810,83,2024-08-10,2026-06-18,General,Admitted
2052,86,2026-05-22,2026-06-12,ICU,Admitted
2232,58,2026-06-08,2026-06-15,ICU,Under Observation
1243,50,2025-10-18,2026-06-10,Emergency,Admitted
1486,176,2026-01-12,2026-07-01,Emergency,Admitted
1225,57,2025-12-27,2026-06-26,ICU,Discharged
515,96,2025-09-05,2026-06-23,Private,Discharged
1834,108,2025-12-29,2026-07-05,Emergency,Under Observation
160,132,2025-04-19,2026-06-23,Emergency,Discharged
2469,200,2024-12-18,2026-06-21,Emergency,Discharged
2880,118,2024-12-28,2026-06-29,Emergency,Admitted
583,184,2025-02-02,2026-06-10,Emergency,Admitted
857,53,2025-01-11,2026-06-30,ICU,Under Observation
2455,140,2024-08-22,2026-06-26,ICU,Admitted
1304,65,2025-05-13,2026-06-15,ICU,Admitted
128,164,2025-11-26,2026-06-20,Emergency,Under Observation
1116,59,2025-01-10,2026-06-13,Private,Discharged
734,167,2026-03-27,2026-06-22,ICU,Admitted
1049,3,2025-08-12,2026-06-14,Private,Admitted
2127,11,2026-05-19,2026-07-04,General,Under Observation
422,177,2025-01-20,2026-06-12,Private,Under Observation
2481,86,2025-06-07,2026-06-28,General,Under Observation
635,48,2026-02-28,2026-06-23,ICU,Discharged
554,19,2026-03-15,2026-07-07,Private,Discharged
1617,171,2025-01-01,2026-06-14,ICU,Admitted
2254,198,2025-02-23,2026-06-28,Emergency,Admitted
346,87,2025-01-28,2026-07-08,General,Under Observation
1862,117,2025-01-16,2026-07-02,Emergency,Discharged
2580,102,2026-02-12,2026-06-14,Private,Admitted
2683,123,2025-06-17,2026-06-12,ICU,Discharged
2508,127,2026-02-10,2026-06-10,ICU,Discharged
1702,139,2025-12-29,2026-07-07,ICU,Admitted
504,160,2025-09-14,2026-06-19,General,Under Observation
679,165,2024-11-30,2026-06-26,Private,Admitted
1223,21,2025-01-06,2026-06-11,General,Discharged
2828,170,2026-05-13,2026-07-02,Private,Admitted
1841,179,2025-12-20,2026-07-02,Private,Discharged
228,8,2024-07-22,2026-06-23,Private,Admitted
2502,158,2024-06-21,2026-06-17,Private,Admitted
964,20,2026-02-17,2026-06-17,General,Under Observation
2206,157,2025-08-11,2026-06-10,ICU,Admitted
360,111,2025-12-01,2026-07-04,Private,Under Observation
2091,36,2025-09-02,2026-06-12,Private,Under Observation
1109,73,2026-02-27,2026-07-01,Private,Under Observation
365,121,2024-06-18,2026-06-17,ICU,Admitted
1073,123,2025-06-27,2026-07-01,General,Under Observation
2335,102,2026-05-17,2026-06-10,Emergency,Under Observation
2789,135,2026-03-09,2026-07-06,General,Under Observation
1595,198,2026-03-08,2026-07-04,General,Under Observation
951,182,2025-01-24,2026-06-17,Emergency,Discharged
879,49,2024-07-28,2026-07-04,ICU,Admitted
2585,60,2026-01-21,2026-06-18,General,Discharged
2454,187,2025-04-12,2026-06-29,Private,Under Observation
760,131,2025-12-21,2026-07-07,Emergency,Discharged
943,46,2025-04-27,2026-06-13,Emergency,Admitted
2647,110,2025-05-05,2026-06-25,Emergency,Under Observation
2069,151,2026-04-24,2026-06-25,General,Discharged
1497,158,2024-07-09,2026-06-10,Emergency,Under Observation
2512,30,2025-04-16,2026-06-19,Private,Under Observation
2846,179,2026-03-27,2026-06-30,Private,Admitted
66,192,2024-07-19,2026-06-12,Private,Admitted
40,46,2025-01-31,2026-06-26,ICU,Discharged
1188,62,2025-11-22,2026-06-22,General,Under Observation
1258,34,2025-04-16,2026-06-29,Emergency,Admitted
659,190,2026-01-22,2026-06-20,Emergency,Admitted
1731,42,2025-12-12,2026-06-11,Private,Admitted
923,186,2024-06-28,2026-06-09,Private,Discharged
2402,11,2026-01-15,2026-06-24,General,Discharged
862,83,2025-12-07,2026-06-30,Emergency,Discharged
1240,194,2025-10-08,2026-06-23,Emergency,Under Observation
250,137,2026-03-17,2026-06-27,Private,Discharged
758,43,2025-10-15,2026-06-29,General,Admitted
2098,21,2026-02-03,2026-07-01,Emergency,Under Observation
1234,64,2024-12-10,2026-06-15,General,Discharged
1783,87,2026-02-01,2026-07-07,Private,Admitted
1023,48,2025-05-23,2026-06-16,General,Admitted
2003,135,2025-11-07,2026-06-11,Emergency,Admitted
798,20,2025-06-24,2026-06-25,ICU,Discharged
97,55,2025-02-14,2026-06-16,Emergency,Under Observation
1574,48,2026-03-19,2026-06-15,Emergency,Discharged
1948,73,2024-07-26,2026-06-14,Emergency,Admitted
2816,91,2025-04-14,2026-06-11,Private,Discharged
741,13,2026-01-10,2026-06-23,Emergency,Under Observation
910,81,2025-01-28,2026-06-13,General,Admitted
986,143,2025-06-22,2026-07-03,Emergency,Discharged
267,79,2026-03-17,2026-06-28,Private,Admitted
2959,59,2025-04-06,2026-06-23,ICU,Admitted
1500,55,2025-08-09,2026-06-21,ICU,Under Observation
2163,49,2026-01-26,2026-06-23,Emergency,Discharged
1467,199,2026-03-13,2026-06-09,General,Under Observation
1421,80,2025-03-18,2026-06-12,General,Admitted
269,183,2026-03-11,2026-06-10,General,Admitted
183,115,2024-10-17,2026-06-13,ICU,Discharged
163,87,2025-02-22,2026-06-18,General,Under Observation
2241,17,2026-01-08,2026-07-06,General,Discharged
1970,50,2025-08-25,2026-07-02,General,Under Observation
2496,55,2025-06-05,2026-07-07,ICU,Under Observation
664,86,2025-02-02,2026-07-06,ICU,Discharged
2521,188,2025-01-21,2026-06-28,General,Admitted
609,68,2025-05-24,2026-06-29,Emergency,Admitted
2577,161,2024-11-17,2026-06-29,General,Admitted
2553,41,2026-03-18,2026-07-07,Private,Under Observation
1180,52,2025-04-22,2026-06-17,ICU,Admitted
1570,51,2024-06-11,2026-06-16,Private,Admitted
1422,30,2025-12-13,2026-06-20,Emergency,Under Observation
418,129,2024-09-23,2026-06-12,Emergency,Discharged
405,55,2024-11-06,2026-06-20,Private,Under Observation
2835,27,2026-03-27,2026-06-23,Emergency,Discharged
632,13,2025-06-01,2026-06-26,ICU,Discharged
2684,139,2024-09-13,2026-06-10,General,Admitted
618,111,2025-06-20,2026-06-13,General,Admitted
1436,30,2024-08-24,2026-07-02,General,Under Observation
2894,113,2025-08-28,2026-06-18,General,Admitted
2769,148,2026-05-24,2026-06-29,Private,Discharged
2858,136,2025-10-04,2026-07-03,ICU,Under Observation
2858,65,2025-12-30,2026-06-24,Private,Admitted
1853,101,2024-12-24,2026-06-23,General,Discharged
994,171,2025-01-05,2026-06-16,Private,Under Observation
1814,57,2026-01-11,2026-06-14,Private,Discharged
1333,137,2025-01-05,2026-06-26,ICU,Under Observation
2437,96,2026-01-31,2026-06-23,Emergency,Under Observation
2622,65,2025-11-23,2026-06-12,Private,Discharged
617,183,2025-02-01,2026-06-25,Private,Under Observation
764,154,2026-03-28,2026-06-22,General,Under Observation
799,164,2025-12-30,2026-06-13,General,Discharged
189,22,2024-09-08,2026-06-12,Private,Discharged
2340,59,2024-12-20,2026-06-16,Private,Admitted
767,116,2024-06-25,2026-06-19,Private,Admitted
735,170,2025-01-14,2026-06-21,Emergency,Admitted
2316,200,2024-09-17,2026-06-25,ICU,Admitted
472,178,2025-06-17,2026-06-29,Emergency,Discharged
1101,69,2025-08-17,2026-06-22,Emergency,Discharged
2112,73,2025-11-25,2026-06-25,Emergency,Discharged
2607,25,2025-04-20,2026-06-28,Private,Admitted
1190,158,2025-07-17,2026-07-05,General,Admitted
1225,123,2025-05-31,2026-06-17,Private,Discharged
948,46,2024-10-08,2026-06-15,ICU,Admitted
2084,118,2025-07-21,2026-06-29,Private,Under Observation
325,99,2025-04-03,2026-06-24,Emergency,Under Observation
2199,159,2026-01-04,2026-06-25,General,Discharged
2631,97,2025-05-15,2026-07-08,Private,Under Observation
1072,76,2026-02-27,2026-06-21,ICU,Discharged
2106,149,2025-01-19,2026-06-22,Emergency,Discharged
991,122,2026-03-02,2026-06-14,Private,Admitted
2758,171,2026-02-11,2026-07-06,Emergency,Under Observation
2406,175,2025-06-20,2026-06-26,General,Discharged
2501,97,2024-09-04,2026-06-18,Emergency,Discharged
1650,93,2025-01-11,2026-06-29,Emergency,Admitted
2779,85,2025-08-17,2026-06-27,General,Admitted
145,55,2025-05-17,2026-06-25,Emergency,Under Observation
421,158,2026-01-18,2026-06-14,General,Admitted
2996,86,2025-03-28,2026-06-17,Emergency,Discharged
677,4,2024-07-19,2026-06-09,ICU,Under Observation
10,149,2025-03-26,2026-07-05,Private,Under Observation
906,100,2025-05-15,2026-06-18,ICU,Discharged
477,94,2024-09-10,2026-07-02,General,Admitted
157,47,2024-10-17,2026-06-23,General,Admitted
1617,72,2025-07-05,2026-06-17,ICU,Admitted
2597,53,2026-05-23,2026-06-15,Emergency,Discharged
1175,171,2025-08-29,2026-06-10,Emergency,Admitted
562,129,2026-05-15,2026-06-09,Private,Under Observation
1767,32,2024-10-28,2026-07-08,Private,Under Observation
2004,67,2025-02-21,2026-06-20,Emergency,Under Observation
2574,89,2025-04-17,2026-06-29,ICU,Under Observation
1930,25,2025-11-19,2026-07-06,ICU,Admitted
512,168,2026-06-06,2026-06-16,General,Under Observation
1994,193,2026-05-26,2026-06-27,Private,Under Observation
1607,68,2024-10-30,2026-06-24,ICU,Admitted
2318,186,2026-06-06,2026-06-19,General,Discharged
1811,139,2024-12-02,2026-07-01,ICU,Under Observation
1263,107,2024-11-01,2026-06-10,ICU,Discharged
1423,36,2025-10-25,2026-06-19,General,Admitted
569,142,2026-02-14,2026-06-16,Emergency,Admitted
1402,29,2025-12-29,2026-06-11,Private,Under Observation
1725,190,2025-04-21,2026-06-17,Emergency,Discharged
1502,138,2024-07-19,2026-07-02,Emergency,Admitted
2601,150,2024-11-24,2026-07-07,ICU,Discharged
2000,134,2025-07-24,2026-07-01,Private,Under Observation
7,173,2025-05-08,2026-06-26,ICU,Under Observation
790,98,2025-08-04,2026-06-18,ICU,Under Observation
2344,65,2025-03-28,2026-06-30,Emergency,Under Observation
1543,87,2025-02-18,2026-07-04,ICU,Under Observation
2850,86,2025-03-03,2026-07-01,ICU,Discharged
1827,103,2024-11-04,2026-06-15,Emergency,Under Observation
1422,131,2025-04-25,2026-07-04,Private,Under Observation
1063,109,2025-04-18,2026-06-19,Emergency,Discharged
1429,153,2025-11-04,2026-06-30,General,Under Observation
1540,76,2025-06-09,2026-06-20,Emergency,Discharged
2585,52,2025-09-23,2026-06-19,Private,Under Observation
2080,115,2025-12-26,2026-07-06,ICU,Under Observation
1881,171,2026-01-08,2026-06-23,Private,Under Observation
2367,125,2025-05-23,2026-06-09,Private,Admitted
2028,39,2025-10-17,2026-06-15,General,Discharged
1862,7,2024-11-17,2026-06-24,Private,Discharged
1202,41,2026-05-04,2026-06-19,Private,Under Observation
1879,55,2025-03-31,2026-06-09,ICU,Discharged
1788,190,2025-03-22,2026-06-14,General,Discharged
2014,196,2025-03-25,2026-06-09,Private,Discharged
2634,56,2025-02-12,2026-06-22,ICU,Discharged
23,120,2025-01-15,2026-06-24,Private,Under Observation
2816,128,2025-01-02,2026-06-21,Private,Admitted
2785,125,2026-03-21,2026-06-25,ICU,Admitted
63,64,2026-03-19,2026-06-13,Emergency,Under Observation
1818,125,2026-04-14,2026-06-27,ICU,Admitted
1610,98,2025-10-22,2026-06-27,Emergency,Discharged
2169,139,2024-12-08,2026-06-15,Emergency,Admitted
2286,11,2025-01-22,2026-06-30,ICU,Admitted
266,65,2025-09-27,2026-07-01,General,Under Observation
1584,150,2024-09-15,2026-07-07,General,Under Observation
1854,84,2025-09-06,2026-06-19,ICU,Discharged
1735,198,2025-02-28,2026-06-13,Emergency,Under Observation
281,119,2025-04-02,2026-06-24,General,Under Observation
2713,70,2024-09-25,2026-07-08,ICU,Admitted
1568,24,2025-02-15,2026-06-28,Emergency,Under Observation
1557,20,2024-10-13,2026-06-09,General,Admitted
2622,169,2026-01-31,2026-06-30,ICU,Under Observation
293,164,2025-12-07,2026-06-24,ICU,Under Observation
2940,97,2025-09-13,2026-06-15,Emergency,Discharged
2096,113,2026-04-14,2026-06-28,Private,Under Observation
367,57,2025-12-03,2026-07-02,General,Under Observation
326,4,2025-11-06,2026-06-22,General,Under Observation
685,124,2025-03-25,2026-06-23,Emergency,Admitted
517,174,2024-08-28,2026-06-14,ICU,Under Observation
2563,162,2026-02-14,2026-06-25,General,Under Observation
199,75,2025-02-25,2026-06-29,ICU,Admitted
2111,89,2024-06-25,2026-06-26,Emergency,Under Observation
709,173,2025-09-11,2026-07-06,ICU,Under Observation
997,25,2026-05-04,2026-07-06,Private,Discharged
1557,123,2026-05-07,2026-06-16,Emergency,Admitted
451,136,2025-05-27,2026-06-11,Emergency,Under Observation
1089,10,2025-01-04,2026-07-04,Emergency,Under Observation
1035,28,2025-09-26,2026-07-06,Emergency,Discharged
605,75,2025-01-03,2026-06-25,Emergency,Discharged
2248,103,2025-08-18,2026-06-10,ICU,Discharged
2470,5,2025-07-15,2026-06-14,Emergency,Admitted
260,163,2024-07-19,2026-06-26,ICU,Discharged
882,67,2025-12-16,2026-06-13,ICU,Admitted
2743,53,2025-05-10,2026-07-02,Private,Under Observation
1339,149,2024-07-13,2026-06-18,Private,Admitted
1073,198,2026-05-26,2026-06-25,General,Admitted
2293,195,2024-06-24,2026-07-07,Private,Discharged
890,47,2025-11-25,2026-07-06,General,Admitted
1858,171,2025-07-28,2026-06-11,Emergency,Under Observation
2601,74,2024-10-04,2026-06-30,General,Discharged
667,68,2025-05-14,2026-06-29,Emergency,Under Observation
1971,103,2025-08-03,2026-06-25,Emergency,Discharged
1916,5,2025-04-12,2026-06-29,ICU,Discharged
381,36,2025-06-11,2026-06-22,Emergency,Admitted
2511,140,2024-08-25,2026-06-20,General,Discharged
2570,9,2025-02-14,2026-06-16,Private,Admitted
2199,96,2024-07-02,2026-07-07,Private,Under Observation
2921,117,2025-12-13,2026-06-16,General,Admitted
338,134,2025-10-21,2026-06-17,Emergency,Discharged
1772,142,2026-06-03,2026-06-23,Emergency,Discharged
320,158,2026-04-09,2026-06-17,Emergency,Discharged
2664,170,2026-02-23,2026-06-21,Emergency,Under Observation
701,185,2025-04-01,2026-06-19,Private,Discharged
2935,15,2025-09-26,2026-07-06,Private,Discharged
2654,195,2024-06-17,2026-06-16,Emergency,Admitted
2845,186,2024-11-14,2026-06-28,Emergency,Admitted
1189,112,2024-08-17,2026-06-13,Emergency,Discharged
2635,62,2026-01-18,2026-06-15,Private,Admitted
1339,182,2026-05-01,2026-06-26,Emergency,Under Observation
1698,200,2025-01-24,2026-06-10,Emergency,Under Observation
506,199,2025-01-17,2026-06-23,General,Admitted
2808,95,2024-09-18,2026-06-09,ICU,Discharged
1788,22,2025-01-24,2026-07-05,Private,Under Observation
615,80,2025-09-22,2026-06-18,ICU,Under Observation
2775,72,2026-03-27,2026-07-01,ICU,Under Observation
1223,198,2025-07-03,2026-06-23,Private,Under Observation
388,55,2025-06-19,2026-06-18,Emergency,Discharged
2157,33,2025-10-13,2026-06-16,Emergency,Admitted
915,167,2026-02-27,2026-07-05,Emergency,Discharged
2914,49,2025-04-25,2026-07-01,Private,Admitted
274,121,2026-04-21,2026-06-30,General,Admitted
1606,48,2025-09-15,2026-06-29,General,Admitted
303,106,2026-05-05,2026-06-17,Private,Under Observation
2674,50,2026-06-01,2026-06-30,ICU,Under Observation
503,192,2026-01-19,2026-06-12,Private,Under Observation
2420,129,2024-06-13,2026-06-19,Emergency,Under Observation
391,69,2024-07-30,2026-06-17,General,Under Observation
1092,147,2026-05-10,2026-06-15,Private,Discharged
854,52,2025-04-07,2026-07-06,Emergency,Under Observation
1236,146,2024-11-22,2026-07-08,General,Under Observation
2369,2,2025-08-02,2026-07-07,General,Admitted
2262,98,2025-09-02,2026-07-01,Emergency,Discharged
538,191,2024-11-18,2026-06-27,ICU,Admitted
1965,65,2025-01-06,2026-07-02,Emergency,Discharged
23,182,2025-03-11,2026-06-16,ICU,Admitted
1659,35,2025-07-10,2026-06-13,Private,Discharged
499,67,2024-09-01,2026-06-15,Emergency,Under Observation
855,125,2025-07-05,2026-07-08,Emergency,Discharged
362,191,2025-06-19,2026-06-21,ICU,Discharged
1238,181,2025-08-04,2026-06-13,Private,Discharged
1313,169,2024-06-12,2026-07-02,ICU,Under Observation
837,56,2026-01-05,2026-07-05,General,Discharged
185,120,2025-06-14,2026-06-29,General,Admitted
2261,125,2026-01-06,2026-07-04,Emergency,Discharged
2219,141,2025-05-12,2026-06-26,Emergency,Discharged
262,182,2024-07-21,2026-06-19,Emergency,Admitted
1707,148,2025-06-12,2026-06-27,General,Under Observation
2615,110,2025-08-28,2026-06-09,ICU,Discharged
1005,49,2024-11-24,2026-06-18,ICU,Discharged
2139,49,2025-09-20,2026-06-22,Private,Under Observation
2596,73,2025-05-26,2026-06-16,Private,Admitted
1479,5,2026-02-01,2026-06-22,General,Admitted
2304,169,2025-01-07,2026-06-22,Emergency,Admitted
2986,77,2025-09-26,2026-07-06,ICU,Under Observation
2426,168,2025-08-19,2026-06-16,General,Admitted
1111,100,2026-04-02,2026-07-01,ICU,Under Observation
2683,12,2025-11-10,2026-06-28,Private,Under Observation
2712,32,2024-07-18,2026-06-14,Private,Admitted
666,122,2025-05-31,2026-06-19,General,Under Observation
2968,81,2024-06-14,2026-06-27,Private,Discharged
2096,24,2024-06-23,2026-06-26,Emergency,Discharged
525,194,2024-06-22,2026-07-08,General,Admitted
2129,81,2026-02-20,2026-07-04,ICU,Discharged
211,7,2026-02-10,2026-07-04,ICU,Under Observation
1530,79,2025-10-29,2026-06-21,General,Discharged
1512,86,2026-04-05,2026-06-11,ICU,Discharged
1881,153,2026-01-07,2026-07-05,Private,Admitted
43,159,2026-04-20,2026-06-22,ICU,Under Observation
53,167,2025-06-08,2026-06-10,ICU,Under Observation
449,194,2025-05-04,2026-06-14,General,Under Observation
2886,144,2024-08-16,2026-06-24,Emergency,Under Observation
2626,151,2025-04-23,2026-07-02,General,Under Observation
2085,155,2025-05-05,2026-06-26,General,Discharged
15,15,2024-06-08,2026-06-17,Private,Discharged
2266,99,2025-09-26,2026-07-08,General,Under Observation
2004,135,2025-09-12,2026-06-18,General,Under Observation
297,144,2025-07-03,2026-06-14,Emergency,Under Observation
2044,199,2024-10-09,2026-06-10,ICU,Under Observation
2949,46,2025-09-10,2026-06-29,Emergency,Admitted
490,24,2026-01-17,2026-06-11,Private,Discharged
2640,74,2026-02-25,2026-06-21,Emergency,Under Observation
38,148,2025-07-08,2026-06-28,General,Under Observation
1075,6,2026-05-08,2026-06-20,Emergency,Under Observation
544,133,2025-09-29,2026-06-15,Private,Admitted
470,61,2026-03-14,2026-06-10,ICU,Admitted
704,54,2024-10-25,2026-07-04,ICU,Admitted
1921,40,2024-11-10,2026-06-29,Emergency,Admitted
2932,3,2025-07-27,2026-06-28,General,Admitted
1381,96,2025-02-10,2026-06-25,Emergency,Under Observation
1693,117,2025-01-21,2026-07-03,ICU,Discharged
2943,188,2024-06-18,2026-07-03,ICU,Discharged
64,62,2026-02-05,2026-07-06,Private,Admitted
771,109,2025-11-07,2026-07-06,ICU,Admitted
928,97,2025-03-30,2026-06-24,General,Discharged
1638,41,2024-09-26,2026-07-02,General,Discharged
858,50,2025-06-06,2026-07-03,General,Admitted
932,177,2024-07-26,2026-06-20,Emergency,Admitted
936,152,2026-04-01,2026-06-14,Private,Under Observation
119,122,2024-12-17,2026-06-17,Emergency,Admitted
910,115,2026-05-20,2026-06-13,General,Discharged
2907,158,2026-06-02,2026-06-21,Private,Admitted
649,143,2024-09-16,2026-06-30,Private,Under Observation
1531,175,2024-12-05,2026-06-13,Emergency,Under Observation
952,149,2024-10-13,2026-06-14,Private,Under Observation
2987,85,2024-10-14,2026-07-07,Emergency,Admitted
2097,106,2024-10-17,2026-06-17,ICU,Admitted
1130,155,2025-05-18,2026-07-04,Private,Discharged
2213,100,2024-08-31,2026-06-30,General,Discharged
2316,52,2026-05-07,2026-06-21,Emergency,Discharged
2753,83,2024-06-27,2026-06-16,Private,Admitted
1665,160,2024-08-10,2026-06-09,General,Admitted
1470,95,2026-03-24,2026-07-07,Private,Under Observation
2044,64,2025-12-31,2026-06-17,ICU,Discharged
608,170,2024-10-22,2026-06-20,ICU,Admitted
2115,80,2026-06-03,2026-07-05,Emergency,Discharged
1060,130,2024-12-06,2026-06-11,Emergency,Discharged
780,18,2024-08-19,2026-06-22,Private,Admitted
458,71,2025-07-13,2026-06-21,ICU,Under Observation
2808,130,2025-09-17,2026-06-20,Private,Under Observation
2000,78,2025-05-22,2026-06-29,General,Admitted
1257,7,2026-04-26,2026-06-26,General,Under Observation
2331,104,2026-04-23,2026-07-04,ICU,Discharged
1162,109,2026-04-24,2026-06-09,ICU,Under Observation
2948,85,2024-07-08,2026-06-18,General,Discharged
1351,101,2026-01-31,2026-06-12,Emergency,Under Observation
2892,191,2025-04-21,2026-06-16,Emergency,Admitted
1583,76,2025-07-24,2026-06-22,Emergency,Under Observation
2549,122,2025-03-13,2026-07-08,Private,Discharged
1373,96,2024-08-30,2026-07-03,General,Discharged
2464,163,2026-04-09,2026-06-22,ICU,Discharged
2032,52,2024-12-07,2026-07-08,ICU,Discharged
2341,55,2025-06-05,2026-06-26,ICU,Discharged
2414,146,2025-09-27,2026-07-01,General,Under Observation
2698,64,2025-08-20,2026-06-25,ICU,Admitted
143,58,2024-12-02,2026-06-21,ICU,Under Observation
1819,99,2025-03-15,2026-07-01,Emergency,Admitted
1819,164,2024-11-13,2026-06-11,Emergency,Discharged
1634,170,2025-01-14,2026-07-07,Emergency,Admitted
2953,46,2026-01-29,2026-07-01,General,Under Observation
695,84,2025-03-23,2026-06-21,ICU,Under Observation
1114,177,2025-04-26,2026-07-04,ICU,Discharged
364,72,2024-07-31,2026-07-08,ICU,Admitted
971,132,2024-08-10,2026-07-06,Private,Under Observation
665,58,2025-11-02,2026-06-13,Private,Admitted
182,179,2024-12-06,2026-06-28,ICU,Discharged
1886,191,2026-04-18,2026-06-27,General,Admitted
2227,32,2025-05-25,2026-07-08,General,Discharged
2028,72,2025-02-09,2026-06-10,ICU,Admitted
1535,44,2025-08-05,2026-06-16,General,Discharged
637,130,2026-05-04,2026-06-21,General,Admitted
892,73,2026-03-28,2026-07-08,Private,Under Observation
2917,138,2026-04-08,2026-06-23,General,Discharged
2972,102,2026-06-02,2026-06-10,General,Under Observation
2105,102,2025-09-29,2026-06-20,General,Under Observation
1760,97,2025-09-03,2026-06-10,General,Under Observation
561,110,2024-07-13,2026-06-12,General,Under Observation
1213,182,2025-03-19,2026-06-30,ICU,Admitted
190,62,2025-11-19,2026-06-14,Private,Under Observation
498,27,2024-08-18,2026-06-27,Emergency,Discharged
1323,33,2025-10-03,2026-06-11,ICU,Admitted
2605,165,2025-08-03,2026-06-19,ICU,Admitted
2815,45,2026-06-03,2026-06-15,Private,Under Observation
2208,139,2025-06-27,2026-06-20,General,Under Observation
705,70,2024-12-15,2026-06-21,Private,Discharged
1032,68,2025-12-13,2026-06-28,General,Discharged
2247,165,2026-01-17,2026-07-06,General,Under Observation
926,99,2024-09-25,2026-06-11,ICU,Under Observation
2831,187,2024-11-08,2026-06-09,Private,Admitted
313,178,2025-05-10,2026-06-25,ICU,Under Observation
786,133,2024-09-18,2026-07-08,ICU,Under Observation
616,69,2024-06-26,2026-07-06,ICU,Admitted
1015,48,2026-05-23,2026-06-25,General,Admitted
932,100,2025-07-05,2026-07-08,Emergency,Admitted
1275,122,2025-02-06,2026-07-07,Emergency,Discharged
2835,105,2026-01-09,2026-06-09,General,Admitted
12,59,2024-12-14,2026-06-18,ICU,Admitted
876,86,2024-12-16,2026-06-11,Emergency,Admitted
616,200,2025-05-23,2026-07-07,General,Admitted
2088,65,2024-12-26,2026-06-27,Emergency,Under Observation
1092,9,2025-10-18,2026-06-29,General,Under Observation
1829,34,2025-11-26,2026-06-19,Private,Admitted
2858,110,2024-07-18,2026-07-07,General,Discharged
2720,74,2026-02-22,2026-06-26,Private,Admitted
91,36,2024-10-08,2026-06-15,Emergency,Discharged
239,28,2024-11-28,2026-06-11,Emergency,Under Observation
641,93,2025-02-15,2026-06-27,General,Discharged
1819,19,2026-01-14,2026-06-11,Private,Discharged
827,164,2025-01-19,2026-06-24,General,Admitted
864,139,2024-07-27,2026-06-29,Emergency,Under Observation
361,134,2024-10-28,2026-06-26,Private,Admitted
538,55,2024-12-19,2026-07-06,ICU,Admitted
2,195,2025-08-23,2026-07-05,Emergency,Discharged
2910,159,2024-07-03,2026-06-29,Private,Admitted
1799,170,2025-12-03,2026-07-04,Private,Discharged
1682,98,2025-09-20,2026-06-26,Private,Under Observation
2236,21,2025-02-02,2026-07-03,Private,Under Observation
1243,192,2025-08-27,2026-07-02,Private,Under Observation
1242,118,2026-03-12,2026-06-11,Private,Admitted
1823,130,2025-09-19,2026-06-13,Private,Under Observation
665,160,2025-06-27,2026-06-16,Private,Under Observation
2889,128,2024-06-10,2026-06-10,ICU,Discharged
1972,95,2026-05-18,2026-06-30,ICU,Discharged
281,156,2025-09-14,2026-06-14,ICU,Admitted
2797,11,2024-11-01,2026-07-04,General,Discharged
624,194,2025-05-04,2026-06-10,Private,Admitted
1340,170,2026-04-25,2026-06-28,ICU,Admitted
429,141,2026-03-17,2026-06-24,Private,Admitted
2661,99,2025-11-21,2026-06-11,ICU,Admitted
1370,59,2024-07-21,2026-07-08,Private,Under Observation
1506,97,2024-08-23,2026-06-27,General,Under Observation
465,87,2026-06-06,2026-06-14,Private,Discharged
1531,114,2025-04-07,2026-07-07,ICU,Admitted
2404,68,2026-04-18,2026-07-04,General,Admitted
529,180,2024-11-12,2026-07-08,ICU,Discharged
1630,12,2024-10-25,2026-06-25,General,Admitted
1740,154,2026-03-10,2026-06-21,ICU,Discharged
202,81,2026-02-06,2026-06-29,Private,Discharged
2827,174,2024-09-25,2026-07-05,General,Admitted
1759,138,2026-01-17,2026-06-22,Emergency,Under Observation
1005,85,2026-05-01,2026-06-20,Private,Discharged
1516,170,2025-08-04,2026-06-12,Private,Admitted
2902,151,2026-05-25,2026-06-29,Private,Discharged
2072,199,2025-10-24,2026-07-07,Private,Admitted
2521,122,2025-03-14,2026-07-08,ICU,Discharged
295,172,2024-09-20,2026-06-15,Emergency,Admitted
576,137,2025-08-06,2026-06-18,Emergency,Admitted
1732,76,2026-05-23,2026-06-11,ICU,Discharged
1241,87,2024-10-23,2026-06-10,Private,Admitted
1983,181,2025-09-20,2026-06-21,Emergency,Admitted
720,9,2025-03-28,2026-06-18,Emergency,Under Observation
2834,101,2025-08-20,2026-07-03,Emergency,Discharged
192,111,2024-11-21,2026-07-03,Private,Discharged
2010,54,2025-12-05,2026-07-04,Private,Under Observation
445,162,2025-07-18,2026-07-05,Emergency,Discharged
644,63,2025-02-08,2026-06-18,Emergency,Admitted
1299,52,2025-08-28,2026-06-12,Emergency,Discharged
1035,77,2024-08-22,2026-06-30,General,Under Observation
1926,194,2025-04-10,2026-06-27,Private,Under Observation
681,12,2026-06-05,2026-06-25,Emergency,Admitted
2435,106,2025-10-04,2026-06-23,General,Under Observation
1153,30,2025-03-21,2026-06-30,Emergency,Under Observation
2262,46,2026-05-04,2026-06-28,ICU,Admitted
1658,153,2025-02-22,2026-06-28,ICU,Admitted
101,200,2025-07-11,2026-06-25,Emergency,Under Observation
2837,158,2024-09-20,2026-06-18,General,Under Observation
2574,146,2024-09-16,2026-06-18,General,Discharged
2590,43,2026-03-18,2026-06-24,Emergency,Admitted
1225,113,2025-02-12,2026-06-14,Private,Discharged
2736,75,2024-08-03,2026-06-13,General,Discharged
201,139,2025-12-27,2026-07-01,General,Discharged
1316,16,2025-02-23,2026-06-12,General,Discharged
855,12,2025-02-01,2026-06-21,Emergency,Under Observation
962,170,2025-07-09,2026-06-27,General,Discharged
2621,35,2026-01-12,2026-06-25,ICU,Discharged
1846,102,2026-02-06,2026-06-15,Emergency,Discharged
429,13,2025-07-25,2026-07-06,Private,Admitted
879,56,2025-09-22,2026-07-01,ICU,Discharged
446,2,2025-06-22,2026-06-17,Private,Under Observation
1715,163,2025-04-07,2026-06-10,Emergency,Under Observation
994,120,2024-07-22,2026-06-18,ICU,Under Observation
1331,41,2024-11-22,2026-06-20,ICU,Admitted
6,51,2024-09-13,2026-06-14,Emergency,Discharged
2305,148,2025-07-11,2026-06-10,ICU,Discharged
494,150,2026-05-23,2026-07-04,ICU,Under Observation
1513,12,2025-10-14,2026-06-14,ICU,Discharged
193,117,2026-05-04,2026-06-19,ICU,Under Observation
528,48,2025-08-14,2026-06-22,Emergency,Under Observation
1406,196,2024-07-19,2026-06-28,Private,Admitted
1909,152,2025-10-30,2026-06-18,Emergency,Admitted
2617,27,2024-11-04,2026-06-27,General,Admitted
1387,155,2026-06-03,2026-07-06,Emergency,Discharged
924,71,2025-07-05,2026-06-12,General,Admitted
2426,86,2025-02-07,2026-06-09,ICU,Admitted
836,182,2026-02-07,2026-06-13,Emergency,Under Observation
2107,174,2026-03-17,2026-07-04,Emergency,Admitted
2052,5,2025-12-20,2026-06-18,Emergency,Under Observation
2888,114,2025-04-28,2026-06-20,General,Under Observation
448,57,2025-10-08,2026-07-01,Private,Discharged
1089,78,2026-01-30,2026-06-24,ICU,Admitted
1120,10,2026-01-04,2026-07-07,Emergency,Under Observation
2919,42,2025-09-19,2026-06-20,ICU,Admitted
451,143,2024-08-29,2026-06-28,Emergency,Under Observation
2351,11,2026-03-27,2026-06-16,ICU,Admitted
2304,172,2025-04-21,2026-07-01,ICU,Discharged
1498,78,2026-05-05,2026-06-09,Private,Admitted
1695,195,2025-12-04,2026-06-12,General,Discharged
1906,49,2024-10-19,2026-06-14,General,Under Observation
1376,87,2025-08-12,2026-06-15,Private,Discharged
2334,93,2025-03-28,2026-06-10,General,Admitted
2826,173,2026-04-01,2026-06-10,Emergency,Admitted
48,139,2024-06-26,2026-06-09,Private,Under Observation
2216,56,2024-07-04,2026-06-14,ICU,Discharged
1874,184,2024-10-29,2026-07-05,General,Discharged
1605,119,2026-02-20,2026-06-12,General,Under Observation
1316,33,2024-09-03,2026-06-17,ICU,Admitted
914,81,2026-04-08,2026-06-19,Private,Admitted
2222,84,2026-03-02,2026-07-08,Emergency,Admitted
1751,173,2025-06-09,2026-07-04,Emergency,Discharged
2148,99,2024-09-14,2026-06-23,Private,Admitted
323,14,2024-07-26,2026-07-08,ICU,Admitted
347,113,2025-07-04,2026-06-12,Private,Under Observation
206,54,2025-08-13,2026-07-08,ICU,Under Observation
2413,102,2025-09-03,2026-07-08,Private,Discharged
2073,186,2025-10-20,2026-06-19,ICU,Under Observation
2255,127,2025-07-06,2026-06-26,Private,Discharged
1442,23,2026-04-28,2026-07-08,General,Under Observation
2562,184,2026-03-07,2026-06-30,Private,Under Observation
1411,144,2025-12-07,2026-07-06,Private,Discharged
1356,100,2024-11-25,2026-06-10,Private,Under Observation
2340,95,2026-02-23,2026-06-25,ICU,Under Observation
2423,32,2025-11-13,2026-06-20,Emergency,Admitted
2140,126,2025-11-23,2026-06-10,General,Under Observation
2523,20,2024-12-25,2026-06-19,Emergency,Under Observation
1032,73,2026-02-13,2026-06-23,Private,Admitted
1685,54,2024-07-15,2026-06-11,General,Admitted
294,80,2024-12-15,2026-06-12,Emergency,Under Observation
1545,16,2024-08-19,2026-06-29,ICU,Discharged
1,129,2024-09-28,2026-06-14,General,Admitted
565,113,2025-07-19,2026-06-28,Private,Under Observation
2537,38,2025-07-06,2026-06-22,ICU,Under Observation
755,168,2025-09-06,2026-07-07,General,Discharged
2193,27,2025-11-16,2026-06-28,Emergency,Admitted
1761,58,2026-03-06,2026-06-17,ICU,Admitted
831,106,2024-07-01,2026-07-03,ICU,Discharged
1243,24,2024-07-22,2026-06-10,Private,Under Observation
99,33,2025-02-11,2026-06-16,ICU,Discharged
1432,60,2025-01-07,2026-06-20,ICU,Discharged
2084,123,2024-08-26,2026-06-10,Private,Under Observation
2438,107,2025-07-07,2026-06-29,General,Discharged
1363,147,2025-03-14,2026-06-29,Emergency,Discharged
1012,193,2024-06-28,2026-07-05,ICU,Admitted
844,34,2026-01-24,2026-06-09,ICU,Under Observation
2581,43,2025-07-12,2026-06-12,ICU,Admitted
614,63,2024-08-13,2026-06-27,Private,Discharged
2863,162,2025-02-21,2026-06-10,Emergency,Admitted
616,42,2025-02-03,2026-06-29,General,Under Observation
461,22,2026-05-09,2026-06-30,ICU,Admitted
1069,193,2025-11-01,2026-06-13,ICU,Admitted
161,56,2026-03-02,2026-07-06,General,Discharged
734,171,2025-11-08,2026-06-24,Private,Discharged
2380,83,2024-07-08,2026-06-29,General,Admitted
2414,44,2024-07-07,2026-06-24,Private,Admitted
2298,14,2024-12-24,2026-06-23,General,Discharged
1923,89,2025-12-21,2026-06-30,ICU,Discharged
2411,153,2025-07-18,2026-06-27,Emergency,Discharged
2635,191,2025-01-19,2026-07-01,General,Admitted
1683,193,2025-08-23,2026-06-10,Private,Discharged
351,50,2025-06-12,2026-06-13,Emergency,Admitted
2426,34,2025-07-28,2026-06-30,ICU,Admitted
1871,4,2026-04-05,2026-06-09,ICU,Admitted
1631,58,2026-02-17,2026-06-22,Private,Discharged
2393,63,2024-10-28,2026-07-04,Emergency,Under Observation
1908,99,2026-01-01,2026-06-23,Private,Admitted
501,112,2025-06-18,2026-06-20,Emergency,Under Observation
1306,154,2024-10-15,2026-06-20,Private,Discharged
2108,200,2025-08-21,2026-06-29,Emergency,Under Observation
1544,144,2025-10-13,2026-06-26,Private,Admitted
479,16,2025-06-27,2026-06-28,Emergency,Under Observation
390,186,2025-03-20,2026-06-21,Private,Admitted
1330,83,2026-03-19,2026-07-06,Emergency,Discharged
2564,92,2025-05-10,2026-06-12,Private,Admitted
322,93,2026-04-07,2026-07-08,ICU,Discharged
1542,196,2025-05-08,2026-06-22,ICU,Under Observation
631,102,2026-04-17,2026-06-13,General,Under Observation
2065,34,2024-06-20,2026-06-26,ICU,Discharged
2502,163,2025-12-29,2026-06-25,ICU,Discharged
1373,130,2025-04-12,2026-06-21,ICU,Discharged
433,181,2025-07-27,2026-06-25,Private,Discharged
2769,7,2025-04-15,2026-06-10,General,Admitted
2259,35,2025-01-17,2026-06-24,Private,Discharged
1128,149,2025-02-08,2026-06-15,ICU,Discharged
1347,35,2025-09-03,2026-07-05,Emergency,Discharged
2347,181,2026-04-23,2026-06-20,ICU,Under Observation
1271,62,2025-01-04,2026-06-27,Emergency,Under Observation
2760,46,2024-11-09,2026-06-29,ICU,Admitted
1074,122,2024-11-15,2026-06-11,Private,Discharged
2665,46,2025-04-11,2026-06-19,Private,Discharged
245,41,2024-10-27,2026-06-22,Emergency,Under Observation
2913,83,2024-09-30,2026-06-29,Private,Under Observation
2205,43,2025-06-15,2026-06-17,ICU,Admitted
1012,110,2026-05-28,2026-06-14,Private,Admitted
2126,101,2024-07-08,2026-07-04,General,Admitted
398,40,2024-11-10,2026-06-11,General,Under Observation
1031,23,2025-03-10,2026-07-08,ICU,Admitted
35,147,2025-05-12,2026-06-10,ICU,Admitted
1816,61,2025-03-18,2026-07-01,Emergency,Discharged
1171,139,2026-01-11,2026-06-19,General,Under Observation
2521,28,2026-05-15,2026-07-06,Emergency,Discharged
2182,167,2024-12-07,2026-06-13,Emergency,Under Observation
1526,2,2024-12-16,2026-07-05,General,Discharged
860,55,2025-08-12,2026-06-28,Emergency,Under Observation
2695,65,2026-04-04,2026-06-14,ICU,Under Observation
1583,177,2025-10-17,2026-06-09,Private,Under Observation
96,63,2025-07-24,2026-06-11,ICU,Admitted
1150,196,2024-09-11,2026-06-20,General,Admitted
343,185,2024-11-05,2026-07-01,Private,Admitted
1307,149,2025-12-15,2026-07-05,General,Discharged
551,175,2024-08-16,2026-06-13,General,Discharged
1504,13,2024-07-08,2026-06-15,ICU,Under Observation
369,97,2026-03-07,2026-07-03,Emergency,Admitted
955,151,2024-11-19,2026-06-13,ICU,Admitted
1494,158,2025-02-27,2026-06-28,Emergency,Under Observation
183,146,2026-03-05,2026-06-18,ICU,Under Observation
2157,174,2025-09-14,2026-06-30,Emergency,Discharged
2917,184,2024-11-12,2026-06-17,ICU,Discharged
73,173,2025-04-24,2026-07-03,General,Discharged
2988,89,2026-03-06,2026-07-03,ICU,Discharged
950,161,2024-09-25,2026-06-22,General,Admitted
509,175,2025-06-16,2026-06-13,Emergency,Discharged
151,186,2025-03-24,2026-06-27,Emergency,Discharged
1364,176,2026-04-16,2026-06-09,General,Under Observation
680,45,2024-09-18,2026-06-18,Private,Discharged
1794,129,2025-04-24,2026-06-17,ICU,Under Observation
2516,135,2024-11-23,2026-07-05,General,Under Observation
1711,45,2025-04-05,2026-06-24,General,Under Observation
1210,119,2024-11-25,2026-06-12,General,Admitted
1879,99,2025-06-18,2026-06-17,Emergency,Discharged
2959,173,2024-08-31,2026-06-11,General,Admitted
341,196,2025-09-08,2026-07-08,ICU,Admitted
1680,79,2024-08-17,2026-07-01,General,Discharged
1420,152,2025-01-04,2026-06-26,Private,Discharged
674,174,2025-11-30,2026-06-18,Emergency,Under Observation
2759,53,2026-04-23,2026-07-08,Emergency,Discharged
1878,42,2025-09-03,2026-06-12,General,Discharged
1286,170,2024-08-27,2026-07-01,General,Discharged
326,195,2024-10-12,2026-06-26,Emergency,Discharged
581,107,2026-03-03,2026-06-17,Private,Discharged
224,13,2024-07-01,2026-07-04,General,Admitted
1108,30,2025-02-18,2026-06-15,General,Under Observation
338,147,2026-02-13,2026-06-17,Emergency,Under Observation
2382,172,2024-07-04,2026-07-06,ICU,Admitted
996,2,2024-09-05,2026-06-12,Emergency,Discharged
1280,73,2024-09-27,2026-06-24,Private,Under Observation
1940,121,2024-10-28,2026-06-25,Emergency,Admitted
2610,159,2025-06-01,2026-06-26,General,Admitted
311,82,2025-06-16,2026-07-06,Emergency,Discharged
1803,127,2025-05-06,2026-06-29,General,Under Observation
2992,47,2025-07-19,2026-06-24,Private,Discharged
895,97,2025-05-30,2026-07-08,Private,Admitted
1910,91,2025-05-27,2026-07-07,General,Discharged
580,88,2025-12-25,2026-06-14,Private,Discharged
1406,80,2025-07-19,2026-07-06,Private,Discharged
571,17,2025-10-09,2026-06-29,ICU,Discharged
18,172,2026-01-10,2026-06-28,ICU,Discharged
2424,198,2024-12-01,2026-06-14,General,Admitted
781,32,2025-06-02,2026-06-18,ICU,Discharged
2564,149,2025-12-22,2026-06-29,General,Admitted
868,148,2024-09-26,2026-06-09,ICU,Admitted
283,81,2024-08-14,2026-07-06,ICU,Under Observation
536,94,2026-01-24,2026-06-21,ICU,Admitted
1227,139,2025-12-30,2026-07-01,ICU,Discharged
650,180,2024-08-03,2026-06-10,Private,Admitted
1614,197,2025-07-25,2026-06-27,General,Under Observation
463,150,2025-03-22,2026-07-03,General,Under Observation
2538,114,2026-03-31,2026-07-02,Emergency,Admitted
1317,28,2026-02-07,2026-06-18,ICU,Under Observation
489,98,2024-08-19,2026-06-14,Private,Under Observation
2488,37,2024-12-04,2026-06-23,Emergency,Discharged
2543,172,2024-09-13,2026-06-27,Emergency,Admitted
2831,30,2025-03-18,2026-06-14,General,Discharged
1472,139,2025-12-08,2026-06-28,Private,Admitted
1182,115,2025-12-03,2026-06-11,Emergency,Admitted
958,165,2026-04-26,2026-06-12,Emergency,Under Observation
2128,39,2025-10-16,2026-07-03,Private,Discharged
1821,93,2025-03-10,2026-06-13,Emergency,Discharged
1546,51,2024-06-27,2026-06-21,ICU,Admitted
728,114,2025-03-05,2026-06-12,Private,Under Observation
1182,62,2026-03-31,2026-06-12,Emergency,Discharged
1935,168,2025-09-25,2026-06-16,Private,Under Observation
2337,45,2024-07-10,2026-06-16,Emergency,Admitted
2638,66,2024-08-29,2026-06-12,Private,Admitted
2556,70,2026-02-24,2026-07-01,Private,Discharged
588,88,2025-07-06,2026-06-23,ICU,Admitted
1430,78,2024-09-03,2026-06-27,Emergency,Under Observation
1947,136,2025-02-14,2026-06-29,ICU,Admitted
1946,25,2025-09-08,2026-07-03,General,Discharged
746,67,2026-05-04,2026-07-02,General,Discharged
478,151,2025-01-17,2026-06-25,Emergency,Admitted
528,93,2025-02-06,2026-06-09,General,Admitted
242,138,2024-09-10,2026-07-05,Private,Admitted
305,72,2024-09-01,2026-07-02,General,Discharged
1117,68,2024-10-17,2026-07-04,Emergency,Admitted
2569,75,2026-02-16,2026-06-16,General,Under Observation
33,103,2026-05-17,2026-07-03,ICU,Admitted
72,81,2026-03-31,2026-06-29,Emergency,Discharged
678,154,2026-03-23,2026-07-02,General,Admitted
2343,24,2024-11-11,2026-06-25,General,Discharged
2731,102,2026-03-29,2026-06-29,Emergency,Admitted
1730,188,2024-09-14,2026-06-15,Private,Discharged
1238,177,2025-05-30,2026-07-02,Emergency,Discharged
1777,185,2025-11-21,2026-06-19,ICU,Discharged
641,92,2026-04-17,2026-06-15,General,Under Observation
2651,193,2024-08-26,2026-06-26,Emergency,Admitted
2864,65,2024-07-03,2026-06-12,General,Under Observation
1539,75,2026-03-29,2026-07-08,ICU,Discharged
21,156,2026-02-22,2026-06-12,Emergency,Under Observation
2047,150,2024-08-04,2026-06-27,Private,Discharged
2730,32,2025-07-16,2026-06-20,Emergency,Under Observation
218,49,2025-04-24,2026-06-13,Emergency,Under Observation
485,48,2025-10-09,2026-06-13,ICU,Admitted
626,25,2024-10-09,2026-06-16,Emergency,Under Observation
2033,147,2026-01-24,2026-06-25,ICU,Discharged
1568,43,2025-06-24,2026-07-05,General,Discharged
433,81,2025-10-22,2026-06-17,Emergency,Under Observation
427,191,2024-06-12,2026-07-05,General,Under Observation
2624,141,2024-11-17,2026-06-24,General,Discharged
386,110,2024-08-26,2026-07-01,ICU,Admitted
634,113,2025-04-08,2026-06-12,General,Discharged
1517,78,2025-02-11,2026-06-27,General,Under Observation
2624,15,2025-10-16,2026-06-10,Emergency,Discharged
2923,102,2025-07-07,2026-06-19,General,Admitted
2522,138,2026-01-09,2026-06-22,Emergency,Admitted
1503,100,2025-03-04,2026-06-22,Emergency,Admitted
1525,106,2026-01-25,2026-06-29,ICU,Discharged
2500,58,2024-07-31,2026-06-10,Private,Discharged
1834,97,2025-07-25,2026-06-17,Private,Discharged
66,173,2025-09-22,2026-07-05,Private,Admitted
103,123,2025-04-18,2026-06-29,Emergency,Admitted
2822,53,2024-07-20,2026-07-03,Private,Discharged
1063,157,2025-04-12,2026-06-30,Emergency,Under Observation
1875,169,2025-05-25,2026-07-06,ICU,Discharged
1626,192,2025-11-05,2026-06-29,ICU,Under Observation
1511,147,2024-12-03,2026-06-13,Private,Discharged
135,49,2024-08-10,2026-06-11,General,Admitted
2103,46,2026-02-24,2026-06-15,ICU,Under Observation
682,175,2025-04-21,2026-06-12,ICU,Discharged
1469,181,2024-10-06,2026-06-26,Private,Under Observation
1631,112,2024-11-30,2026-06-09,Private,Admitted
1622,141,2024-07-14,2026-07-05,Emergency,Admitted
149,189,2025-10-31,2026-07-07,Private,Admitted
1875,63,2025-03-21,2026-06-17,Emergency,Admitted
382,123,2024-11-24,2026-07-03,General,Admitted
2500,83,2025-07-22,2026-06-17,Private,Discharged
2071,85,2025-04-18,2026-06-25,ICU,Admitted
1593,56,2024-11-08,2026-06-21,Private,Under Observation
1146,190,2025-04-02,2026-07-06,Private,Admitted
70,147,2025-02-01,2026-06-14,Private,Under Observation
1948,146,2025-01-24,2026-06-24,General,Admitted
59,180,2026-05-16,2026-06-11,General,Under Observation
876,96,2024-09-02,2026-06-13,ICU,Discharged
2080,95,2026-01-29,2026-06-21,Private,Discharged
487,135,2026-03-12,2026-06-20,ICU,Discharged
2094,170,2024-10-08,2026-07-04,General,Discharged
1566,189,2024-10-04,2026-06-25,Emergency,Discharged
1456,172,2026-05-07,2026-06-19,Emergency,Admitted
527,73,2025-02-15,2026-06-20,Private,Admitted
1980,41,2025-07-18,2026-07-01,ICU,Admitted
850,26,2025-01-17,2026-06-21,General,Admitted
2284,168,2026-01-07,2026-06-09,Emergency,Discharged
842,116,2026-05-28,2026-06-17,Emergency,Admitted
1637,178,2026-01-02,2026-06-23,Emergency,Under Observation
2184,43,2026-05-26,2026-06-30,Private,Discharged
1942,53,2026-03-09,2026-06-13,Emergency,Under Observation
2360,186,2024-07-10,2026-06-19,Private,Admitted
1539,82,2025-02-25,2026-06-28,Emergency,Discharged
1476,102,2026-06-04,2026-06-27,ICU,Under Observation
102,30,2025-04-11,2026-06-29,General,Under Observation
1589,142,2026-01-10,2026-07-05,General,Discharged
2658,4,2026-05-24,2026-06-15,ICU,Under Observation
2034,79,2026-02-21,2026-07-02,General,Under Observation
1603,33,2024-11-03,2026-07-05,Emergency,Discharged
968,124,2024-10-26,2026-07-04,ICU,Under Observation
2607,169,2024-08-09,2026-06-22,Private,Under Observation
2805,164,2025-08-29,2026-06-26,Private,Under Observation
543,193,2024-10-22,2026-06-14,Private,Discharged
1495,21,2024-07-03,2026-06-18,General,Under Observation
2427,119,2025-05-29,2026-06-30,General,Discharged
218,82,2025-05-13,2026-06-21,General,Admitted
1544,104,2024-10-04,2026-06-12,General,Discharged
286,180,2024-06-28,2026-07-04,Emergency,Discharged
2437,104,2026-05-05,2026-06-23,General,Under Observation
1765,58,2024-09-28,2026-06-22,Emergency,Under Observation
617,153,2024-06-09,2026-06-15,Emergency,Discharged
2011,33,2024-10-27,2026-06-24,Emergency,Admitted
2194,81,2024-07-26,2026-06-19,Emergency,Under Observation
2662,35,2025-06-08,2026-06-19,Emergency,Discharged
799,65,2026-03-19,2026-07-04,Private,Admitted
1652,1,2024-08-10,2026-06-22,General,Admitted
1746,140,2025-10-25,2026-06-11,Emergency,Under Observation
446,177,2024-10-21,2026-06-10,ICU,Under Observation
104,65,2024-06-23,2026-06-30,General,Discharged
503,51,2025-06-18,2026-06-20,Private,Under Observation
2675,87,2026-02-10,2026-06-19,General,Discharged
1194,39,2026-01-24,2026-06-16,Emergency,Admitted
1760,4,2025-10-23,2026-07-02,Private,Under Observation
2937,33,2025-12-15,2026-06-20,ICU,Under Observation
2398,93,2025-06-17,2026-06-30,ICU,Under Observation
1981,115,2024-09-06,2026-06-14,Emergency,Under Observation
2987,107,2024-09-26,2026-06-19,Emergency,Under Observation
2760,24,2025-04-30,2026-06-22,General,Admitted
563,140,2025-10-21,2026-07-05,Emergency,Under Observation
1975,49,2025-05-07,2026-06-16,ICU,Under Observation
2199,58,2026-04-13,2026-06-21,Emergency,Under Observation
873,83,2026-04-28,2026-07-04,Emergency,Discharged
650,59,2024-08-15,2026-06-28,ICU,Admitted
1257,86,2024-12-16,2026-06-27,ICU,Discharged
2467,90,2026-03-07,2026-06-25,ICU,Under Observation
2952,142,2024-06-18,2026-06-13,ICU,Discharged
2169,103,2024-08-12,2026-06-09,General,Discharged
1816,121,2025-05-14,2026-06-25,ICU,Discharged
1775,177,2025-05-01,2026-07-03,Emergency,Admitted
1485,97,2025-03-24,2026-07-05,ICU,Discharged
2131,84,2024-08-24,2026-06-16,Private,Discharged
2593,74,2024-11-06,2026-06-11,Emergency,Discharged
74,95,2024-10-26,2026-06-27,General,Admitted
2683,104,2025-05-12,2026-06-12,Emergency,Discharged
532,43,2026-02-20,2026-06-22,ICU,Discharged
1676,162,2026-05-09,2026-07-05,Private,Under Observation
2993,115,2025-09-07,2026-06-11,ICU,Admitted
1057,78,2025-05-25,2026-07-01,General,Admitted
1119,146,2025-08-22,2026-06-28,Emergency,Admitted
83,150,2024-12-30,2026-07-02,Emergency,Under Observation
2150,3,2025-11-01,2026-06-10,Emergency,Under Observation
2406,7,2025-07-15,2026-06-21,ICU,Admitted
2954,137,2025-12-26,2026-06-23,General,Under Observation
1561,69,2024-10-17,2026-07-06,Private,Under Observation
1583,131,2025-05-11,2026-07-02,Private,Admitted
1457,140,2025-05-18,2026-06-27,General,Discharged
2106,65,2025-02-15,2026-06-22,Private,Admitted
1459,28,2025-11-24,2026-06-27,General,Under Observation
1831,173,2026-01-24,2026-06-20,Private,Admitted
37,83,2026-04-09,2026-06-20,ICU,Discharged
1005,98,2025-07-23,2026-06-21,ICU,Discharged
1282,117,2025-05-22,2026-06-15,ICU,Discharged
1849,37,2025-09-20,2026-06-20,Emergency,Admitted
837,30,2026-05-14,2026-06-21,Private,Admitted
2142,68,2025-11-02,2026-06-29,Emergency,Under Observation
2505,95,2025-07-31,2026-06-17,Private,Under Observation
1239,138,2025-09-22,2026-07-07,Emergency,Admitted
2817,185,2025-02-27,2026-07-03,Emergency,Discharged
1523,42,2025-01-15,2026-06-22,General,Discharged
1864,117,2024-07-19,2026-06-25,Emergency,Under Observation
2856,20,2025-11-14,2026-06-17,Emergency,Admitted
558,114,2026-03-13,2026-06-27,Private,Discharged
69,6,2024-11-21,2026-06-25,Emergency,Discharged
13,86,2025-06-13,2026-06-23,ICU,Under Observation
1336,163,2026-03-04,2026-06-14,Emergency,Discharged
1426,142,2025-06-23,2026-06-19,Emergency,Under Observation
2976,113,2026-04-27,2026-07-08,General,Admitted
120,4,2026-03-17,2026-06-13,General,Discharged
1719,43,2025-10-12,2026-06-25,Emergency,Discharged
819,170,2026-01-21,2026-06-27,General,Admitted
2685,100,2024-12-23,2026-06-13,General,Admitted
2770,27,2025-10-18,2026-07-07,General,Discharged
1525,111,2025-11-25,2026-06-12,General,Discharged
183,60,2025-04-18,2026-06-29,ICU,Under Observation
1479,165,2025-05-18,2026-07-05,Emergency,Discharged
339,21,2025-09-26,2026-07-02,Private,Admitted
2836,12,2025-09-16,2026-06-28,ICU,Admitted
1028,108,2025-02-24,2026-07-03,General,Admitted
2140,156,2024-06-18,2026-06-09,General,Admitted
683,61,2026-01-03,2026-07-05,ICU,Discharged
78,74,2026-01-15,2026-06-16,ICU,Under Observation
861,85,2025-08-05,2026-07-03,Private,Admitted
612,24,2026-05-17,2026-06-16,General,Under Observation
1945,21,2025-12-08,2026-06-25,General,Admitted
1676,189,2024-06-17,2026-06-13,Private,Under Observation
1739,124,2025-07-12,2026-06-29,Emergency,Discharged
179,42,2026-01-30,2026-06-12,General,Under Observation
1059,1,2026-06-08,2026-07-06,ICU,Under Observation
2278,63,2024-09-26,2026-06-14,General,Under Observation
2214,49,2025-11-08,2026-06-17,ICU,Under Observation
1506,195,2025-06-24,2026-06-20,ICU,Admitted
1117,8,2024-07-28,2026-07-01,General,Under Observation
1883,93,2024-12-10,2026-07-02,ICU,Admitted
2582,185,2024-10-14,2026-07-07,ICU,Discharged
2166,131,2025-11-23,2026-06-16,Emergency,Discharged
905,192,2025-12-05,2026-06-30,ICU,Discharged
590,5,2025-06-07,2026-07-08,ICU,Under Observation
553,20,2024-07-05,2026-06-30,Private,Admitted
2063,186,2025-02-16,2026-07-06,Private,Discharged
528,185,2024-10-31,2026-06-29,Private,Discharged
1590,199,2025-01-07,2026-06-19,General,Discharged
2736,15,2024-06-28,2026-06-17,Private,Discharged
356,179,2024-07-22,2026-07-02,General,Under Observation
1927,73,2025-10-24,2026-06-21,ICU,Under Observation
629,16,2025-01-16,2026-06-11,Private,Discharged
607,88,2025-03-04,2026-06-26,Private,Admitted
2300,42,2025-03-16,2026-06-11,General,Under Observation
264,13,2025-07-04,2026-06-27,General,Under Observation
1367,24,2024-08-11,2026-06-16,Private,Under Observation
1466,116,2025-04-06,2026-06-25,General,Admitted
1873,18,2024-08-28,2026-06-19,ICU,Discharged
2955,133,2025-10-01,2026-06-13,ICU,Discharged
74,154,2024-12-24,2026-06-11,Private,Under Observation
1632,190,2026-04-09,2026-06-14,General,Discharged
1946,97,2024-12-18,2026-06-30,Private,Under Observation
1580,145,2025-07-22,2026-06-22,ICU,Discharged
33,110,2025-01-11,2026-07-02,Private,Under Observation
1593,112,2026-03-30,2026-06-09,Private,Discharged
1566,61,2026-03-20,2026-06-18,Private,Discharged
2276,31,2025-04-16,2026-07-04,General,Under Observation
2195,183,2025-09-19,2026-06-11,Emergency,Admitted
954,11,2025-04-23,2026-07-08,Private,Discharged
79,106,2026-05-25,2026-07-03,General,Admitted
2645,110,2025-01-02,2026-06-15,Emergency,Admitted
334,192,2026-01-04,2026-06-19,General,Under Observation
2241,174,2024-12-31,2026-06-11,ICU,Under Observation
2370,188,2025-03-03,2026-06-30,ICU,Admitted
2035,137,2024-08-29,2026-07-07,General,Under Observation
2001,18,2025-07-15,2026-06-16,Emergency,Admitted
84,48,2025-12-06,2026-06-15,Emergency,Under Observation
1285,84,2026-06-01,2026-06-20,Private,Admitted
2614,150,2025-06-17,2026-06-24,ICU,Discharged
494,141,2026-03-26,2026-07-05,Emergency,Under Observation
2429,193,2025-09-18,2026-06-30,General,Discharged
1375,124,2024-09-29,2026-06-26,General,Discharged
628,31,2026-04-28,2026-07-02,Private,Admitted
842,65,2026-03-08,2026-07-08,General,Under Observation
2173,165,2025-06-30,2026-07-05,Emergency,Admitted
1240,23,2024-12-15,2026-06-28,ICU,Discharged
4,75,2025-10-16,2026-06-24,ICU,Discharged
1797,117,2025-06-28,2026-06-23,Emergency,Admitted
405,148,2026-02-19,2026-06-16,ICU,Admitted
849,73,2024-11-21,2026-06-18,ICU,Under Observation
2163,76,2025-12-18,2026-07-01,ICU,Discharged
318,186,2025-09-23,2026-07-01,Emergency,Under Observation
55,134,2026-05-01,2026-06-21,Private,Under Observation
2012,61,2024-06-10,2026-06-12,General,Admitted
1895,165,2025-11-21,2026-06-28,Private,Discharged
1916,22,2025-03-21,2026-07-07,Emergency,Admitted
2719,78,2024-10-13,2026-07-03,Emergency,Admitted
159,17,2025-12-05,2026-06-26,Private,Admitted
1852,93,2024-06-18,2026-06-24,ICU,Admitted
1397,163,2025-08-05,2026-07-08,Private,Under Observation
1149,63,2025-06-01,2026-07-07,ICU,Discharged
1519,62,2024-08-19,2026-06-20,Private,Admitted
1367,93,2025-10-14,2026-06-16,Private,Admitted
516,48,2025-08-14,2026-06-28,General,Admitted
84,4,2024-11-13,2026-06-19,ICU,Discharged
2214,118,2024-09-23,2026-06-26,Private,Admitted
527,107,2025-10-10,2026-06-26,Private,Admitted
161,97,2025-10-05,2026-06-27,Emergency,Discharged
2032,116,2024-09-22,2026-06-12,General,Under Observation
2220,82,2026-04-01,2026-07-03,Emergency,Discharged
677,174,2026-05-14,2026-06-15,Private,Admitted
327,80,2026-04-13,2026-06-12,General,Admitted
1202,75,2025-03-17,2026-07-06,Private,Discharged
567,192,2024-10-07,2026-06-30,ICU,Discharged
1584,179,2024-10-08,2026-06-17,General,Admitted
479,145,2025-07-29,2026-07-01,ICU,Under Observation
945,83,2025-06-20,2026-06-28,ICU,Discharged
98,138,2025-05-18,2026-06-22,Emergency,Under Observation
2481,2,2025-05-08,2026-06-15,General,Under Observation
2140,17,2026-04-17,2026-06-28,General,Discharged
166,52,2025-06-02,2026-06-11,Private,Admitted
1020,1,2025-08-18,2026-06-10,Emergency,Admitted
1197,164,2025-03-08,2026-07-03,General,Under Observation
270,99,2024-09-27,2026-06-26,ICU,Admitted
2884,84,2025-04-11,2026-06-17,General,Under Observation
2115,172,2025-05-13,2026-06-16,ICU,Discharged
1271,122,2025-10-05,2026-06-12,Emergency,Admitted
2931,29,2024-09-18,2026-06-24,Private,Discharged
1069,164,2026-03-10,2026-07-07,Emergency,Under Observation
2681,85,2026-01-04,2026-06-14,ICU,Discharged
287,155,2026-02-22,2026-06-24,ICU,Admitted
1007,137,2026-03-21,2026-06-26,Emergency,Under Observation
2419,143,2026-04-01,2026-07-04,Emergency,Under Observation
2027,59,2025-02-07,2026-06-19,Emergency,Under Observation
603,175,2025-05-02,2026-06-27,Emergency,Under Observation
373,2,2026-06-08,2026-06-22,Private,Discharged
1614,70,2025-07-28,2026-07-02,ICU,Discharged
26,108,2025-01-31,2026-07-05,General,Admitted
913,125,2024-06-28,2026-06-29,General,Under Observation
1553,41,2025-07-13,2026-07-02,Private,Discharged
2980,54,2025-08-31,2026-06-20,Emergency,Admitted
2920,192,2024-10-11,2026-06-26,ICU,Admitted
538,116,2025-03-02,2026-06-12,General,Discharged
228,91,2025-02-02,2026-06-25,Emergency,Under Observation
437,71,2024-08-12,2026-06-11,ICU,Under Observation
2245,179,2025-02-27,2026-07-01,Private,Under Observation
1252,156,2026-01-07,2026-06-29,General,Admitted
1907,57,2024-08-04,2026-06-27,Emergency,Admitted
1275,84,2024-06-27,2026-07-06,Emergency,Discharged
4,97,2026-02-23,2026-06-29,Emergency,Under Observation
433,199,2026-03-17,2026-06-19,Private,Discharged
1999,146,2025-05-24,2026-07-06,General,Discharged
474,179,2026-04-26,2026-07-05,Emergency,Discharged
1501,97,2024-12-25,2026-06-10,Private,Under Observation
229,28,2024-07-05,2026-06-17,General,Discharged
2502,76,2025-10-30,2026-07-07,ICU,Discharged
630,26,2025-06-17,2026-06-15,ICU,Discharged
532,106,2024-11-29,2026-06-20,General,Admitted
896,151,2024-10-24,2026-06-09,ICU,Discharged
2933,76,2024-07-09,2026-06-19,Emergency,Discharged
1295,165,2025-08-13,2026-06-10,Private,Under Observation
2993,150,2025-08-24,2026-06-20,General,Discharged
1657,37,2026-04-28,2026-06-17,Private,Under Observation
1940,72,2024-12-23,2026-06-29,General,Under Observation
552,200,2024-06-16,2026-06-27,General,Admitted
1998,155,2024-11-26,2026-06-28,ICU,Under Observation
2971,169,2024-06-24,2026-06-23,ICU,Discharged
887,142,2025-02-26,2026-06-18,General,Discharged
517,152,2024-08-06,2026-06-12,ICU,Admitted
2557,55,2024-12-15,2026-07-01,Private,Admitted
1794,145,2026-01-14,2026-06-09,Emergency,Admitted
1515,183,2024-07-25,2026-07-04,General,Admitted
2671,184,2025-07-21,2026-06-21,Private,Discharged
595,120,2024-10-30,2026-06-09,Private,Discharged
753,84,2024-10-01,2026-06-20,ICU,Discharged
584,87,2026-02-19,2026-06-12,ICU,Discharged
934,125,2025-08-12,2026-06-29,Emergency,Discharged
2180,137,2025-06-08,2026-06-22,General,Under Observation
1367,174,2025-04-08,2026-06-21,Private,Discharged
506,64,2025-11-10,2026-06-22,General,Admitted
1295,195,2024-09-28,2026-06-12,Private,Under Observation
458,176,2024-08-25,2026-06-16,General,Under Observation
1768,45,2025-09-12,2026-06-11,ICU,Admitted
897,187,2025-06-04,2026-06-12,ICU,Admitted
723,174,2024-11-13,2026-06-12,Emergency,Discharged
1290,15,2024-07-17,2026-06-23,Private,Under Observation
482,183,2024-09-08,2026-06-22,General,Discharged
813,150,2025-01-01,2026-06-10,General,Discharged
1837,87,2025-04-15,2026-06-18,General,Admitted
2832,193,2025-04-22,2026-07-04,ICU,Admitted
1476,171,2025-05-06,2026-07-05,General,Under Observation
2014,9,2026-01-01,2026-06-21,General,Under Observation
910,18,2025-11-03,2026-06-25,ICU,Admitted
84,90,2024-07-10,2026-07-05,General,Discharged
208,197,2025-01-28,2026-06-12,ICU,Admitted
725,147,2025-11-11,2026-07-07,Private,Admitted
1230,11,2024-10-22,2026-06-28,General,Discharged
1537,39,2024-12-15,2026-06-10,ICU,Discharged
208,67,2024-11-01,2026-06-24,ICU,Admitted
775,133,2025-09-24,2026-06-10,Private,Admitted
1818,195,2025-12-17,2026-06-16,Emergency,Under Observation
594,196,2025-11-01,2026-06-29,ICU,Discharged
2910,83,2025-05-27,2026-07-02,Emergency,Admitted
2967,81,2026-03-11,2026-06-28,ICU,Under Observation
1055,175,2024-07-18,2026-06-25,Private,Admitted
435,3,2025-12-15,2026-07-01,ICU,Under Observation
2929,144,2025-07-28,2026-06-24,General,Admitted
399,19,2026-05-24,2026-06-16,Emergency,Under Observation
363,48,2025-01-31,2026-06-27,ICU,Under Observation
2956,194,2024-09-27,2026-06-22,Private,Admitted
260,95,2025-11-09,2026-06-14,General,Discharged
879,64,2026-03-09,2026-07-01,ICU,Admitted
2124,113,2024-11-12,2026-07-02,General,Admitted
267,82,2026-01-10,2026-06-12,ICU,Under Observation
150,120,2025-10-07,2026-06-16,Private,Discharged
1444,96,2025-03-10,2026-06-21,General,Admitted
2081,22,2025-07-29,2026-07-08,General,Discharged
1149,152,2025-10-06,2026-06-28,General,Discharged
890,35,2025-10-07,2026-06-17,Private,Admitted
98,105,2026-04-02,2026-06-26,Private,Admitted
1319,181,2024-08-12,2026-06-15,ICU,Discharged
2048,174,2025-05-10,2026-06-17,General,Admitted
919,96,2026-03-09,2026-06-25,General,Admitted
1638,48,2025-08-14,2026-06-28,Private,Discharged
52,163,2025-01-27,2026-06-17,Private,Under Observation
2545,195,2024-09-15,2026-06-21,Emergency,Discharged
2390,33,2025-08-19,2026-07-04,Private,Discharged
209,40,2026-04-01,2026-06-25,General,Discharged
696,82,2024-12-04,2026-06-13,ICU,Discharged
361,185,2024-06-28,2026-06-12,ICU,Discharged
2509,116,2026-01-05,2026-06-14,ICU,Admitted
1555,103,2025-09-26,2026-06-13,ICU,Discharged
1793,95,2025-03-14,2026-06-14,Emergency,Admitted
1065,49,2025-01-29,2026-06-30,General,Under Observation
2409,81,2025-01-19,2026-06-20,Private,Admitted
1000,146,2024-06-18,2026-07-06,General,Discharged
832,94,2025-10-25,2026-07-08,Emergency,Under Observation
1496,136,2026-03-04,2026-06-24,General,Under Observation
2675,91,2026-03-13,2026-06-25,ICU,Admitted
2917,99,2025-05-21,2026-07-01,Emergency,Under Observation
1454,112,2025-01-13,2026-06-19,Private,Discharged
1842,125,2024-07-11,2026-07-07,Emergency,Admitted
2626,189,2024-12-22,2026-07-02,Emergency,Under Observation
1870,190,2025-03-04,2026-06-28,Emergency,Under Observation
718,180,2026-04-09,2026-06-09,General,Discharged
287,39,2025-10-21,2026-07-03,ICU,Admitted
2639,31,2024-09-02,2026-06-10,General,Under Observation
379,17,2025-10-29,2026-06-09,Emergency,Under Observation
1226,88,2025-01-26,2026-06-28,General,Under Observation
1769,28,2026-01-13,2026-07-07,General,Admitted
1710,64,2026-05-01,2026-06-30,ICU,Under Observation
2397,48,2024-07-24,2026-06-18,ICU,Admitted
2138,180,2024-10-22,2026-06-22,ICU,Discharged
509,179,2024-10-12,2026-07-05,Private,Discharged
1468,199,2025-10-03,2026-06-23,Private,Under Observation
1136,39,2025-04-03,2026-06-30,General,Admitted
648,114,2025-08-19,2026-07-07,ICU,Admitted
2388,25,2025-10-06,2026-06-27,Emergency,Discharged
2429,58,2026-01-16,2026-06-28,ICU,Under Observation
2418,153,2024-06-15,2026-06-30,General,Admitted
701,65,2025-01-19,2026-06-17,Emergency,Under Observation
556,50,2025-07-18,2026-06-11,Private,Admitted
2085,64,2024-06-22,2026-06-13,General,Discharged
2974,155,2025-07-15,2026-06-23,Emergency,Discharged
368,113,2025-04-28,2026-06-23,General,Discharged
61,99,2024-08-13,2026-06-24,General,Under Observation
653,169,2025-07-22,2026-07-04,Emergency,Discharged
2737,125,2026-01-04,2026-06-22,Private,Under Observation
2523,182,2024-07-07,2026-06-27,Private,Discharged
1320,19,2024-09-21,2026-07-02,Emergency,Admitted
976,167,2025-12-23,2026-06-16,General,Admitted
1530,61,2024-08-24,2026-06-25,ICU,Under Observation
1280,97,2025-09-11,2026-07-05,Private,Admitted
1781,50,2025-04-01,2026-07-04,General,Admitted
1882,77,2025-02-04,2026-07-08,Emergency,Admitted
2330,61,2026-04-12,2026-06-20,Emergency,Under Observation
2065,174,2026-05-28,2026-06-10,Private,Admitted
1342,30,2024-10-18,2026-06-13,Private,Under Observation
2338,15,2026-01-11,2026-06-12,Private,Discharged
957,61,2024-11-19,2026-07-06,Private,Under Observation
690,53,2024-09-10,2026-06-11,ICU,Admitted
137,71,2026-06-04,2026-06-23,Emergency,Discharged
2589,41,2024-10-17,2026-07-06,General,Discharged
1616,77,2025-08-24,2026-07-02,Emergency,Admitted
1500,193,2025-08-19,2026-06-24,Private,Admitted
2241,33,2024-07-12,2026-07-05,Emergency,Under Observation
1892,63,2025-08-12,2026-07-08,General,Under Observation
2638,170,2025-07-31,2026-06-15,General,Admitted
2125,190,2024-06-22,2026-06-20,ICU,Under Observation
2200,103,2026-01-25,2026-06-11,ICU,Admitted
1069,47,2026-02-02,2026-07-06,General,Under Observation
1510,195,2024-07-07,2026-07-02,ICU,Admitted
2605,35,2024-08-31,2026-06-10,ICU,Under Observation
659,86,2026-02-28,2026-06-15,General,Admitted
1457,16,2025-04-22,2026-06-16,General,Discharged
2540,130,2026-01-01,2026-06-13,ICU,Admitted
1069,124,2025-06-25,2026-07-05,Emergency,Admitted
275,104,2026-03-17,2026-07-07,Emergency,Under Observation
597,3,2025-12-06,2026-06-22,ICU,Admitted
1463,67,2026-02-12,2026-07-06,Emergency,Under Observation
665,99,2026-05-02,2026-06-27,Private,Admitted
2041,12,2024-09-07,2026-07-06,ICU,Discharged
305,41,2024-10-19,2026-06-12,Emergency,Discharged
1720,24,2025-10-26,2026-07-06,ICU,Under Observation
1944,19,2025-11-25,2026-07-08,Private,Discharged
1693,34,2026-01-23,2026-06-11,Private,Discharged
1202,112,2025-01-03,2026-06-09,Emergency,Under Observation
239,142,2025-07-18,2026-06-30,ICU,Admitted
2447,101,2025-10-05,2026-06-22,General,Under Observation
2118,87,2025-07-04,2026-06-18,General,Discharged
2315,146,2025-06-15,2026-06-29,ICU,Admitted
1063,121,2026-05-13,2026-07-08,General,Discharged
2875,79,2026-02-25,2026-07-06,General,Discharged
1237,174,2024-08-27,2026-06-19,ICU,Admitted
2098,58,2025-01-22,2026-06-17,Private,Discharged
2010,92,2025-07-06,2026-06-23,General,Admitted
2352,128,2024-07-10,2026-06-16,Private,Under Observation
1409,19,2025-11-26,2026-06-13,Private,Discharged
2837,93,2024-11-30,2026-06-13,Private,Under Observation
2432,59,2024-08-30,2026-07-02,ICU,Discharged
2846,80,2025-07-17,2026-06-27,General,Admitted
765,187,2024-08-11,2026-06-27,ICU,Admitted
1062,157,2026-01-28,2026-06-27,ICU,Discharged
562,197,2026-04-03,2026-06-16,Emergency,Under Observation
57,97,2026-06-04,2026-07-04,Private,Admitted
2663,123,2025-06-25,2026-06-29,Private,Admitted
2677,91,2025-11-08,2026-07-07,ICU,Discharged
699,117,2025-03-23,2026-06-26,Private,Discharged
1474,46,2024-06-08,2026-06-27,Emergency,Discharged
1391,5,2026-03-03,2026-06-10,Emergency,Under Observation
2197,74,2024-11-19,2026-06-19,Emergency,Discharged
1277,61,2026-02-24,2026-06-12,Private,Admitted
2531,100,2026-06-07,2026-07-03,General,Under Observation
2422,41,2025-12-11,2026-06-15,Emergency,Discharged
1726,166,2024-06-25,2026-06-10,ICU,Under Observation
1947,162,2024-09-03,2026-06-21,ICU,Admitted
2412,169,2026-01-29,2026-07-03,General,Discharged
1548,124,2026-02-22,2026-07-04,General,Admitted
1521,58,2024-08-05,2026-06-19,ICU,Admitted
1714,57,2025-12-27,2026-06-10,Emergency,Discharged
2507,98,2025-11-10,2026-07-06,General,Discharged
2258,152,2025-09-04,2026-06-17,ICU,Admitted
2993,174,2024-06-24,2026-06-22,Private,Admitted
1896,35,2025-12-28,2026-07-07,General,Discharged
2521,60,2025-03-08,2026-06-17,Private,Admitted
192,100,2026-02-09,2026-06-30,Emergency,Under Observation
2846,134,2025-06-07,2026-06-09,General,Under Observation
1980,187,2026-01-31,2026-06-24,Private,Admitted
2635,23,2026-01-28,2026-06-25,Private,Discharged
1867,54,2025-10-05,2026-06-21,Private,Discharged
653,41,2024-11-29,2026-06-26,Emergency,Admitted
1799,191,2026-02-01,2026-06-15,Private,Discharged
1957,54,2025-09-18,2026-06-27,ICU,Under Observation
2807,56,2025-06-14,2026-06-19,Private,Under Observation
1593,147,2025-07-01,2026-07-08,Emergency,Under Observation
2472,11,2026-05-20,2026-06-10,Emergency,Under Observation
1589,9,2026-01-06,2026-06-11,Private,Admitted
720,121,2025-01-05,2026-06-24,Private,Admitted
373,86,2026-01-03,2026-06-22,Private,Discharged
2107,168,2024-11-23,2026-06-15,ICU,Admitted
202,129,2024-11-07,2026-06-28,Private,Admitted
994,86,2026-05-24,2026-06-22,ICU,Admitted
2188,184,2025-11-19,2026-06-10,General,Admitted
602,178,2024-06-10,2026-07-06,General,Admitted
2090,180,2024-08-16,2026-06-28,ICU,Under Observation
1443,83,2025-11-18,2026-06-14,ICU,Discharged
2556,149,2024-11-18,2026-07-05,General,Discharged
141,162,2026-03-29,2026-06-28,General,Discharged
677,112,2025-12-31,2026-06-15,General,Admitted
820,99,2025-11-09,2026-06-21,Private,Under Observation
2082,39,2025-05-16,2026-06-24,General,Admitted
1384,1,2024-12-31,2026-06-30,General,Admitted
1628,165,2025-05-01,2026-06-22,ICU,Under Observation
271,66,2024-12-15,2026-06-15,ICU,Admitted
773,76,2025-11-11,2026-06-22,Emergency,Admitted
498,156,2026-03-20,2026-06-11,ICU,Admitted
209,148,2024-06-08,2026-07-06,General,Under Observation
439,34,2025-11-16,2026-06-25,Private,Discharged
851,24,2025-12-20,2026-07-04,General,Discharged
403,21,2025-05-25,2026-06-17,Private,Discharged
291,186,2025-02-15,2026-06-29,ICU,Discharged
507,61,2025-12-19,2026-06-12,Emergency,Admitted
509,145,2024-11-03,2026-06-21,General,Admitted
2067,172,2025-12-07,2026-06-30,Private,Admitted
1995,129,2024-06-24,2026-06-30,Emergency,Under Observation
2093,182,2024-09-02,2026-06-25,ICU,Discharged
1145,8,2025-11-15,2026-07-02,Private,Under Observation
1339,49,2026-01-03,2026-06-18,General,Under Observation
2154,89,2026-01-03,2026-06-13,Emergency,Admitted
2618,194,2026-04-25,2026-07-02,ICU,Under Observation
704,43,2026-04-22,2026-06-24,Emergency,Under Observation
48,183,2025-09-20,2026-06-10,ICU,Admitted
2800,59,2024-08-31,2026-06-10,General,Discharged
2152,36,2026-02-08,2026-06-17,Emergency,Discharged
1707,65,2026-05-31,2026-06-29,Emergency,Admitted
1080,25,2025-11-25,2026-07-07,Private,Discharged
2060,37,2024-06-08,2026-06-19,General,Under Observation
733,135,2026-03-18,2026-06-25,Emergency,Admitted
667,44,2026-04-03,2026-07-04,ICU,Under Observation
1944,18,2024-10-02,2026-06-15,Emergency,Admitted
1768,30,2025-04-19,2026-06-14,Private,Discharged
1354,60,2025-06-29,2026-06-11,Emergency,Under Observation
1216,70,2025-05-06,2026-06-17,ICU,Admitted
1086,157,2025-09-19,2026-07-04,ICU,Under Observation
1464,164,2025-07-06,2026-07-03,General,Discharged
2899,9,2025-11-12,2026-06-27,Emergency,Discharged
2959,192,2024-08-01,2026-06-25,ICU,Under Observation
1923,76,2025-12-29,2026-06-10,Emergency,Discharged
1566,149,2025-06-10,2026-07-01,General,Discharged
1311,47,2025-12-09,2026-06-14,General,Under Observation
2460,51,2024-11-02,2026-06-14,ICU,Discharged
2022,21,2025-10-11,2026-06-13,Private,Admitted
603,41,2025-06-25,2026-06-28,Emergency,Under Observation
1229,63,2025-04-22,2026-06-14,Private,Discharged
2000,115,2025-12-16,2026-06-30,Emergency,Discharged
2441,41,2025-01-18,2026-06-10,General,Admitted
307,36,2026-04-27,2026-07-01,ICU,Discharged
2305,145,2024-07-21,2026-06-24,Private,Admitted
1872,18,2024-10-15,2026-06-23,ICU,Discharged
452,139,2026-06-01,2026-06-25,Emergency,Under Observation
391,162,2024-07-26,2026-07-05,General,Admitted
183,72,2024-10-10,2026-06-11,Private,Discharged
483,155,2025-07-02,2026-06-30,Private,Under Observation
142,17,2024-10-22,2026-06-18,ICU,Discharged
2404,76,2025-01-29,2026-06-25,Emergency,Under Observation
2554,12,2024-08-16,2026-06-27,Emergency,Under Observation
2268,86,2024-09-08,2026-06-28,ICU,Discharged
686,153,2025-09-17,2026-07-05,Private,Admitted
1907,130,2025-07-19,2026-06-28,ICU,Admitted
1491,49,2026-01-10,2026-07-06,General,Under Observation
934,119,2025-01-15,2026-06-11,Emergency,Admitted
2332,17,2026-01-09,2026-07-06,ICU,Under Observation
2082,101,2025-01-08,2026-07-05,Emergency,Admitted
2313,43,2025-06-17,2026-07-02,Private,Admitted
2541,20,2024-07-02,2026-06-27,General,Admitted
1144,70,2026-02-20,2026-07-07,Private,Admitted
1880,108,2026-01-25,2026-06-14,ICU,Under Observation
1709,122,2024-12-14,2026-07-07,Emergency,Admitted
1293,177,2025-04-26,2026-06-21,Emergency,Admitted
2911,146,2025-03-29,2026-06-13,Emergency,Discharged
688,10,2025-07-13,2026-06-24,Private,Admitted
791,66,2026-05-24,2026-06-21,Emergency,Under Observation
911,112,2024-12-04,2026-06-28,Private,Under Observation
2351,21,2024-12-06,2026-06-09,Emergency,Under Observation
989,158,2025-05-19,2026-06-11,General,Discharged
2964,61,2024-07-29,2026-06-13,General,Under Observation
2602,69,2026-06-02,2026-06-14,ICU,Discharged
2823,8,2024-11-12,2026-06-21,ICU,Under Observation
2559,114,2025-10-07,2026-07-01,ICU,Admitted
1050,93,2025-06-24,2026-06-09,ICU,Admitted
1062,178,2024-09-28,2026-06-13,ICU,Under Observation
1404,163,2025-04-16,2026-06-09,General,Discharged
1218,134,2024-11-25,2026-06-11,ICU,Admitted
713,90,2025-10-02,2026-07-01,Emergency,Admitted
405,101,2024-12-26,2026-06-30,General,Discharged
2938,194,2026-05-03,2026-07-07,ICU,Under Observation
722,119,2024-08-06,2026-06-24,General,Discharged
1415,177,2026-01-18,2026-06-26,Private,Admitted
1819,12,2024-12-02,2026-06-30,ICU,Admitted
2655,11,2025-06-24,2026-06-28,General,Discharged
971,188,2025-12-22,2026-06-24,Private,Admitted
1889,20,2024-09-27,2026-07-02,General,Under Observation
1207,37,2025-02-07,2026-06-09,Emergency,Discharged
2663,31,2026-01-14,2026-06-17,Emergency,Admitted
2817,3,2025-12-16,2026-07-04,ICU,Discharged
1773,182,2025-03-06,2026-07-04,ICU,Under Observation
2039,120,2025-05-22,2026-06-11,General,Discharged
1031,44,2025-01-03,2026-06-09,General,Admitted
1551,59,2026-06-03,2026-06-23,ICU,Admitted
309,177,2025-02-20,2026-06-16,Emergency,Discharged
1585,41,2025-06-28,2026-07-02,ICU,Under Observation
2159,86,2024-12-13,2026-07-04,Private,Under Observation
1806,194,2025-11-04,2026-06-14,General,Discharged
145,24,2026-03-08,2026-06-20,General,Under Observation
858,10,2024-08-25,2026-07-02,ICU,Admitted
762,42,2025-03-11,2026-06-28,Private,Discharged
2117,63,2025-01-15,2026-06-30,ICU,Under Observation
401,64,2025-07-24,2026-06-13,Emergency,Admitted
2158,165,2024-06-20,2026-06-19,ICU,Admitted
2510,168,2025-06-08,2026-07-01,General,Admitted
2982,138,2025-10-04,2026-06-26,General,Under Observation
270,133,2025-07-17,2026-06-09,Emergency,Under Observation
1086,145,2025-03-11,2026-06-24,ICU,Admitted
548,200,2024-08-17,2026-06-27,General,Discharged
2951,95,2025-05-19,2026-06-22,General,Under Observation
603,112,2026-05-24,2026-06-18,ICU,Under Observation
1675,16,2025-02-24,2026-06-18,Private,Admitted
2918,63,2025-02-20,2026-07-06,Emergency,Admitted
421,143,2025-05-10,2026-06-20,General,Under Observation
2847,5,2024-12-26,2026-06-12,Private,Admitted
1697,35,2026-04-05,2026-06-13,ICU,Discharged
2602,16,2025-10-24,2026-06-19,Emergency,Under Observation
729,138,2025-05-25,2026-06-30,Private,Under Observation
2715,125,2026-04-27,2026-06-18,General,Under Observation
640,57,2025-05-19,2026-06-23,ICU,Discharged
1461,3,2025-12-22,2026-06-24,General,Admitted
722,84,2026-03-13,2026-06-23,General,Admitted
1029,151,2026-05-02,2026-07-02,General,Discharged
1802,103,2024-11-01,2026-06-18,General,Discharged
1974,2,2024-09-19,2026-06-22,Emergency,Under Observation
190,199,2025-09-16,2026-06-18,Private,Admitted
1642,126,2025-01-22,2026-07-05,ICU,Under Observation
42,139,2024-12-12,2026-06-23,Emergency,Under Observation
2482,53,2026-02-21,2026-06-19,Emergency,Under Observation
200,184,2026-02-02,2026-06-25,Private,Discharged
465,187,2024-12-11,2026-06-24,Private,Discharged
2788,195,2026-04-14,2026-06-26,Private,Admitted
1829,44,2025-03-16,2026-06-13,General,Discharged
190,30,2024-11-02,2026-07-08,Private,Admitted
1620,106,2025-01-14,2026-06-14,Emergency,Discharged
126,116,2025-07-08,2026-06-24,Private,Under Observation
2642,44,2025-08-16,2026-06-29,General,Under Observation
1945,45,2025-09-24,2026-06-26,ICU,Discharged
2613,7,2025-01-09,2026-06-27,Private,Admitted
769,31,2025-07-18,2026-06-09,Emergency,Under Observation
2778,58,2024-07-24,2026-06-11,General,Admitted
2454,188,2026-02-22,2026-06-25,Emergency,Discharged
1422,27,2024-06-16,2026-07-01,General,Discharged
2648,180,2025-07-21,2026-06-21,Private,Discharged
2147,107,2024-11-15,2026-06-21,General,Admitted
2190,46,2024-11-29,2026-06-10,ICU,Discharged
1285,105,2025-05-15,2026-07-02,ICU,Discharged
1607,104,2025-05-25,2026-06-11,Private,Discharged
2614,124,2026-02-14,2026-06-09,Private,Under Observation
1802,75,2025-10-02,2026-06-29,General,Admitted
2185,197,2026-06-01,2026-06-09,Emergency,Under Observation
2967,114,2026-05-13,2026-06-19,General,Admitted
168,149,2025-01-30,2026-07-06,Emergency,Under Observation
272,120,2026-05-13,2026-06-17,Private,Discharged
1645,2,2026-03-10,2026-06-25,Emergency,Admitted
1286,74,2025-08-26,2026-07-02,Private,Admitted
1302,163,2025-08-08,2026-06-13,ICU,Admitted
1723,185,2024-08-25,2026-06-16,General,Discharged
523,120,2025-01-26,2026-06-16,Private,Under Observation
82,139,2026-01-22,2026-06-17,ICU,Under Observation
330,75,2026-03-29,2026-06-23,General,Admitted
843,1,2025-10-14,2026-06-22,Private,Under Observation
2946,148,2024-09-19,2026-07-02,General,Discharged
828,90,2024-09-11,2026-06-27,Private,Discharged
795,24,2025-12-20,2026-07-06,Private,Admitted
2440,22,2025-12-11,2026-07-06,ICU,Admitted
2915,30,2026-01-04,2026-07-05,General,Discharged
2007,67,2024-11-07,2026-06-11,Private,Under Observation
1713,101,2024-09-06,2026-06-18,ICU,Under Observation
2735,88,2026-05-18,2026-06-26,ICU,Admitted
2856,69,2025-05-28,2026-07-05,General,Discharged
1315,100,2024-07-18,2026-06-30,Private,Under Observation
722,132,2024-08-01,2026-06-15,General,Discharged
665,45,2025-04-20,2026-07-02,Emergency,Discharged
1599,74,2025-10-10,2026-06-27,Emergency,Admitted
1388,118,2025-04-26,2026-06-18,General,Under Observation
84,89,2026-02-23,2026-06-16,General,Discharged
974,170,2025-06-20,2026-07-04,General,Under Observation
2266,154,2025-01-22,2026-06-23,Private,Admitted
1600,63,2024-12-22,2026-06-13,ICU,Discharged
669,137,2024-11-22,2026-06-25,ICU,Discharged
2719,171,2025-10-11,2026-06-20,ICU,Admitted
1036,143,2026-03-26,2026-06-26,General,Admitted
527,12,2025-02-20,2026-06-15,General,Under Observation
516,172,2025-11-03,2026-06-29,Emergency,Under Observation
2160,133,2025-02-21,2026-07-07,ICU,Discharged
1798,109,2026-05-22,2026-06-27,ICU,Discharged
881,86,2025-06-16,2026-06-16,Private,Under Observation
112,114,2025-03-20,2026-06-13,Private,Discharged
2655,192,2025-02-07,2026-06-09,ICU,Admitted
1038,48,2024-11-19,2026-06-14,ICU,Admitted
1201,27,2026-05-25,2026-06-19,Emergency,Admitted
2427,169,2025-02-24,2026-06-11,Private,Under Observation
716,180,2025-12-12,2026-07-02,Emergency,Admitted
500,185,2026-01-27,2026-06-28,Private,Under Observation
2610,95,2026-04-16,2026-06-13,ICU,Discharged
68,69,2026-05-20,2026-07-08,General,Discharged
329,166,2024-11-22,2026-06-12,General,Under Observation
1875,102,2024-06-20,2026-06-14,ICU,Discharged
2685,109,2025-07-22,2026-06-16,General,Under Observation
338,179,2024-08-03,2026-06-19,ICU,Discharged
2675,17,2025-04-07,2026-06-16,ICU,Admitted
1256,156,2026-02-10,2026-06-18,ICU,Under Observation
126,135,2024-06-11,2026-06-24,Private,Discharged
1546,78,2025-04-06,2026-07-06,General,Discharged
2265,14,2024-10-25,2026-06-10,ICU,Admitted
431,106,2024-09-21,2026-06-26,General,Discharged
953,13,2026-04-24,2026-06-15,General,Discharged
2436,159,2025-07-07,2026-06-18,General,Discharged
484,194,2024-08-17,2026-07-01,ICU,Discharged
1059,89,2024-08-31,2026-06-16,ICU,Admitted
1396,155,2025-02-28,2026-06-20,ICU,Discharged
212,125,2026-05-29,2026-06-24,Private,Under Observation
1983,12,2025-03-14,2026-06-20,General,Admitted
2348,59,2024-08-19,2026-06-15,ICU,Discharged
2738,16,2025-09-25,2026-07-02,Emergency,Under Observation
1304,197,2024-11-04,2026-06-12,General,Admitted
1028,46,2026-04-09,2026-06-13,ICU,Admitted
2035,150,2026-05-09,2026-06-16,General,Discharged
2546,66,2024-06-25,2026-06-20,Emergency,Discharged
1671,7,2026-04-11,2026-06-30,ICU,Under Observation
1851,168,2024-09-25,2026-06-28,Emergency,Discharged
1559,152,2025-10-06,2026-06-18,Emergency,Under Observation
1540,124,2025-10-05,2026-07-06,ICU,Admitted
484,154,2025-04-25,2026-06-22,ICU,Discharged
1661,29,2025-06-24,2026-07-04,Emergency,Under Observation
2311,159,2026-05-11,2026-07-03,Private,Admitted
1162,190,2026-05-13,2026-06-27,Emergency,Admitted
1868,58,2025-02-05,2026-07-05,ICU,Admitted
940,85,2025-09-29,2026-06-17,General,Under Observation
1197,113,2024-07-27,2026-06-10,General,Under Observation
2591,3,2024-07-25,2026-06-16,ICU,Admitted
2194,67,2025-11-30,2026-06-30,Private,Discharged
2812,150,2025-03-26,2026-06-24,Private,Admitted
447,102,2025-06-04,2026-07-05,Emergency,Admitted
1412,128,2025-03-10,2026-06-22,Private,Discharged
2636,138,2026-04-03,2026-06-20,Emergency,Under Observation
1609,75,2026-04-09,2026-06-28,Emergency,Admitted
1401,102,2026-04-05,2026-07-01,ICU,Under Observation
761,189,2026-01-04,2026-06-21,General,Under Observation
1508,30,2026-05-09,2026-06-25,General,Discharged
2110,151,2024-12-29,2026-06-24,General,Under Observation
147,183,2025-07-30,2026-06-19,Emergency,Discharged
2956,122,2025-06-19,2026-06-19,Private,Discharged
974,164,2025-05-10,2026-07-03,Emergency,Admitted
2423,151,2026-05-15,2026-07-03,ICU,Under Observation
169,25,2024-07-27,2026-07-03,ICU,Discharged
765,144,2026-05-19,2026-06-29,General,Discharged
949,107,2026-01-08,2026-06-18,ICU,Under Observation
2430,196,2025-01-17,2026-06-26,General,Admitted
1456,97,2025-03-24,2026-06-09,Private,Discharged
729,86,2025-04-28,2026-06-16,Emergency,Under Observation
1340,3,2026-03-06,2026-06-28,Private,Under Observation
1613,39,2024-07-03,2026-06-25,General,Discharged
1964,199,2025-03-09,2026-07-04,ICU,Admitted
2177,146,2026-04-08,2026-06-29,General,Under Observation
2086,104,2026-05-25,2026-07-03,ICU,Under Observation
2852,5,2025-05-04,2026-06-14,Emergency,Under Observation
1512,174,2025-12-14,2026-06-18,General,Under Observation
1322,72,2025-03-26,2026-07-08,ICU,Discharged
2274,187,2024-07-15,2026-06-18,Emergency,Under Observation
1172,148,2024-12-19,2026-06-21,ICU,Under Observation
176,141,2026-01-28,2026-07-01,Private,Under Observation
760,47,2026-04-12,2026-07-05,Private,Discharged
338,28,2025-06-05,2026-06-13,ICU,Under Observation
2254,62,2024-10-06,2026-06-26,ICU,Discharged
1152,101,2025-04-22,2026-06-18,ICU,Discharged
2893,106,2025-01-30,2026-06-22,General,Admitted
290,152,2025-07-18,2026-06-29,Emergency,Admitted
1719,28,2024-09-22,2026-06-11,General,Under Observation
178,62,2026-04-30,2026-07-08,General,Under Observation
1518,107,2026-03-20,2026-06-22,General,Admitted
2755,140,2025-08-18,2026-06-16,ICU,Discharged
2441,124,2025-08-31,2026-06-25,General,Discharged
999,41,2024-10-30,2026-06-20,ICU,Admitted
1969,166,2024-12-27,2026-06-19,ICU,Discharged
1580,5,2026-04-11,2026-06-14,ICU,Discharged
148,4,2025-02-08,2026-06-18,ICU,Admitted
1173,8,2025-11-29,2026-07-07,ICU,Discharged
1158,161,2026-01-01,2026-07-08,ICU,Admitted
2405,51,2025-10-28,2026-06-18,Private,Under Observation
1742,167,2025-06-07,2026-06-25,Emergency,Discharged
2698,5,2025-11-02,2026-06-14,Emergency,Discharged
459,108,2026-03-30,2026-06-22,Private,Under Observation
281,172,2025-07-12,2026-06-20,Private,Discharged
2262,11,2024-11-11,2026-06-19,Emergency,Under Observation
150,59,2024-12-25,2026-06-12,Private,Under Observation
1916,140,2026-02-13,2026-06-30,Private,Under Observation
1303,30,2025-03-27,2026-06-17,General,Discharged
354,143,2025-01-28,2026-07-07,Emergency,Discharged
2481,30,2025-08-08,2026-07-03,Private,Under Observation
2754,152,2024-12-15,2026-06-14,Private,Admitted
1216,78,2024-06-10,2026-06-18,Emergency,Under Observation
2504,11,2026-04-24,2026-07-03,General,Admitted
1277,103,2024-06-27,2026-06-20,ICU,Under Observation
685,127,2024-10-01,2026-06-22,ICU,Admitted
1493,103,2025-12-21,2026-06-30,ICU,Admitted
2634,134,2025-05-21,2026-07-01,Private,Discharged
1896,140,2024-08-06,2026-06-21,Emergency,Under Observation
937,6,2025-06-15,2026-07-04,Private,Under Observation
2576,182,2025-11-24,2026-06-30,Emergency,Under Observation
2903,58,2024-12-15,2026-06-19,General,Admitted
1884,25,2026-02-15,2026-07-08,Emergency,Discharged
817,47,2024-12-22,2026-06-13,ICU,Under Observation
2057,5,2024-11-11,2026-06-20,ICU,Admitted
683,185,2026-02-25,2026-07-01,Private,Discharged
988,151,2025-11-08,2026-06-11,General,Under Observation
2429,174,2026-02-17,2026-06-22,General,Under Observation
512,124,2024-06-20,2026-07-07,Emergency,Discharged
68,26,2025-11-03,2026-06-18,Emergency,Discharged
345,123,2025-09-04,2026-06-09,ICU,Under Observation
2749,48,2025-04-23,2026-06-27,ICU,Admitted
2850,68,2024-10-17,2026-06-27,Emergency,Discharged
1788,98,2026-02-07,2026-06-16,ICU,Admitted
2746,139,2024-12-12,2026-06-21,Emergency,Discharged
1387,23,2025-11-30,2026-06-17,Private,Under Observation
1757,63,2026-02-05,2026-06-13,ICU,Under Observation
2803,97,2025-05-10,2026-07-08,General,Admitted
1577,142,2026-05-22,2026-06-21,Private,Admitted
1711,78,2024-06-30,2026-06-26,ICU,Admitted
1866,154,2025-05-11,2026-06-22,General,Under Observation
1584,184,2024-11-28,2026-06-21,Private,Admitted
2086,85,2024-09-15,2026-07-07,ICU,Discharged
498,88,2025-01-13,2026-06-25,General,Discharged
768,43,2026-04-03,2026-06-28,General,Admitted
2001,10,2025-09-07,2026-06-16,General,Discharged
645,120,2026-05-08,2026-06-26,Emergency,Under Observation
1335,99,2025-11-18,2026-06-14,ICU,Admitted
1529,146,2024-12-05,2026-06-19,Private,Under Observation
426,199,2025-09-24,2026-06-25,General,Under Observation
997,80,2025-12-22,2026-07-02,Emergency,Discharged
129,61,2025-11-15,2026-06-09,ICU,Discharged
2096,31,2024-07-19,2026-06-30,General,Discharged
563,19,2025-05-31,2026-06-28,Private,Admitted
1294,166,2025-04-26,2026-06-17,General,Discharged
2691,181,2024-10-10,2026-06-17,Emergency,Discharged
1444,96,2025-04-10,2026-06-25,Private,Discharged
245,114,2025-04-16,2026-06-18,General,Under Observation
128,60,2026-02-23,2026-06-20,ICU,Discharged
99,105,2024-07-31,2026-06-24,Emergency,Under Observation
2824,155,2024-08-11,2026-06-24,General,Discharged
892,12,2025-08-31,2026-06-19,Emergency,Under Observation
826,114,2025-03-18,2026-07-07,ICU,Admitted
1166,53,2025-02-18,2026-06-22,Emergency,Discharged
2348,127,2026-01-25,2026-06-14,General,Discharged
2451,100,2025-09-02,2026-06-12,ICU,Under Observation
2357,61,2024-11-23,2026-06-24,Emergency,Admitted
1890,128,2025-06-18,2026-06-23,ICU,Discharged
2321,84,2024-06-13,2026-07-04,ICU,Discharged
2295,95,2024-07-27,2026-07-02,Emergency,Discharged
1465,89,2025-12-25,2026-07-04,General,Under Observation
2652,173,2024-10-27,2026-07-01,General,Discharged
980,39,2025-07-08,2026-06-21,ICU,Under Observation
2168,101,2024-08-23,2026-06-23,Private,Admitted
561,44,2024-10-24,2026-06-14,General,Admitted
2188,5,2025-11-27,2026-06-13,Private,Discharged
812,37,2024-07-08,2026-07-04,Emergency,Discharged
2525,116,2025-03-30,2026-06-13,ICU,Admitted
1730,64,2025-03-26,2026-06-19,Emergency,Discharged
162,18,2026-05-18,2026-06-30,Emergency,Admitted
2589,119,2024-08-25,2026-06-18,Private,Under Observation
1982,185,2025-11-01,2026-07-08,Emergency,Admitted
2720,135,2025-11-25,2026-06-26,Emergency,Under Observation
274,60,2025-06-06,2026-07-03,Emergency,Under Observation
2963,150,2024-12-09,2026-06-29,ICU,Under Observation
489,49,2024-11-24,2026-06-12,Emergency,Discharged
1837,102,2025-05-13,2026-06-17,ICU,Discharged
1575,117,2025-08-21,2026-06-24,Private,Discharged
2855,115,2024-09-06,2026-06-30,Emergency,Admitted
1002,182,2025-08-02,2026-07-07,ICU,Under Observation
2048,52,2025-01-20,2026-06-19,Private,Admitted
1395,36,2025-08-11,2026-06-17,General,Admitted
2288,100,2024-09-22,2026-06-12,ICU,Discharged
6,155,2024-12-08,2026-07-01,General,Admitted
1904,108,2024-08-15,2026-06-11,Emergency,Admitted
2957,145,2024-11-24,2026-06-29,Emergency,Discharged
2813,156,2024-11-27,2026-06-27,General,Discharged
2942,163,2025-08-04,2026-06-25,Emergency,Discharged
463,6,2026-04-25,2026-06-24,ICU,Discharged
763,21,2025-01-24,2026-06-15,Emergency,Discharged
640,172,2026-03-29,2026-06-15,ICU,Discharged
1457,116,2025-10-29,2026-06-27,General,Admitted
1710,173,2025-04-11,2026-07-06,Emergency,Admitted
714,161,2025-06-13,2026-07-08,General,Discharged
2401,3,2026-01-11,2026-06-13,General,Admitted
258,21,2024-07-22,2026-07-01,Private,Under Observation
2628,85,2025-11-15,2026-06-11,ICU,Admitted
2919,66,2025-05-14,2026-06-09,General,Under Observation
65,148,2025-12-04,2026-06-10,ICU,Discharged
1710,143,2026-01-09,2026-06-15,General,Discharged
1545,81,2024-06-21,2026-06-25,Private,Under Observation
1372,48,2024-07-04,2026-06-12,General,Under Observation
860,125,2026-05-04,2026-06-29,Emergency,Discharged
2706,184,2025-11-14,2026-07-08,Emergency,Under Observation
65,126,2025-04-19,2026-06-27,General,Under Observation
790,191,2025-10-17,2026-06-17,ICU,Discharged
809,75,2026-01-06,2026-06-13,Private,Under Observation
839,32,2024-11-12,2026-06-25,General,Admitted
2910,75,2025-01-10,2026-06-20,Emergency,Under Observation
2996,61,2025-06-08,2026-06-30,Emergency,Under Observation
370,59,2025-09-12,2026-07-08,Private,Under Observation
